number,value,datetime_start,datetime_complete,duration,params_BOUGUER,params_CRUST_RHO,params_CTD,params_DEM,params_EMAG2_LOG,params_FREE_AIR,params_GEOID,params_LAB,params_LITH_RHO,params_MAG_SEIS_MOHO,params_MOHO,params_MOHO_GRAV,params_REVEAL_P120,params_REVEAL_P150,params_REVEAL_P180,params_REVEAL_P210,params_REVEAL_P40,params_REVEAL_P60,params_REVEAL_P90,params_REVEAL_P_DIFF_40_60,params_REVEAL_S100,params_REVEAL_S140,params_REVEAL_S200,params_REVEAL_S220,params_REVEAL_S50,params_REVEAL_S80,params_REVEAL_S90,params_REVEAL_S_DIFF_200_220,params_REVEAL_VP60VS70,params_REVEAL_VP90VS60,params_REVEAL_VPVS_DIFF,params_SEDIMENT,params_SI,system_attrs_fixed_params,state
0,0.36138937429795426,2026-04-16 06:56:29.525100,2026-04-16 06:58:53.844466,0 days 00:02:24.319366,1.0,1.0,1.0,1.0,1.0,1.0,1.0,1.0,1.0,1.0,1.0,1.0,1.0,1.0,1.0,1.0,1.0,1.0,1.0,1.0,1.0,1.0,1.0,1.0,1.0,1.0,1.0,1.0,1.0,1.0,1.0,1.0,1.0,"{'REVEAL_P90': 1.0, 'REVEAL_P60': 1.0, 'SEDIMENT': 1.0, 'REVEAL_P40': 1.0, 'CTD': 1.0, 'CRUST_RHO': 1.0, 'SI': 1.0, 'GEOID': 1.0, 'REVEAL_S80': 1.0, 'REVEAL_VP90VS60': 1.0, 'DEM': 1.0, 'REVEAL_S100': 1.0, 'REVEAL_S200': 1.0, 'REVEAL_S140': 1.0, 'REVEAL_VP60VS70': 1.0, 'REVEAL_VPVS_DIFF': 1.0, 'REVEAL_S_DIFF_200_220': 1.0, 'REVEAL_P120': 1.0, 'REVEAL_P210': 1.0, 'FREE_AIR': 1.0, 'EMAG2_LOG': 1.0, 'MAG_SEIS_MOHO': 1.0, 'MOHO': 1.0, 'REVEAL_S90': 1.0, 'LITH_RHO': 1.0, 'REVEAL_S50': 1.0, 'LAB': 1.0, 'REVEAL_P180': 1.0, 'MOHO_GRAV': 1.0, 'REVEAL_P150': 1.0, 'REVEAL_P_DIFF_40_60': 1.0, 'BOUGUER': 1.0, 'REVEAL_S220': 1.0}",COMPLETE
1,0.3716182924282381,2026-04-16 06:58:53.847520,2026-04-16 07:01:15.726724,0 days 00:02:21.879204,0.1948567125127257,0.18408992080552522,0.18410729205738682,0.10838581269344748,1.0952662748632553,0.31245650712608714,2.962151658830349,0.21839352923182975,0.5954553793888989,0.17258215396625,0.3135775732257744,1.0150667045928572,0.7790143126276238,0.11992724522955164,0.7475992999956502,0.541828231953324,1.040166367988731,4.123206532618726,0.432845022129388,1.0769622478263126,4.44475416669081,0.22948683681130555,2.595942550311263,0.12897950480855533,2.157696745589682,1.0502105436744278,0.4192159350410975,0.32877474139911184,0.20366442026830908,1.5958573588141265,0.20492680115417347,1.7524101118128137,0.1255111517297383,,COMPLETE
2,0.35340115156448004,2026-04-16 07:01:15.728608,2026-04-16 07:03:39.266655,0 days 00:02:23.538047,0.3001230180898044,1.4537555576161922,0.1465352103067214,3.5067764992972172,3.3134836155089475,3.946212980759093,0.16119044727609197,0.35704789209099796,0.21526280972215278,1.0370844668954533,3.683296438423419,0.28907721743726744,4.439102767051396,2.558586885593424,0.45745782054754014,2.074566765675251,0.3292529363110524,4.370990468130502,4.09381360859878,0.4037506188440754,0.27520696850790527,0.3385226783451977,1.3353819088790582,0.8356499023325523,0.11935477742481386,0.6938901412739394,0.1413663700812185,0.20609249413202357,0.7648565112369945,0.11439974749291269,0.8488762161408708,2.3628864184236402,0.5595074635794794,,COMPLETE
3,0.3568204640210532,2026-04-16 07:03:39.270992,2026-04-16 07:05:59.004959,0 days 00:02:19.733967,0.5325732706437204,0.21757649801197562,2.051259942215136,2.043455498416139,1.7361170890393296,0.3568426123255424,2.4290950368254953,1.9613313824155445,0.15965665886173755,1.2111307195599326,3.216235469207419,2.0410334065257048,0.12822825454807552,0.6901506581791922,0.8986552644007192,0.3375589571206083,4.749974771378395,2.306261812167793,0.17355056469855074,0.7728716861851782,0.13359790328445564,0.15734685129393672,0.4064644058668375,0.11045524260304719,1.6284765129487637,1.5882886211970033,0.6342770438858341,0.36491004518573583,2.9267581150621287,1.7320535358459537,1.1454201562599386,0.13386261584543913,0.10218376758008087,,COMPLETE
4,0.3636463861786262,2026-04-16 07:05:59.005950,2026-04-16 07:08:19.120894,0 days 00:02:20.114944,0.5118807219845012,3.482797436617689,0.73121711727864,0.13514082247401413,0.8247575333443021,3.284210350911731,0.49799877736850856,0.5316714274124602,0.1538065811598201,2.3540549916739844,3.3299080375866614,2.899715852166587,2.3196088229293594,0.10275701058256682,2.453480159918335,0.20748033175894867,0.3420435321164826,0.11308297976636,0.15251209898002926,0.7374699809816788,0.3106554858581908,3.797767944247853,0.1878927968546051,0.23842649129817403,0.24392426447067803,1.9215811115723025,0.34695916603302895,3.024025177405686,2.360327600127808,0.24474916579073802,1.1916095713775827,1.2057081573389115,0.26517954410462846,,COMPLETE
5,0.33023968825686306,2026-04-16 07:08:19.122117,2026-04-16 07:10:41.756593,0 days 00:02:22.634476,0.8133268642646567,1.5646172845245514,0.7610438922351125,0.699536365395908,0.17626741740706342,0.25527510672017345,4.477427984113195,0.2533605885076776,1.3865582968261485,0.6785245383889537,4.727053921131418,0.42155331669491175,0.2974486379287082,1.1865024511462618,1.7267033554444338,3.4923398229690443,0.35408871584750534,0.37462611558389586,0.1598260858385584,1.1921968649009667,0.32447648098898546,0.1155233613914713,0.30474420508418104,0.14236381287235736,1.9677452882613438,4.31687113842961,0.25777728526856764,0.12230968684637636,1.0855042274745075,0.26777533310313256,0.7145565133513968,3.999220074578463,0.4147589698454849,,COMPLETE
6,0.34903623744636536,2026-04-16 07:10:41.757380,2026-04-16 07:13:02.618259,0 days 00:02:20.860879,1.7115000764688548,1.416320452869399,1.0090423315981845,0.19780776349405252,1.3221876538695285,0.27430586177787175,0.7413627235366395,3.3445882537423945,0.25757267464272166,2.445884838854264,0.8775452610882297,1.1902012049596233,3.7241461894928167,0.3767050528609561,3.3867510216238226,3.0943771470831383,0.11729398526129194,0.3507484078994471,2.625148553475693,0.3920095005479951,1.492390555251755,3.903697468383557,0.45399571411797673,3.3432081915002594,0.1439391089327091,0.2425546071605745,0.7940730292120066,0.15587917868879184,0.17125527562127538,1.2477547117579695,0.3797182755664948,0.2074384957294224,0.10670437436886865,,COMPLETE
7,0.3655455761039911,2026-04-16 07:13:02.620144,2026-04-16 07:15:25.227338,0 days 00:02:22.607194,1.1810970754652488,3.36214634822542,0.1881925110523379,0.10199983732585115,1.2697166345350421,1.8546693963465997,0.1036634157292471,0.2822090051553566,0.14426155883642527,2.7720757993795844,1.3099797385674432,4.498997443951861,0.25297586129952526,0.46543736260056773,0.25973536453725443,0.35714479620010053,0.13897967017840054,2.113416820082882,3.2146465264678445,3.2776331220237247,0.18758929697854748,1.4979909410671277,0.8556226023737441,2.2405805612946135,0.4214422962057286,0.1487294964712418,0.9237177101041923,1.621702307943825,1.2813348073648008,1.3405085969289574,0.24045113403355006,1.2325158377757162,1.0722715472299058,,COMPLETE
8,0.35035486038569247,2026-04-16 07:15:25.228410,2026-04-16 07:17:45.284952,0 days 00:02:20.056542,0.17298105438684686,0.2999327032958846,1.6882022447363862,4.1753803075184335,0.45109653340121175,0.31641701954844287,1.2492175283159117,1.5224174271071171,0.8830568083719574,2.7929018550910776,0.34549437457269533,0.1462513716989619,4.336720537130749,1.1088653955197347,0.9300725537404403,2.81343883728721,0.2146406524604869,0.9553057578887411,0.7144393131097432,4.809188434406937,3.583662952414401,0.1062332156990954,0.42548918777106237,0.759672721122477,3.89492303883841,0.19994278254364248,0.19407209432804684,4.38851454510497,3.7773340393735215,3.961055478182881,0.5339148796046899,0.6867090776580449,0.10997959032388707,,COMPLETE
9,0.3243078356770971,2026-04-16 07:17:45.285693,2026-04-16 07:20:05.578788,0 days 00:02:20.293095,0.7713928938790778,0.3153579159668689,0.40809820330120644,0.7391888334744298,0.9604629436055062,0.14443501695377814,2.378802343466695,0.11267277996879667,0.3067785513876969,0.11509722292608278,0.6180691498776408,2.497892120906854,0.3751834158446108,0.409216461404211,0.11573199841119607,0.4346144590956211,1.5613468349331552,1.8136089975611087,3.094785346274657,0.1643887146465753,0.7113136476036263,1.2713619874715776,2.271326477723069,2.0332742012972784,1.0088067681178658,2.972554739324683,0.8354817300713056,3.2515645455920947,1.5581909172350805,3.560969923212881,2.2491989652673565,1.5283007861169702,2.3718123485461646,,COMPLETE
10,0.34751152361736004,2026-04-16 07:20:05.579687,2026-04-16 07:22:28.856772,0 days 00:02:23.277085,3.686479188303165,0.116357117274778,0.3085303885624059,0.299919317854365,0.29846690821455973,0.10419932489181827,0.35326009150373755,0.10423365961745723,4.4701665910224975,0.12020998482796215,0.12288302423733935,0.540950724925005,1.0121683418163723,0.10116148148868637,0.3221847557630197,0.10845376597090524,2.371707297862876,3.845072704730258,0.33803867040308355,2.1046759147074474,4.044849285259282,0.34813656113090036,3.6819897147088714,0.30153723626335494,4.772360463447634,0.4997160992000612,3.0282893637997015,0.4362338522991398,0.2298889558691448,0.4415056067156836,0.10918855005360101,0.4231156845697542,4.271906202534824,,COMPLETE
11,0.3680664542826776,2026-04-16 07:22:28.858679,2026-04-16 07:24:50.736613,0 days 00:02:21.877934,0.10600021319893158,4.821715355179509,0.10536377430508152,0.1288937933361543,2.849870664066375,1.3779583277919942,0.12304103238825242,0.22974845980440042,0.5454275503646467,0.31659126820980266,0.2326442274944728,4.482773059870434,0.4028520361797542,0.23035776700363902,0.18192729748999448,0.8366977313959941,0.6298613471061977,2.1883912400191363,1.3472696319928577,3.821243022995104,1.8163395534057167,2.169987133085647,4.7342358877664745,4.1279243908998815,0.38829267004424983,0.11523031395040917,2.0529288292503294,1.2248071740693047,0.30842478009755514,2.0037939721436584,0.1722004753883463,4.8988773734836775,1.3174145348434771,,COMPLETE
12,0.362673974315386,2026-04-16 07:24:50.737822,2026-04-16 07:27:09.736149,0 days 00:02:18.998327,0.10465106809770405,0.578767364456776,0.11526057682603667,0.34236675565029684,4.871383727077001,0.8517317728734202,0.28096202971686995,0.17790683471900537,0.4985828680634652,0.2678916582657103,0.1941395111492201,4.970251717457934,0.5509418351509916,0.20942795828827557,0.10161603990368452,1.0078147878784005,0.7261020440387209,4.307542518097139,1.3605072845731174,1.9106237827400079,2.2612722925633517,0.49660259681426694,4.761197981007609,4.881003070121578,0.4538071129699457,0.36990797700757955,2.890099125605101,0.616843585545652,0.3603655483484632,2.6414008222462666,0.10130029340257676,4.98159426951498,1.7381331084404337,,COMPLETE
13,0.36505241752706696,2026-04-16 07:27:09.737173,2026-04-16 07:29:25.634680,0 days 00:02:15.897507,0.1286042603408103,0.1337189906192274,4.506370673639349,0.20410630338678307,2.527141429435861,0.5533125689377013,1.7793414774064915,0.5214403741987127,1.7772576784036147,0.29559192087953473,0.30379914825308474,1.3126676543259297,1.3007326688425138,0.20399318588144225,0.19954745767093762,0.7055837130690641,1.2310613883949635,1.58678340183951,0.3726251840328714,2.0872789029477268,4.991842814433601,2.3723637135592957,2.165205954208912,0.41599702351509915,0.49764248388007115,0.10502722172148621,4.9351360110506945,1.1364589673595602,0.3955287015134399,0.6952048012970232,0.24929494420322623,2.940554360193265,0.23115673488568503,,COMPLETE
14,0.35756524964986713,2026-04-16 07:29:25.636418,2026-04-16 07:31:42.079434,0 days 00:02:16.443016,0.2239295346802032,0.5987346813791442,0.2637810654858387,0.10855908291650018,0.4931541483611999,1.560546809935924,3.9749089039419707,0.17275748829470858,0.4478214453635422,0.2503395509894917,0.10663360332139381,0.11514021443712853,0.5445464871463467,0.182847941962638,0.4661146293849578,1.5489024358945436,0.65267670225827,0.5561167441663306,1.516168648340965,0.12674314453812324,2.143967870649557,0.2288711216866523,2.6962995251893753,1.3978561496763027,2.2893626260842566,1.1321378137636977,1.5584335836444043,0.25607411633646254,0.10898951210798517,2.0025518356260306,0.19122266685762443,2.164261027330132,1.8731758102791658,,COMPLETE
15,0.360401935172683,2026-04-16 07:31:42.080316,2026-04-16 07:33:56.976270,0 days 00:02:14.895954,0.3275174314708705,4.306194667647634,0.1028801878522773,0.4419628669979121,2.4302520716843836,0.5080404565630463,0.21635105951498795,0.6608014613019294,0.5760357620173714,0.46686110907239947,0.4284818953431299,0.27660161351437756,0.11188724101736545,4.966539212437372,1.4976119575210842,0.6885903405945246,2.1200738653014137,2.672058399973156,0.42859737855844793,0.3273396659932838,2.3463422429608105,0.6327680059964897,1.4619657486216688,0.47895243076048494,0.3083830583654586,0.3282317516204548,0.4191791290112722,1.6532579080371812,0.5026960246578991,0.7019054975516897,0.16684648218725018,0.5391168079159974,0.2671073315650867,,COMPLETE
16,0.37305820503672776,2026-04-16 07:33:56.977210,2026-04-16 07:36:11.222074,0 days 00:02:14.244864,0.1010491782680534,0.4305323872032171,0.188231417016502,0.20610577657006085,2.116948172469551,1.469851245084176,0.10215837022558028,0.1653975324853196,2.6041884359081116,0.18286915681584,0.22007084224645115,0.74430310542106,1.7640193377547138,0.1575473166562033,0.5490878011749563,0.19178884669923588,0.5813920944571774,1.2411634932161832,0.5787398724117151,3.9955860574844246,1.1782379820482312,2.1785252073164685,4.1072639857099755,0.1867284521045354,0.808353219348001,0.6154072148627309,1.8212352572805397,0.6196754353000953,0.23553585370207844,2.3834370234933178,2.9651016522520437,3.3260836686228057,0.8932082861925379,,COMPLETE
17,0.3367708375243209,2026-04-16 07:36:11.223523,2026-04-16 07:38:27.190487,0 days 00:02:15.966964,0.1857072786736493,0.3868468488289089,0.4144805412479399,0.20429848394775718,0.1106615871236619,2.3097576803670155,0.5308057262038599,0.14627889456931653,2.878347505151214,0.16524191908071578,0.4686813154252672,0.808668534846646,1.8102247796325794,0.12495742001622345,0.5168958100449895,0.15172206423973159,3.325943263435572,0.14304813021185375,0.5815089081834595,1.4720651808258316,0.5427621048681416,0.8120058170518061,3.0374924853627263,0.19410323615850256,0.8035424008537688,0.6759178199460076,0.5079769876779533,0.6172616761936774,0.10138511157495113,4.106715896954204,4.633839800198674,1.882793050612165,0.6437610670956294,,COMPLETE
18,0.35624410029198517,2026-04-16 07:38:27.191298,2026-04-16 07:40:44.068055,0 days 00:02:16.876757,0.3102074403563841,0.1812522680176692,0.18833426640904838,0.26356040074361603,0.5133852626891985,0.19260221568933586,1.343063100100392,0.3235568650541356,2.3240855622991177,0.17792108199898435,0.18169757943826106,0.5920378829711701,2.4168175203125015,0.2951716438914211,0.7016531284012297,0.22568820171458207,0.46182259262140396,1.1927924339377072,0.24227316324984277,2.8603305307364306,0.986599713345877,0.23181704377416137,0.10056885984669577,0.11044505214366918,2.8011626547885027,1.009006708499865,0.10603363617383958,0.27461007933965986,0.16835478727511358,4.938066862117618,1.97892792136915,2.9871915941969274,0.42766962993357266,,COMPLETE
19,0.35234472738188594,2026-04-16 07:40:44.068884,2026-04-16 07:43:15.136684,0 days 00:02:31.067800,0.1609161988761824,0.45182795110223245,0.4683955896097237,0.40831764584539953,1.7347733147055462,0.4933348616394639,3.0361311677011176,0.4074533911565975,4.765104510425657,4.861575398510109,1.62434124905338,1.7740558156934598,0.8829307426876762,0.15107618577737097,1.37145200931704,0.49243807499463454,0.9756302295977505,0.6030665911668638,0.10512134042468622,0.5397854284453872,1.265776811017719,2.6526688838068546,1.5842408901882437,0.18264568907306422,1.3694207997014156,1.9340912875361111,1.4687243221136586,0.560971186665809,0.541693603231939,0.9643054871882745,4.679817374662299,0.32977531202806837,0.18357798520825935,,COMPLETE
20,0.35999776471620093,2026-04-16 07:43:15.138746,2026-04-16 07:45:43.822430,0 days 00:02:28.683684,4.344333213964188,0.20580927512486386,0.2313055043053722,1.26591445105253,1.7137273989155737,1.006645237954941,0.7538552584443768,0.9909524532802733,1.299434265985651,0.510615819489,0.14771474765664142,0.26613232983615653,1.4119197225306623,0.679790486923073,4.504273461073347,0.21098106774194303,1.7741111063472805,0.24333375457118311,0.666899638900411,1.5131254821264666,0.5945400975616024,0.47661673882165,3.462022406026782,0.3667422131128597,0.6674462698153666,0.47420138148496105,0.3255714654088667,0.3671855371130388,0.22281377431588745,2.323770564125656,2.6861508739725117,0.7383525421278172,3.928279441017902,,COMPLETE
21,0.3774421645942902,2026-04-16 07:45:43.824481,2026-04-16 07:48:02.489140,0 days 00:02:18.664659,0.10340902844134921,0.8606150943397279,0.14438824343399478,0.1536759698182332,4.76370925318455,1.3620573835400425,0.11116238425171955,0.2265986278431104,0.7320590983223546,0.35299457128314127,0.247269668996543,3.273232368109593,0.20623383811368262,0.28368161900207717,0.1648422183489141,1.2021601178239503,0.5947335557020386,2.87979734010075,1.6075199198043393,4.6450762029165125,2.7882847031678955,2.0731202081309674,4.447242877004575,0.5746850979836882,0.17923536258836745,0.10221065271820963,1.5604760221527119,0.9382868733286772,0.29334906409676625,2.5901648434047284,0.39769034954529126,4.055163584040225,1.0654156190841733,,COMPLETE
22,0.37092378536779524,2026-04-16 07:48:02.490027,2026-04-16 07:50:21.578360,0 days 00:02:19.088333,0.10182192005708475,0.9539967972803033,0.16657695446860277,0.16875866633287132,4.246309209321275,2.9181205584152896,0.16070659521872338,0.1901352338758649,0.38662188343591963,0.1706648203338105,0.2598753454705633,1.587087016778535,0.20481358770901342,0.29344555910342607,0.3247923996743563,1.502695815927773,0.49971068096328347,3.092975784547994,1.891743458610953,4.751405670898452,3.040208174851077,1.6683316185048767,2.011137894279149,0.2810428541117651,0.23798223833260523,0.2124747446432756,1.438281403059589,0.8003855085917347,0.15116207973822923,3.1395825390685292,0.36724278516990777,3.3264494260819215,0.8443277605439642,,COMPLETE
23,0.3742061042082969,2026-04-16 07:50:21.581410,2026-04-16 07:52:38.384930,0 days 00:02:16.803520,0.1464888321619691,0.7987036886635468,0.3354533751308885,0.1482634825000669,3.915983117350232,1.2158270382919723,0.1718070309019994,0.12906584166843493,0.7669455591318062,0.4567545085960743,0.45787429982325145,0.8736589504052639,0.664251926204413,0.15034317049402834,0.66248981846592,0.10058096773732199,0.2372971184705584,1.4377499195083634,0.8863101106673347,2.7337267886876337,2.948700145738298,3.108431919159508,4.248423591620874,0.5848817049093024,0.19861621473182597,1.3630633471179046,2.5804094571803864,0.4481773846882662,0.279989428425433,1.6220913115502578,0.4605069422592747,1.781151624025641,0.3957156251445555,,COMPLETE
24,0.3766668607929492,2026-04-16 07:52:38.385685,2026-04-16 07:54:58.632253,0 days 00:02:20.246568,0.14029959223501137,0.9283907988770761,0.2993696726293116,0.53457049077806,3.800085450666038,1.2381689509699407,0.1501125430651421,0.13139024729219162,0.8364575086373002,0.4678140112261548,0.5188692093998288,0.39785999138786643,0.16816179155424538,0.16223406804659296,0.14816194262205756,0.10889733922122662,0.21029136511693602,1.2481406634689878,0.9298889522737096,2.7692872330506475,2.670374383645909,4.6088713813573285,4.593344591058106,0.6117836268963469,0.17261645727432168,3.185992071608318,2.6749948937463044,0.4943251628268086,0.27647589464989947,2.6287867623371666,0.5181324424630056,2.609231821603338,0.4047000568360219,,COMPLETE
25,0.3698219548859547,2026-04-16 07:54:58.634616,2026-04-16 07:57:16.745896,0 days 00:02:18.111280,0.2654005852318495,0.9071611468677481,0.3120543608105522,0.4904198718239771,3.684430444058111,4.966847639877974,0.20071609962629683,0.12110257632670811,0.8156497102238256,0.4858370374818756,0.5990712612990553,0.1981166188459831,0.18897205713366017,0.2708235044119477,0.1599978305117345,0.10707702917827569,0.19100987710529604,0.8054284035321088,0.9543901026447926,2.682051997068621,2.953427496304534,4.549522320049112,4.626785632321369,0.5854983158097289,0.17258962597817662,4.875661105031687,4.898577139651316,0.45512923624737767,0.3068439477998997,2.863140754040113,0.5143995261662432,2.416269696870813,0.3940431101385127,,COMPLETE
26,0.3655611474345946,2026-04-16 07:57:16.748010,2026-04-16 07:59:34.799123,0 days 00:02:18.051113,0.4287041713478324,1.8466096915675239,0.5745248357673712,0.5970836270798715,4.589351450374451,0.6974385101416837,0.2985289250754687,0.10075438509683984,1.0412212109574999,0.38108298362124754,0.4414308517905254,0.39604808258244645,0.14711688262101444,0.46599361723336835,0.12654860584064612,0.13680266142211386,0.23160311149101628,1.5403744484270627,2.026416678626026,2.6194723507981594,1.7189875044330034,3.164363075937354,3.154742004000927,1.141178919278412,0.1997997325534818,3.010639414965309,2.864377133160303,0.8051270361198486,0.48606017408347346,1.037573407062631,0.37359940129179264,1.4647742345608203,0.5914295240643715,,COMPLETE
27,0.36629712655291335,2026-04-16 07:59:34.801239,2026-04-16 08:01:55.846631,0 days 00:02:21.045392,0.15552215330355296,2.1413968475146876,0.26787127785932885,1.7523402348478279,3.311598064183905,2.2994849039929504,0.13562756956239727,0.13827118684313167,0.7247119193164886,0.7910557525403732,0.7818602894734096,0.42661208901348646,0.10032185944786338,0.1469924315603372,0.26374770122676894,1.4838038591365554,0.1716893487413942,2.8976760943600586,0.9891630703765261,3.602726251187661,3.1186402322964026,4.971327482795698,1.7995446442615706,0.5752929609161945,0.11244400236576481,3.374409469450347,2.2798386454195674,1.8692459076148005,0.625450667060598,0.4740963133238218,0.4885221992565142,0.9486407529224046,0.30631150719659367,,COMPLETE
28,0.367599701489982,2026-04-16 08:01:55.847804,2026-04-16 08:04:12.805815,0 days 00:02:16.958011,0.14610333311715312,0.7965623747412786,0.3608518884070969,0.25309745994626964,4.95093801374977,1.1280439432328744,0.21886813483449855,0.4303946971916517,1.3649213989680387,0.7377180605260784,1.8193739751874003,3.2025549918401626,0.18259615911425572,0.3118765938654945,0.15319085726114118,4.939055215909001,0.2518436630339949,1.3302065829024536,0.8493309372565465,1.588048655469341,2.6484452838910766,3.174698795276038,1.2320526607180435,0.6209906469013532,0.3015299000877823,2.000696090232967,3.772046018309563,0.19505852266968676,0.13478341862361962,4.977616985003106,0.29432956336477567,4.068519183856044,0.19713279858375543,,COMPLETE
29,0.3701627431875218,2026-04-16 08:04:12.806758,2026-04-16 08:06:30.828820,0 days 00:02:18.022062,0.2308969215219675,0.6924745047616278,0.539406458415792,1.10033413429581,3.1127194041240296,0.7841933190135063,0.15321206043610908,0.8833963424293004,1.1071449342443995,1.399750867918528,1.0720570896565704,0.8099523203640657,0.33059101124770107,0.2223538952287047,0.36512251437333976,0.28817725094250446,0.10804681592839356,0.894595719539494,1.2872289994957493,2.652944994805542,0.8755655525781784,1.099200807806499,1.082892040349103,1.0508386664842926,0.16206732249273822,1.390043234746925,1.0588611645096713,0.939436214838263,0.7618431451356326,0.9975329702585664,1.3469011795746122,0.9104436077143025,0.4905565886728125,,COMPLETE
30,0.35857039567561166,2026-04-16 08:06:30.830601,2026-04-16 08:08:48.594333,0 days 00:02:17.763732,0.3839555421983264,1.2711043816030305,0.13649517810863485,0.14824185404146772,2.1286791778476886,1.1069731437203159,0.4052445804878716,0.28832098506265835,0.35391312068871095,0.6147705645511179,0.5802891104246286,0.1928548838370904,0.5024047077498474,0.5897979585083578,0.23370013215092217,1.0738094231547157,0.2798138438730062,0.6747931211411017,2.009742974548388,0.2333607523612455,1.4741236235351094,1.8262778826061963,0.6304556948589962,1.4037073713722308,0.1328605757372744,2.8399940912438835,1.1641512806038024,0.4650650791759672,0.2947821986489126,1.5209780796435632,0.6688990450938676,2.4850026272231247,0.3348478169623865,,COMPLETE
31,0.3737219203191148,2026-04-16 08:08:48.595326,2026-04-16 08:11:08.847187,0 days 00:02:20.251861,0.12713294826510743,0.48838027062189815,0.22143576137872453,0.17732723777380352,2.243400998283141,1.5625943526521355,0.10031438056357654,0.15251420538007884,3.0469998743545736,0.358580610084432,0.21741211895154974,0.6701757455935712,0.23093806417161106,0.16099060270843077,0.14159999050199829,0.15411744167207722,0.4489854207729406,1.1849829775378846,0.5462052565043236,4.153389258826305,1.1405848897897208,2.6072582851738986,3.5191906789309217,0.47473993094091305,0.5886239681284113,0.7635856177997913,1.935062842783956,0.7211787454398696,0.2510013010214611,2.554012303291992,0.8388332397143038,3.492741142595568,0.9530372523460379,,COMPLETE
32,0.37514715195735404,2026-04-16 08:11:08.849057,2026-04-16 08:13:26.664213,0 days 00:02:17.815156,0.13168648341257358,1.0973930807348258,0.23327643374974946,0.16487002028521897,3.7485348587972345,2.1582534796963038,0.19011776443496015,0.14184483572130455,0.10201880108983635,0.37438421840660013,0.35562674908654524,0.5805992167603028,0.24358645146262434,0.13528157447259614,0.13707424445989963,0.14504589189663136,0.42276118573139243,1.1021200320990885,0.7737560557597073,4.948349788803465,3.7349021370102133,3.0592749170155167,3.4582520515815265,0.4555044735219901,0.10017143499359789,1.3121460790485302,2.411499254546144,1.3099342599146035,0.2663758691755751,1.8727656479043118,0.6765043460355437,3.9054469290036273,1.190579882510352,,COMPLETE
33,0.3661364622160257,2026-04-16 08:13:26.665202,2026-04-16 08:15:45.168414,0 days 00:02:18.503212,0.2135286115642566,1.0277068918930061,0.13265271058345354,0.35900511270470653,3.998154287670653,2.1800752530860725,0.19110727103456407,0.22153123904401958,0.6740169073674471,0.4002529080177825,0.3580954442753635,0.34738470803809557,0.16448853292184767,0.1218277428706855,0.10076268201547005,0.10053468439192449,0.15637810520171483,1.655395895897118,1.1149401352378765,4.959759953358997,3.6455056495798353,3.624975259759485,2.6697575287200266,0.84799250597949,0.1054609808790621,1.3217198049508474,3.6894302698540082,1.3068909180899866,0.40679856869170256,1.9000135708930994,0.6213461986353478,1.7500977901513777,0.6808682998052091,,COMPLETE
34,0.367959938258051,2026-04-16 08:15:45.170357,2026-04-16 08:18:03.127492,0 days 00:02:17.957135,0.1334689581433191,2.325703692738912,0.24226046304814758,0.24234774802555892,3.711172606791615,1.2022851382597304,0.26222301897068406,0.13630116913919219,0.12077291415671844,0.22461995502254212,0.49712288818694067,0.5417656170477032,0.13861916895307028,0.13140722266883056,0.2061548235091129,0.13597434866766886,0.8318657773171664,1.0461127813967779,0.8205429234645972,3.140609006693552,4.65041149995174,4.987891483865094,3.9158351157070013,0.3653696048099696,0.20070706932778243,2.328208346996809,2.478400401120432,2.325689471172107,0.3647585196546777,1.5303905198865164,0.41756359736092863,2.693929326742391,1.2140827543999608,,COMPLETE
35,0.36612823549273904,2026-04-16 08:18:03.128767,2026-04-16 08:20:19.391672,0 days 00:02:16.262905,0.1902281941212688,1.0393561755278606,0.32694362604771815,0.1300387055046523,3.1899744291717664,3.3586878873587334,0.13613118122244977,0.212751031802428,0.8985999016452296,0.9274937941533732,0.2863880306331353,1.0342074975085191,0.6942369674442992,1.9079903058367211,0.1708402788626098,0.28762686131401566,0.3113537431446628,3.5739694213788646,1.160283748638291,0.953009752405281,1.9144615261106983,2.967164933307646,4.956009945668148,0.6672682979521926,0.10286614714603798,0.9368845189497581,1.2788828671714398,0.9428305207333297,0.1916113641426965,3.2508389751453812,0.9167810190846684,2.0518796811851026,1.4465909296550394,,COMPLETE
36,0.36098107007785185,2026-04-16 08:20:19.392427,2026-04-16 09:06:17.799935,0 days 00:45:58.407508,0.1302555875512563,0.7284758665086825,0.9840080893194523,2.624353737273321,2.7007583461494815,1.9194922157180856,0.191826295605286,0.1329581854975104,0.10241517219150192,0.512589115819829,0.3932155623209125,3.4459671505318936,0.2710109293829753,0.18092781277558043,0.6784132228545504,0.12509226447771823,0.3801594573535342,2.0385006716799507,1.65541705152697,2.1199838566322162,3.7266964704725183,1.9568013615505369,2.498470391664263,0.8705673038632341,0.2992864923687697,1.385592827649924,3.5834247955845324,1.4337321362959505,0.13032590002714153,1.2952846883859737,1.5001519013034854,4.179138701848652,2.6693290350528853,,COMPLETE
37,0.3567799142708238,2026-04-16 09:06:17.801941,2026-04-16 09:19:54.018984,0 days 00:13:36.217043,2.122243757838693,1.645584160901109,0.15330521755815113,0.1531146053909483,1.4532851180706803,2.7032350780240635,0.37464632812154364,3.9302843115931,1.7079475938746236,1.3420447608290662,0.16962537028078387,2.2937115082739483,0.435168075959577,0.10029408383724893,0.380782583589497,0.16813164805871905,0.42685746144805864,0.7791675124465566,2.445986803328121,1.1058206602976899,2.6164874437232823,3.9895875785358017,3.011181376122885,0.504356330788694,0.1400967310099487,3.9732094111907865,0.643496861273188,2.16578182928766,0.300413938549559,0.9130617929804953,0.8013838908200461,1.301323711109153,0.8272145967890159,,COMPLETE
38,0.36912740178344294,2026-04-16 09:19:54.020913,2026-04-16 09:22:10.973656,0 days 00:02:16.952743,0.5829727203058067,1.3028722918623596,0.6036136796916175,0.11767980221858268,4.973953661681601,0.911952645905051,0.1228554865219525,0.25858728989106955,0.22151843500059576,0.5744131339451318,0.723137431244465,0.9474936172112297,0.3147272609595946,0.251075479472423,1.1718845676916982,0.25014731870754353,0.27355709473441003,0.5393614790589759,0.4697527227565647,3.342837808248479,4.0656192498673445,1.3789834820765206,0.25820655448081115,0.3298165961527483,0.2292671724203401,0.8604859454611208,1.671404260052744,0.32950511891386064,0.1859955500989486,0.15879702875626356,1.0262615220400182,3.8391093714921163,0.14906475210502101,,COMPLETE
39,0.3654285338618326,2026-04-16 09:22:10.974686,2026-04-16 09:24:28.216338,0 days 00:02:17.241652,0.26472542581705366,1.1390008498059088,0.8618689890026237,0.30488914427356284,0.6657772907570821,0.6459990588627819,0.170769900848813,0.10022481357212927,0.687342992267031,0.21930196817971268,0.3135153939796704,0.47921028794808934,0.124814492529213,0.3467895014461642,2.0458293561239644,0.1841595040554531,0.1328202975066829,0.43400939039803454,0.2597783944120957,2.4373076842625663,0.4445914790296973,3.5576400851110135,4.120009951469997,0.252608302774975,0.17816386777893092,1.677289762325045,2.564369377790845,0.9759563136405724,0.614334084602912,1.698671553630372,0.2947767510456885,0.10523669050945154,0.49198191015111825,,COMPLETE
40,0.3620789594073469,2026-04-16 09:24:28.218064,2026-04-16 09:26:47.494959,0 days 00:02:19.276895,1.120611221396998,0.8678386649078711,0.20916414455641544,0.6846081939042571,3.90026737183637,4.0457161901363925,0.24527059970362405,1.6002200052224793,0.195262511247678,1.0085517557896722,0.9661598847624918,0.2199030180005603,0.20815901685705385,0.1798963720948242,0.13026954195229848,1.1974945936464814,0.19471100913281372,2.6444965712146433,4.353237697320333,3.834454692823472,3.2103509666987513,1.0500353851928095,0.8269335247853543,1.2857854978817118,0.13989847511015596,2.4403125070974103,3.9861140953862293,0.2637071348428617,0.8471801021087577,3.8367913285645496,0.6088940424730412,1.6706221930522542,0.712414480229156,,COMPLETE
41,0.3736379910216513,2026-04-16 09:26:47.497165,2026-04-16 09:30:05.182340,0 days 00:03:17.685175,0.12290597046221668,0.6308386745127803,0.22953394819620593,0.1651191921271006,2.2611074750959927,1.796118656097221,0.10168380430913625,0.16022070101038272,3.26157984940373,0.3898706531041124,0.2348932795911004,0.6241257803871111,0.24928616130775696,0.15229026730350761,0.1438564998420515,0.1276958776747184,0.376999267607067,1.089408416811024,0.5347322680767419,4.208521890944696,1.50088782143287,2.6954933940770043,3.4684901067019616,0.4754920063602256,0.3483955663263246,0.5559714265578396,1.9621233228527803,0.7835883272041304,0.23977624415582469,2.284017980523494,0.7802842116076363,3.430602261434499,1.057840612112271,,COMPLETE
42,0.37845620077202025,2026-04-16 09:30:05.184354,2026-04-16 09:32:30.432143,0 days 00:02:25.247789,0.15285713814523288,0.49234819386620093,0.27501454088079463,0.18371381170870646,3.070137273962276,1.3256431232021384,0.12204780104301734,0.19555284032357087,1.9880491797145865,0.3690447246356144,0.13503584103954178,0.3470158862636927,0.23247504030846758,0.12069766512561708,0.23496429413953152,0.16560409945685522,0.5249827744900851,1.4177063683766506,0.7627547194462241,4.682821405306666,0.11822130446733649,2.5805726490416925,3.6955902833334715,0.7417676222693477,0.24417183180446203,0.8211839982943933,2.063270102712377,0.49469873728517144,0.23884051054528954,2.744921222795826,0.42394373558897674,4.3797724149249815,1.6705809667037503,,COMPLETE
43,0.3774857983737971,2026-04-16 09:32:30.433986,2026-04-16 09:34:54.512911,0 days 00:02:24.078925,0.17451433101096653,0.5480891701297959,0.376722056151636,0.10640610564239318,2.9377717392271077,1.312482672967338,0.1270201610606509,0.1884039273028302,1.201582543155619,0.32326805548314597,0.13238889075853535,0.36670008639031365,0.7060113032466124,0.12098654552832347,0.25894090551328436,0.11277369574578716,0.8519485929545245,1.3487119825492266,0.7638291291915654,4.822412561450198,0.16698462591760713,3.965752658366215,1.870853922425476,0.7160116262011195,0.19817507520136088,1.141673209394663,2.2739375703879396,0.5240215160568908,0.43963903972618934,3.0000052381086584,0.47143288976403125,4.62344141212653,2.5325881766115343,,COMPLETE
44,0.37556266820654427,2026-04-16 09:34:54.514890,2026-04-16 09:37:17.319077,0 days 00:02:22.804187,0.1837327267790813,0.2987245234397645,0.4218347376745849,0.1007662375011329,3.0642525171168087,1.7430167171806816,0.13093327417422387,0.3545518432598248,1.8203566373831224,0.3292004954908297,0.15495862198324348,0.3384385155088729,0.1587438997750972,0.11555819447362864,0.21345928193451472,0.16717424141405243,1.1116196206091828,1.7348722004198942,0.7269823930524318,4.773885197945641,0.12493761722795164,4.215846414611801,2.0451259293903377,0.7329154734051506,0.2393473889998754,0.7930975376892324,3.2572646446384006,0.5361488065047263,0.4651655808998137,3.213414219773586,0.32783372870293254,4.890591215264565,2.675381432438241,,COMPLETE
45,0.37397017431491214,2026-04-16 09:37:17.320832,2026-04-16 09:39:38.200956,0 days 00:02:20.880124,0.1800976003544683,0.3119961311855447,0.4558957856488192,0.1004055018871945,1.1817676117239941,1.3389714972518896,0.12422412541274183,0.3009936005201161,1.799987391934488,0.3092377603596297,0.14000058084055675,0.3581062412855543,0.15880190691801735,0.1079170491376009,0.26171314247198596,0.39597241227285035,1.0551184843905121,1.9842618472834204,0.6618359316013245,3.3112317494041084,0.1080373157008527,4.078323875809921,1.8238139303800311,1.7791019790535576,0.2554801764633939,0.37235724477267557,3.1341401303914127,0.4980273694354142,0.4319849725065788,3.0388276690045974,0.31831044002701486,4.9208729288660376,3.1012241866057835,,COMPLETE
46,0.3710457374275267,2026-04-16 09:39:38.202855,2026-04-16 09:42:11.122729,0 days 00:02:32.919874,0.25179143233139206,0.24510773539506173,0.6615250269860772,0.12279548546322001,2.8772594467701045,1.7896925041351237,0.1369420442849694,0.3655096107113309,2.2201580183887812,0.14473264249368678,0.10430951805113202,0.23878854557035367,0.12990685307196875,0.12278192516487539,0.21260424415686413,2.1816391830610664,1.387911905593748,4.839776993558892,1.1188645932406405,4.241640269519393,0.18871067680738685,4.282239257511995,0.5921714524364446,0.7733940941592028,0.25698634159490225,0.8184745590148457,0.9097127708535413,0.370177999742665,0.34909719631934577,4.316253180495066,0.2199689134134644,4.350467161189951,2.1332363034390727,,COMPLETE
47,0.37285395420530243,2026-04-16 09:42:11.124870,2026-04-16 09:44:33.740483,0 days 00:02:22.615613,0.38882829310042233,0.5398354305343898,0.3833594242491632,0.10479343463236808,1.904660247851301,0.9793019696388425,0.15030879953493545,0.20545848563333186,1.2314280395472637,0.24922590688192345,0.12963946721611427,0.32585922892122055,0.3447907774430491,0.19338137049586895,0.28389290955584956,0.557909890779211,0.8354469555364151,2.4322083301050967,1.5785990081486558,3.3222389468024858,0.1671700588714354,2.2696387309455317,2.360247674747706,0.8798279472389224,0.16314461517196235,0.15837725361248178,2.1042983408444864,0.554632290728967,4.8691908380916065,3.65334248648236,0.33708570319970677,4.970674896055001,3.623805913408836,,COMPLETE
48,0.3731068936325622,2026-04-16 09:44:33.741526,2026-04-16 09:46:53.754031,0 days 00:02:20.012505,0.20445242032283487,0.3613687704055821,1.2954995936234357,0.132326015929253,1.502319693432987,1.5993561290437845,0.11610397718632712,0.5730307001944005,1.606497299121779,0.3117070892322545,0.160466629033599,0.15431737697254605,0.16776916927390734,0.11503379860972665,0.22875904802829355,0.11906755609537768,1.1370021991225114,3.433092439854558,0.3235095402309275,4.906754816401949,0.10160561447798853,3.70311499204791,1.3106120675298318,0.7055023311355743,0.3597305456973466,0.28262258651243655,4.536423443682496,0.3079090908146534,1.141174886780473,2.6970097747117907,0.2678658071409461,3.0299408736230524,4.985589406247432,,COMPLETE
49,0.36655695222281826,2026-04-16 09:46:53.755806,2026-04-16 09:49:13.299434,0 days 00:02:19.543628,0.11412783851857754,0.37977649957796156,4.219780198421681,0.9222314273313202,0.9840817912059959,1.3369657227601184,0.308373397910888,0.24543660603094403,3.6562792434065434,0.6560627153580088,0.11353674946053081,0.4597631937332897,0.279167046848218,0.9465642154073636,0.18225236116384674,0.1716704564989347,0.5653490883636727,1.80196643906145,0.7214516975047478,0.6159192408167493,0.24500987104686653,1.6182658731755513,2.7676263270313126,0.9822468474308595,0.532467403140427,0.4734090672979735,3.188227730983462,0.132379676522105,1.875974139567299,2.2412635533867133,0.42838087604592107,0.18750093797169695,1.6431927866067073,,COMPLETE
50,0.36330763428786633,2026-04-16 09:49:13.301399,2026-04-16 09:51:31.739991,0 days 00:02:18.438592,0.16614222254518513,0.5066167700546211,0.4544647036509687,0.21244422133944169,0.28939016659666866,0.5983711828745125,0.2337076474409637,0.4720502895334697,2.058121123579604,0.21518426402603322,0.18860158187825748,0.15403252242745963,3.2740011571576875,0.438157588123122,0.41213625387989444,0.26006021489933084,0.7415969494317378,2.222452037655799,2.722974412692453,1.8990693739687767,0.13130609451747086,2.002884275018417,1.7381015526255206,1.6727290812917135,0.21503517919221982,1.0986235035739307,1.285437622032587,0.1946853602630861,0.8587788163509261,3.3625181798914205,0.5653278351210931,2.3320187922165982,2.4517675905534837,,COMPLETE
51,0.37073832745763996,2026-04-16 09:51:31.741901,2026-04-16 09:53:50.109253,0 days 00:02:18.367352,0.14751345760937126,0.251176919076027,0.27885599681910395,0.18024591874245427,3.260471421891983,2.5260017057567117,0.11522242557025507,0.19883306523482855,0.931095714404197,0.414005694202236,0.13589289808525892,0.2850675693247781,0.22954944448405395,0.13408268692115893,0.11588730297259141,0.1502077040335593,0.8839078841268028,0.9717503293122212,0.780062809893766,4.428600237293069,0.1457346714738039,2.6366914828734975,2.1162317900810423,0.43525552807697954,0.12228550312742523,0.7015593005489061,2.3556493430871153,1.0508265982023741,0.4390560194230516,2.1559136611493472,0.1338140120745583,4.036914958701616,1.4871810678047204,,COMPLETE
52,0.3745652897631798,2026-04-16 09:53:50.110153,2026-04-16 09:56:14.730670,0 days 00:02:24.620517,0.1158440395469144,0.6250645167939604,0.17171578005001784,0.11866101048430329,2.659237191906957,2.0600191772913687,0.17627752136573144,0.1751028067096763,1.1377440882317817,0.33709238038940526,0.260156282548713,0.4999612206269338,0.11358382742082403,0.10115230576941017,0.17627631143851882,0.20421332193016145,0.5514954819593777,1.726070282912291,0.44426026117582273,4.979608092022292,0.2315288638920704,3.4751692285100058,3.1928524123655673,0.727395869327155,0.15088302113138133,0.5854648188141486,1.614344621536122,0.6761674281408924,0.5767836533399692,4.390527243402285,0.6859406149731779,2.9096993171101673,2.0101724151688005,,COMPLETE
53,0.3680527246228963,2026-04-16 09:56:14.732317,2026-04-16 09:58:38.348304,0 days 00:02:23.615987,0.17185409037555543,1.1399256563765845,0.2705035909632814,0.22798666361028352,3.452645099475269,1.6294214206647366,0.145609686749473,0.36473818602927094,1.6015946860514298,0.27865084019605957,0.19910875641520545,0.32034273221313625,0.45159241552850743,0.23547400804767726,0.3192231644719603,0.82511429822554,0.6926247233151782,1.3785998665025851,0.6389319344575297,3.7624487935970574,0.3421533639160913,4.498456318231894,4.150750287645577,0.3923361510351861,0.2881673036659477,1.2003938358825443,2.7886572983810014,0.5325056952799994,0.2120034453578589,2.8317926565682345,0.5389396452333446,4.183034907716767,3.0300920920299417,,COMPLETE
54,0.37536714935889864,2026-04-16 09:58:38.351096,2026-04-16 10:00:59.499082,0 days 00:02:21.147986,0.20376553823316385,0.7339346059503404,0.508160437830266,0.1461938695643569,4.267699507942229,0.7864497738859217,0.1255892531922723,0.2272429963033064,0.4681876537831154,0.5412347257091943,0.1664651015537164,0.378965146959478,0.2094758061733051,0.17033513187062801,0.12082024226381864,0.11764850005867286,1.305116056797438,0.9197662808715746,1.0194262283319397,3.0211563795823047,0.11981714305381158,2.370341174915076,4.958364790975185,0.5314067436044397,0.12245750236154385,1.7102080746360921,3.3599272585374083,0.41187175115676333,0.3492874605889092,1.8610538164736192,0.43332245395365937,3.6315949012484063,1.232022039014989,,COMPLETE
55,0.3784184179465619,2026-04-16 10:00:59.500986,2026-04-16 10:03:22.181174,0 days 00:02:22.680188,0.20822532467804383,0.6861098054804496,0.4973295333759032,0.28776363033344166,4.363966059278676,0.7981448441862116,0.11852665411068902,0.2726591115018369,0.487184909490623,0.5410722534334175,0.15775403739178012,0.3915639288620773,0.20557931040279734,0.20302129802561908,0.11345447322609586,0.11965465886763585,1.3882214740761079,0.9294491413561544,1.034503378967172,2.3097937582743273,0.1270706640334656,1.2746495448127615,4.400918172757266,0.5425128537775098,0.17908812896295576,1.7044169826967976,4.282242236747907,0.3752028190122879,0.47870578370142464,3.2942124395917234,0.3955691058759631,3.4372011888025744,1.6528050011654072,,COMPLETE
56,0.3766864354211544,2026-04-16 10:03:22.183392,2026-04-16 10:05:52.712539,0 days 00:02:30.529147,0.29928635023103395,0.43323382557638906,0.39676101509084266,0.5348425177909356,2.7335186782040615,0.46962198723256887,0.1110191614108365,0.26259092433894926,0.5968439841558563,0.7454170774478334,0.11796642153927756,0.2550703014153281,0.1804839946859416,0.20029668825294186,0.19286641519453498,0.17683914636466155,1.6146249286998116,1.4138938548557543,1.3880678948915102,2.383000078443812,0.15592380400977826,1.3832857157727039,2.7436791229040365,0.9647424944982503,0.19116968385846583,2.372028355185137,1.7376333282591367,0.399873350510915,0.6780413653530131,3.3707089813680864,0.3636332147449581,2.6914759385097073,2.2321904771761907,,COMPLETE
57,0.3754822455898123,2026-04-16 10:05:52.715265,2026-04-16 10:08:21.284993,0 days 00:02:28.569728,0.6570207744447811,0.42344418953335367,0.7456195592850241,0.5306000103854597,2.5784372251972343,0.378747533470166,0.11128478226045652,2.612780477937087,0.5906674803051369,0.7628933096305057,0.11974219433053951,0.23557652893472034,1.0015115811411424,0.20672997511264865,0.10055926547492489,0.32143933852216333,3.202210660415097,0.7359313701874814,1.3432608149578786,1.3222630843332004,0.15732474147599015,1.232289644772354,2.846354151664181,0.9769707292866683,0.18559317041992673,3.9146887205551137,4.0773169914642615,0.22199999693661135,0.9550251049713997,3.773206788531943,0.23319217527051944,2.6965313714422425,1.5653301875058172,,COMPLETE
58,0.37492608117045767,2026-04-16 10:08:21.287161,2026-04-16 10:10:48.658366,0 days 00:02:27.371205,0.47338806208930223,0.5135234995795415,0.12021890581991235,0.3920597521260881,1.8623901686114046,0.4296580750071986,0.15513914308844196,0.2870604317874992,0.3021481276142748,0.8839347788723693,0.12031936557035912,0.10070201434014682,0.2943053297244954,0.3534099728058729,0.18468148054112765,1.9258076881897281,1.791387561957067,1.422554878255115,1.6801983216144196,2.2979028731876787,0.1800794178150134,0.8565852938888484,4.003319565437419,1.1862893150966825,0.1628076578531201,2.762237350182009,0.7499761095321971,0.38434240122061686,0.7327833069067666,2.559214327300587,0.19416106965860724,3.2065445040530225,1.9979493537363562,,COMPLETE
59,0.3747825673179634,2026-04-16 10:10:48.660255,2026-04-16 10:13:20.623539,0 days 00:02:31.963284,0.28069821092530695,0.5856980893628505,0.3631089218069606,0.31644982886454187,4.169134543534552,0.8175930912819587,0.5454598009962964,0.11371428119257106,0.5219735059876938,1.1196906265758848,0.1404508196857161,0.1892850812831855,0.18861639618533854,0.2548286247949503,0.15358449798569923,0.11709173203436478,1.5641778664715937,0.6233403882787885,1.2168531204952864,1.823562347038038,0.2044927485314809,1.4717675764408487,2.4822868681172117,2.5311480398551676,0.43503138686609083,2.1798756606070486,1.3007886380695075,0.6304206180424093,0.6530267733974072,0.49522636535170916,0.27368319040631855,2.281018963335234,1.7158834391849507,,COMPLETE
60,0.35357982674871125,2026-04-16 10:13:20.625502,2026-04-16 10:15:47.760020,0 days 00:02:27.134518,0.3507107858893318,0.3448843102491302,0.29050932031823035,0.26793863607802704,0.8411067828506767,0.20349758651040006,0.9505623729788913,0.2575408727496054,0.4006922204851482,0.4323055580503192,0.21035760040430942,0.42252686359197816,0.3904505725515105,0.5242347176010156,0.2886409354080011,0.2251137567693056,2.5236681086082946,0.49083069031006055,0.9230273492424407,1.6947599301927982,0.32714671892946123,0.6086233466558337,4.449085212846932,0.5473270956908112,1.3489501441714034,3.4561625855509153,1.7066416345479938,0.3058646815921049,0.5239952327276054,4.452711655001021,0.38528862120154606,0.34581029326973384,2.201224543049981,,COMPLETE
61,0.3738960424013789,2026-04-16 10:15:47.762179,2026-04-16 10:18:16.662367,0 days 00:02:28.900188,0.23490966178479566,0.4617413522273069,0.4128742649997963,0.8921295725446318,2.911370064090793,0.9685707792958289,0.13382608259968656,0.32045274121467165,0.8202273515868731,0.5942102193707883,0.10140100090499696,0.30057470427373784,0.1506621361598784,0.20389916888708526,0.23282011862223168,0.15672118721684017,0.9724574379731495,1.2371030711322628,1.3925243162456717,0.9234640902042501,0.1240216429396116,0.906493462350221,1.5401184378770894,0.6686386728538064,0.2239534164068843,0.9668636078878454,2.0688281966462814,0.49682212492937283,0.48732042365037487,3.312745980031537,0.3511804629751182,4.611896173011393,2.882853899414311,,COMPLETE
62,0.38118734176779695,2026-04-16 10:18:16.664729,2026-04-16 10:20:45.467610,0 days 00:02:28.802881,0.15855524291761097,0.2969798574484911,0.4836211373062742,0.6369590081217777,4.631090120190276,1.1054749155217232,0.11287005987041285,0.18501523731146172,0.6608229143468788,0.33926583859970044,0.15673127538515705,0.26041071876917965,0.11017487995418952,0.14087681461531826,0.2010550026568357,0.19042757327179682,1.9464450969307796,1.8747777628762432,2.3365841277679857,3.7167908521574367,0.14141277605241198,1.7676965695216142,2.065142230927069,0.7450186667285456,0.2603792229673367,1.5830140902921217,2.8527491852968625,0.5516761732995481,0.33184929683943526,2.9600807856421114,0.4606542720012972,2.6736908658228358,1.8192230013496091,,COMPLETE
63,0.3768619594515311,2026-04-16 10:20:45.470674,2026-04-16 10:23:06.258948,0 days 00:02:20.788274,0.14780249198734643,0.16151213748578808,0.48376182572986376,0.6147636252758091,4.52630803392919,1.056721286980503,0.10987715697722637,0.18340251002698402,0.6037922869947503,0.48878963975857553,0.18319314746223825,0.2501449003525635,0.10585524064953548,0.17175314350027795,0.11595393885924779,0.1823009685140814,2.0712828571513597,0.8612317284471699,3.5991589481203983,3.657297141507943,0.14923291709377404,1.2520791271031317,3.764122392641233,0.8391828278087272,0.2787812584294974,1.568512431096954,4.370559863888166,0.39584666623888265,0.3341387832757789,2.706786196410913,0.4650274040279447,2.0456427218222606,1.3838871748372923,,COMPLETE
64,0.3794139198670662,2026-04-16 10:23:06.259886,2026-04-16 10:25:28.700071,0 days 00:02:22.440185,0.100329872791384,0.1541946233719435,0.6309365900985355,0.747593875054477,4.515019228178689,0.4810139424043621,0.11547421877224129,0.1911137489252401,0.6106281904763518,0.25542495637486656,0.1735571949222209,0.25913282931214093,0.1021383284569276,0.22923560555366887,0.11825499648837427,0.19184103603972155,3.5308037915576955,0.8536848937029428,2.8415979157569415,3.623921679489855,0.14317705605879247,1.6996373097748503,3.6505318215262887,0.9360015788048703,0.26616925069690583,1.6122045002490561,4.793240697482787,0.3409529800562354,0.33186217034229953,2.9593160265294634,0.3970835821567823,2.1177564652779948,1.8768731582905718,,COMPLETE
65,0.3793784607881895,2026-04-16 10:25:28.702011,2026-04-16 10:27:51.303020,0 days 00:02:22.601009,0.10366910112025617,0.14889832744032763,0.6585902896654265,0.8120175491850852,4.548928752031378,0.7293068864430311,0.10195438691604036,0.18764216018831834,0.6478127909538741,0.2533327048075495,0.2604837315407058,0.17982237325735076,0.10223301196673568,0.2982077792030658,0.11927319925833416,0.24356141179229826,4.30785090981703,0.32232823909096825,3.4174552868648185,3.5587396456267903,0.14687290052252436,1.1956732615253092,3.6202269942527625,0.7917152398470957,0.3420930059719809,1.5638741235925282,4.598756296778901,0.23364222516366712,0.32398832853140774,2.8700858589637126,0.45168730572684457,2.136906794014969,1.837012123101705,,COMPLETE
66,0.37401120141929567,2026-04-16 10:27:51.304391,2026-04-16 10:30:13.352863,0 days 00:02:22.048472,0.10092243308895754,0.12504898857868876,0.9042556568116358,1.278826074609933,4.486147640528745,0.567712608604741,0.10233393166016168,0.1853862995123571,0.39836076812600896,0.2523618815616438,0.25842303956318075,0.13364687907067627,0.12179483828150411,0.3198344848457092,0.11038761627442881,0.23732254548426054,3.0590472543309546,0.2771963664627743,3.73388225716149,3.0119385180169003,0.2142665469583885,1.7376105016546315,3.253004166709677,0.6322197848040471,0.33641146283326634,1.589876563842301,4.95117184155231,0.1624979575124312,0.3881923183527764,2.1365817340021613,0.4009586286353235,3.5512032718520206,1.7748049491338684,,COMPLETE
67,0.36925601757155413,2026-04-16 10:30:13.353901,2026-04-16 10:32:34.603903,0 days 00:02:21.250002,0.11705094964621113,0.14409108530155718,1.308558214627308,0.8208794474662697,4.908731711003118,0.686698188761977,0.16734130212557918,0.158035356802474,1.007281805033931,0.10056059107121723,2.55991337888256,0.16684240709087125,0.1137890193523887,0.40255101335872595,0.16619830585902418,0.6036358435339989,3.8585407493848307,0.1414213298695503,2.586707405871969,3.5662300657307044,0.2815443807264069,0.7494767906991013,2.32601620083102,1.0566304939582838,0.3720264192929108,1.8387733538721514,4.0890116031446695,0.2481319220219211,0.2615710228630509,4.044468189231819,0.46643415368307434,1.0866491988050202,1.8403405262338544,,COMPLETE
68,0.3639192803754555,2026-04-16 10:32:34.605579,2026-04-16 10:34:56.256083,0 days 00:02:21.650504,0.1129888564387969,0.1041878856371987,0.6561118327390327,1.1518156719309072,3.6288239035612113,0.30248822455171726,0.21944125146013596,0.2291660955683811,0.46150532951248213,0.18802579121094218,0.1512442724862831,0.20973663866511488,0.1368441566743201,0.27589530538044166,0.13904006245488354,0.2034012078594187,4.011352068126546,0.216825665751678,3.193782107271434,4.268803539419534,0.11260690748989452,1.1227724882716432,0.9851456914764851,1.331068416202741,0.40201201423746474,1.1915863509144746,4.394842551453574,0.3320467819548626,0.32110060050446754,0.10323430687225922,0.5944947608014785,1.4290731919020982,1.0926043792180742,,COMPLETE
69,0.3645423953805361,2026-04-16 10:34:56.257093,2026-04-16 10:37:25.168677,0 days 00:02:28.911584,1.8207169759228683,0.19051153480536165,0.5747265048005499,1.615990747432856,4.272135541564493,0.7503449956768854,0.10061159177068218,0.16774293948952118,0.3099528420242569,0.14413319732426863,0.2431218386786763,0.18119534964222248,0.6056209120271323,0.23498431882014306,0.12437481580565553,0.3268381603326629,4.7546474881163725,3.1319057879002483,2.382831118964355,4.055762983175526,0.13916760902917213,2.0317697970508153,3.797425700624006,0.7825401120668819,0.26665922337537634,1.915296196064491,0.18838683795261044,0.21750080408102807,0.20562512763140314,0.3949454018078704,0.5187708318298718,3.0232847046879803,3.6745381989254193,,COMPLETE
70,0.3751427301213744,2026-04-16 10:37:25.171110,2026-04-16 10:39:50.849887,0 days 00:02:25.678777,0.10017492648074422,0.1575571346831539,0.7580325075712229,0.6665295389936116,3.3296755661734294,0.865365196647987,0.14605392647497134,0.20433923479890215,0.6384942174844153,0.27601109595711376,0.17797834573885088,0.2865854847092545,0.11902799139052157,0.14616202149483415,0.5696141385079443,0.14005454841479612,2.542189507332069,0.3587956343393564,4.682933283511126,0.45331097455800545,0.17217729276818006,1.5644422304717673,3.0923179175182454,0.5340814917813592,0.46310055951294843,1.509910431074888,3.5947069538787226,4.67172067245416,0.15667364901825692,1.1729361401957898,0.30747702296736074,2.0854114150435943,2.529550320158482,,COMPLETE
71,0.375612512992055,2026-04-16 10:39:50.852849,2026-04-16 10:42:17.264805,0 days 00:02:26.411956,0.15495300349578867,0.16098975346787386,0.507573316434823,0.6041934135110265,4.436677021888374,0.9973038267855104,0.11610725015945018,0.1843475448288245,0.5314737968359771,0.2084570844995878,0.19738829566138505,0.13145387812678022,0.10268898504288534,0.16979615116993554,0.11342552916648,0.27869013730167824,2.118514952011142,0.9020015602638646,3.667567920736425,3.615437322641027,0.14523559551914744,1.8521014961752542,3.7259073719135243,0.8246404381168992,0.3201855779847011,1.5364861258774294,4.407297884628522,0.2980527519004168,0.31507446646691173,2.8727578857580753,0.445937331237159,1.622899693254601,1.3377764429516974,,COMPLETE
72,0.3782539924616025,2026-04-16 10:42:17.267645,2026-04-16 10:44:47.615841,0 days 00:02:30.348196,0.14151876503810146,0.23192658045795422,0.6146077175268302,0.7700984361926861,4.627386810295963,1.1026170504332287,0.11416000075762385,0.11871619727011604,0.7263274308006952,0.3493942428841543,0.17635939070169673,0.24885857499951985,0.10684781106092105,0.1332052795027802,0.8418988171198682,0.20045328181762748,3.827188759025783,0.8280083491902566,2.2565207186500484,3.080300507855491,0.10170519559323554,1.1914103681323327,4.527510404742909,0.8830787064382938,0.2775566639580424,1.083277850436197,2.984464968874056,0.3462615953977965,0.36346050074859043,2.4019633395976068,0.4826391233404395,1.982947183939647,1.343919743570789,,COMPLETE
73,0.3771468667498268,2026-04-16 10:44:47.617594,2026-04-16 10:47:14.434981,0 days 00:02:26.817387,0.13851367800058215,0.2542556391825141,0.6412522111396475,0.800036012320725,3.5638191652655027,1.427515831937692,0.12221488465946731,0.11708005729012311,0.7197566230261956,0.3368045307059258,0.28379464616442307,0.2115929683847133,0.7804980926158229,0.14448409730353742,1.0218108398291568,0.20670350483673944,2.7176701143822055,0.681207823238695,2.829254269470561,2.9348743230745393,0.10007801787474484,1.0175428534915412,4.675339955923895,1.5643472670536136,0.21247638720715903,1.0355532092284172,2.8963568939412587,0.3408704346087847,0.3832948764933507,1.9922941956218647,0.4987813901317934,1.835971914239525,1.5373573610863691,,COMPLETE
74,0.36640547793093137,2026-04-16 10:47:14.436986,2026-04-16 10:49:39.945540,0 days 00:02:25.508554,0.900170468202482,0.2057156751657245,1.1801867024134836,1.0555994562657391,4.964308431663607,1.2774948210487644,0.18005587158003128,0.1489433952681554,0.7690189137018306,0.23504530714620664,0.13104838118210588,0.2669800962989177,0.10051923844640187,4.350497793254789,1.008786470841683,0.3655298870422444,3.6192066073665505,0.7743323846129136,2.1082659867074574,3.327099168100783,0.11616356463981603,1.1882516792577453,4.371516198906731,1.142728997982242,0.24613065644979187,0.9016621330482745,2.218873069212791,0.17000938319677872,0.42864227254012754,2.36957245298968,0.3943591634254837,2.4458835254842106,1.9897836718695348,,COMPLETE
75,0.366762815742598,2026-04-16 10:49:39.947649,2026-04-16 10:52:09.371165,0 days 00:02:29.423516,0.11125566715261523,0.22750652477875352,0.545661662340627,1.5151869004319551,4.106339151558735,0.6317131783855894,1.7810513480292878,0.24135412471398682,1.4368664330280114,0.294564349360995,0.16111308772727356,0.22531576745270948,1.1682592668214347,0.13412666922185734,0.8404478552609173,0.4756957072070762,4.336096327224731,1.0706516028841921,2.1624080373573995,4.3958666211349415,0.13362253664619236,0.9277638133300455,3.394005528579295,0.9128637181696867,0.30927147145065054,1.232604564387617,2.9751124397717197,0.24250623834530116,0.28307267618370047,2.9529024212090076,0.2591822161126841,3.731878329005926,0.977992353015896,,COMPLETE
76,0.35924060514466183,2026-04-16 10:52:09.373903,2026-04-16 10:54:28.350424,0 days 00:02:18.976521,0.16112096783702928,0.1153560842178675,0.8316307210813133,0.4439420847203286,0.16492927619031644,1.174491939810965,0.13467308602055736,0.1287279210308537,0.9420411173320601,0.3563999829788686,0.22599356315109173,0.3019904587526149,0.13887980141695452,0.8354626982865517,0.160844318831255,0.13338717356506294,2.8567439495259928,1.975289317931683,1.898989851121431,2.5862825493388417,0.19007928395778909,1.4039664560454812,0.13192387914154094,0.6495936533724503,0.20708727990486017,1.0767039747434188,3.6677624244308102,0.4494336455786898,0.5193316554236022,1.4032566334339522,0.6184502408382628,3.2367593276687865,0.8266869074519834,,COMPLETE
77,0.37816957836942244,2026-04-16 10:54:28.351191,2026-04-16 10:56:46.851270,0 days 00:02:18.500079,0.12438170147844034,0.29436658039052654,0.6140183299439071,0.9602225034746219,3.82583063582072,0.8615593156825432,0.20174293199441257,0.11161280187436838,0.4958096677185147,0.44359349243934404,0.15029651602041935,1.3305525793127018,0.12428400928528573,0.22473731359789662,0.13813747614400218,0.10979388494434009,3.5142665482773534,1.5572988920370292,3.029364272990147,0.10634456879315288,0.11172330848572888,1.715406674327771,4.389103331401854,0.6021713184463245,0.27293912269608417,0.12149958791243474,3.401800402745468,0.595509013227035,0.23678138354080255,2.473168370005933,0.7551002118212237,4.386885319655669,1.1566019563228147,,COMPLETE
78,0.3804717953323298,2026-04-16 10:56:46.852359,2026-04-16 10:59:04.378927,0 days 00:02:17.526568,0.12397088156116842,0.27690633793486863,0.708460530945728,0.9844032750951861,2.479290102019391,0.52914874666482,0.162502709613033,0.1115255987504875,0.343744289042395,0.43455668780143897,0.1129382076326055,0.1815154902649753,0.12508895666869124,1.6350819995684742,3.3944632423524967,0.1097503934239447,3.5074100861318143,1.4995166241806546,3.196095471217436,2.1300165669497426,0.10903106997732794,1.625151035906782,4.90844298501755,1.0780412244035125,0.27775930877090427,0.6630352213406855,4.834434044065634,0.728710345347304,0.18203589407192933,4.699104378475175,0.7388570482989435,0.6759569980087253,1.3019482383145868,,COMPLETE
79,0.3811921555319572,2026-04-16 10:59:04.379863,2026-04-16 11:01:22.091474,0 days 00:02:17.711611,0.1273484109167434,0.2815633552382546,1.0590779908330954,0.7582429404664496,2.388949294461722,0.3851263583577021,0.20355231693934034,0.10699793643841018,0.3519616329672065,0.44762191051404204,0.1461243681542991,1.2334553575876839,0.1257268200814184,3.024442460823748,3.241375098020888,0.10723192496696457,3.3840511259195716,1.6005995242843154,3.0357380199024604,0.12726179247778197,0.11152212672166081,1.6940718752197805,4.933692063429575,1.0707381710486052,0.5317282608421661,0.4191080795558287,4.792903344004578,0.7572830901741456,0.17503841473356588,4.595180836262472,1.0042407833200664,0.7833949834770912,1.1204854152770476,,COMPLETE
80,0.37973130677261474,2026-04-16 11:01:22.092249,2026-04-16 11:03:40.481369,0 days 00:02:18.389120,0.13591147444301463,0.274598896028885,1.9620631326656748,0.7440651694297954,2.478243719485406,0.3625885698900879,0.16561010260111617,0.12239123860233979,0.32641536318190434,0.5437420426093326,0.10831249366792485,0.17917170291370385,0.13938855850461146,2.3206746359940142,3.3438232588495134,0.10034901801000284,4.484032043143849,0.4235531173450334,4.929155203170023,0.20674307327342592,0.13327414688996864,0.6523746446660614,0.33550909445431,1.4602832524926987,0.5271274768021729,0.6504852206935402,4.639371238528935,0.7115850064211704,0.13151371116365157,4.813602560560204,1.0340970462050343,0.5364268282695498,1.3637334459007984,,COMPLETE
81,0.3765274180189347,2026-04-16 11:03:40.482260,2026-04-16 11:05:58.190290,0 days 00:02:17.708030,0.13289649239800608,0.26387086197026083,1.6123701178648997,0.7492116228194872,2.3619401009263834,0.36182600801576814,0.1633072172006612,0.10405743444563872,0.24837086223187588,0.6495541263239495,0.11209148217646882,0.1829040315593715,0.1449249212325892,2.5249857825917053,3.430880629118794,0.10057507517165454,4.826790350620769,0.28623042394677134,4.0925874589235525,0.12482251728273529,0.13115652868220629,0.5484323340932674,0.33785794212338277,2.102362643557292,0.6399839885161561,0.4065297706815759,4.949661664840613,0.7177006333216249,0.11731638967888841,4.97305961603121,0.9879279821696201,0.5265813261453609,1.3955265825572156,,COMPLETE
82,0.37873137201598334,2026-04-16 11:05:58.191112,2026-04-16 11:08:15.970432,0 days 00:02:17.779320,0.12228426639140569,0.22352051994744143,2.5416391146725283,0.83718932637118,2.139582340137408,0.4486267696700304,0.14336470033031823,0.12128609991614983,0.3540731901386806,0.5379863446562295,0.10677499295936377,0.1324912782113868,0.11004069590322448,1.889728937389029,3.772640913508718,0.1305559501284397,4.296723260430818,0.4363496050397055,4.8202849952882545,0.17980280029046827,0.10000242941207724,0.7353593917369285,0.49031475374463396,1.469266855213186,0.5460185113208358,0.6182564581699611,3.9455661216904434,0.8548468222916383,0.1372176214349423,4.609300733292685,1.3423548481949525,0.7340453373715172,1.2641660882708714,,COMPLETE
83,0.38170186980248355,2026-04-16 11:08:15.973373,2026-04-16 11:10:33.893185,0 days 00:02:17.919812,0.12236189193869534,0.18353920340687607,2.9131790591227023,1.268344066187986,1.5364473117960833,0.42405609695029306,0.148510499002129,0.14381652534090697,0.26126094463000965,0.5380475312824725,0.10325552462251976,0.1276821929816152,0.1322214742646413,1.5446688830789093,2.9004360563476586,0.13041076041476032,4.336285668827189,0.4066640145672087,4.65783482958917,0.16930510359765494,0.11766025330054677,0.39985218802201367,0.5192888567646431,2.363857430527105,0.5590438195047872,0.43844311108496864,3.936764412037316,0.8162590774459109,0.17201824695391085,4.613209475645639,1.2494837744301843,0.7300202503228673,1.6640305315578958,,COMPLETE
84,0.37780923109133796,2026-04-16 11:10:33.894019,2026-04-16 11:12:50.996298,0 days 00:02:17.102279,0.1098199831285787,0.18210138644200452,2.805342589937316,0.8545280805310737,1.5591049207913623,0.41914120295374463,0.20864424784116592,0.12562002148494644,0.34973287993932106,0.4191145149967605,0.10182122048610738,0.10204812776012123,0.13434366333701053,1.464928932786389,3.050138758622995,0.15441449315981357,4.355096902951545,0.44960864308995613,4.709987728240042,0.17800923336027435,0.11462692002658284,0.3903337755701641,0.4737137671330395,2.8859493185871132,0.5588992177839633,0.6318192214509118,3.9035242309452864,0.7763571536918193,0.13838497144965806,4.612394330997791,1.2116789279285411,0.6972919571733257,0.9128326760906949,,COMPLETE
85,0.37403258781433835,2026-04-16 11:12:50.997522,2026-04-16 11:15:09.296796,0 days 00:02:18.299274,0.12216018574891141,0.20565550205919458,2.5696586877067573,1.3216290213006687,2.0865791263263764,0.2428264699392505,0.25735622995118873,0.14341469530222228,0.2742572727611715,0.4862728651182992,0.11165329813348888,0.12066299501629493,0.11490228373483202,2.265477694465108,4.818880343249575,0.1328312088329091,4.380626451649,0.3093909113906604,4.154231706354635,0.1978044543203711,0.15719840303977883,0.31536839159453284,0.40315930772246816,3.912969186703951,0.6945511646763503,0.44963513464079685,4.660678161570276,0.8684164544855031,0.16829901054396762,3.7787442472049797,1.6145363315074697,0.8255551264332252,1.223661986802486,,COMPLETE
86,0.3710391092273547,2026-04-16 11:15:09.297858,2026-04-16 11:17:35.457335,0 days 00:02:26.159477,3.293780266692341,0.2831216387108454,2.625232974926102,2.1160460041958085,1.949762311071841,0.5227574840758151,0.14400954818370112,0.11080648429019953,0.2130664944729325,0.554554219660948,0.12649136657141632,0.13817593496219674,0.12762539679894921,3.236294334038315,4.05823336806367,0.12876250943119116,3.0193580429359548,0.40076887854910276,3.4494312534793012,0.13946158092071545,0.1404396574694645,0.4261301030221984,0.5541965162077483,1.4628031641146895,0.49366823326259285,0.5528074849465028,3.9593483539653533,0.8608665114937873,0.1225173830281046,4.1741435336735595,1.8401852300575523,0.6070860912689693,0.7600625054646893,,COMPLETE
87,0.373035564395441,2026-04-16 11:17:35.459192,2026-04-16 11:20:03.914482,0 days 00:02:28.455290,0.15909717214053662,0.33284440154940365,3.073976725692084,1.0063170093034077,1.2899922925407026,0.31704937554801427,0.18101558729866532,0.16438775959905302,0.16402104617864868,0.6891706963038156,0.14190487126640705,0.16721483951958196,0.15141811437047942,1.587925735119945,2.0835937578721304,0.14331936442416165,4.9969671530783115,0.2090376758978263,4.9217318792914275,0.2244398448236152,0.10960469984931134,0.2411635987636964,0.5066503818838509,1.8811334447042884,0.9455684655558201,0.3174949555864278,4.954259396449561,0.6448184864394247,0.10076614451454953,4.723017633150199,1.1540531078349217,0.44756931814025863,1.9193043180482483,,COMPLETE
88,0.37599288884307835,2026-04-16 11:20:03.916677,2026-04-16 11:22:32.058956,0 days 00:02:28.142279,0.1229690880120512,0.1421462826305423,2.159454593461197,1.1605391981883484,1.6705715735023565,0.452129800218301,0.15942704343037606,0.15092800794710406,0.3499088345994897,0.3758463522267564,0.1014501279481456,0.1662224514750178,0.1720063287936295,1.9258935551260297,2.8689682643769556,0.16231442255889797,3.5594343631086134,0.3279064792483961,4.027016562107558,0.26162637595707133,0.20511230318326854,0.6733143753644173,0.26721595076517407,2.423693665588233,0.39373037153064344,0.6471570723947244,3.4247697965048634,1.065822650722566,0.19010823574165975,3.599216459177947,1.2793313113283,0.60492375291668,1.4952459760677368,,COMPLETE
89,0.3706037708056634,2026-04-16 11:22:32.060791,2026-04-16 11:24:54.907916,0 days 00:02:22.847125,0.1868263947665787,0.1739710653876659,3.640996772862143,1.412713053674912,2.4298077904702686,0.39175929314965835,4.869738250312117,0.13220992087342223,0.42935224245083353,0.8260723037073133,0.12007754280401108,0.11785759983568096,0.11133186290902355,3.334547787386284,3.909989807969193,0.10612143202031064,4.213271984138869,0.5378799413182315,3.3418263622563202,0.15250273588447888,0.10645845751478106,0.1299946251714107,0.6698799729058982,1.2013733330066014,0.6161806969647824,0.5401658396654612,4.554677073643374,1.170221881781194,0.17516081105364084,4.067521206068539,0.891824921197512,0.44850262901775706,1.719877070017037,,COMPLETE
90,0.3741428524214609,2026-04-16 11:24:54.910582,2026-04-16 11:27:18.173146,0 days 00:02:23.262564,0.1358783359284481,0.2754928421617811,3.450123917363206,0.6562337753081985,2.185423303954404,0.3202885369294187,0.2246280686461404,0.10449348691905662,0.30539661556599806,0.1984305885048855,0.11257118394186852,0.1497829519181344,0.10056788416387068,1.2035119078746266,2.4588959018340404,0.18606258632467448,3.2715489945996827,0.39165829965463594,2.9641849656565338,0.10017729843497165,0.1220583112909901,0.27642939791466786,0.7332256102486292,1.0784201692516344,0.4868657082565996,0.41739803873133613,3.8330953981606526,0.7226682296921569,0.155582207278846,4.586291953576491,1.0739192110602584,0.7698144609943698,1.0347599735264215,,COMPLETE
91,0.3827661911942527,2026-04-16 11:27:18.174357,2026-04-16 11:29:41.840292,0 days 00:02:23.665935,0.10900169756543723,0.2160444603049405,2.225978958691558,0.7212889037342993,2.4718628879900524,0.5056812434549178,0.14088349265429506,0.13856514503675424,0.26010795834803035,0.6066381038090477,0.14322518171196544,0.12641260314448033,0.129117596064818,3.235381165502604,3.2822365989298343,0.12111404292880017,2.2237655842468906,0.44840056060645667,3.815684645785794,0.28569292221111026,0.1276829006918806,0.7734112614108151,0.4315339824378309,1.9259390403335834,0.7852176532488294,0.7319466846858461,4.228823113260831,0.5901356926877059,0.1450263260291265,3.511092554930755,1.5179976266807387,1.060430284798386,1.6383229546440905,,COMPLETE
92,0.38058669954449054,2026-04-16 11:29:41.842351,2026-04-16 11:32:08.991020,0 days 00:02:27.148669,0.10013874805626267,0.20923606773664813,2.1002064069173567,4.7953968236635935,2.4640780533978845,0.5157152012642849,0.13975951042392676,0.139744815967773,0.2552396383078597,0.6419173492951198,0.1293820565004971,0.12440026826661056,0.12477131446344071,3.167330853477527,3.5750727746959905,0.1241806530493073,2.403452711674539,0.446747932583162,4.457501542490612,0.33103870586903883,0.13620381206468518,0.7644831750534627,0.36959254522401364,1.8712242243117994,1.0214904064853225,0.7218868939770177,4.1313285210295545,0.8554920007639427,0.14341703254176025,4.983495873938138,1.4857207621794006,1.107492407056915,2.3370889583354377,,COMPLETE
93,0.38051950543208923,2026-04-16 11:32:08.993264,2026-04-16 11:34:36.808438,0 days 00:02:27.815174,0.10634219761678673,0.20908667577089116,1.9414961676616063,3.3174867845123734,1.9937876375681336,0.5130884483788765,0.14561618557288353,0.12397252173581755,0.2347585150661298,0.6109812542224775,0.12457019714975247,0.11003840529060593,0.1294029073893952,2.902588490827981,3.4967722736308153,0.12342690604840713,2.3468438274089385,0.48352509558695156,4.334360640899977,0.3115632527487593,0.17411266380447113,0.5651348838617575,0.35269278193432496,1.8553063564087469,0.7720056165670885,0.7539350298460136,4.002527621583282,0.8935888718037467,0.13967255775662282,4.950874864152843,1.5117187501886729,1.0788561767454137,1.2663381755003633,,COMPLETE
94,0.3758043556943719,2026-04-16 11:34:36.810629,2026-04-16 11:37:03.489910,0 days 00:02:26.679281,0.10704619502816899,0.19650873873001984,1.9053034043196206,4.390805199972271,1.389705163621399,0.5086774531126657,0.1875198420716607,0.13310440785562314,0.1743634782355648,0.6007120131349272,0.14835599801878152,0.11476555203904558,0.12671591486958372,3.261151881740926,2.8394457181982102,0.10774302925349676,2.362726736453907,0.4987851965114763,4.34760677027834,0.32428883344052106,0.16247032383011017,0.558937743386845,0.3892018772994593,1.92983243938198,0.8666230450183791,0.7035790259377092,4.251005656368307,0.5913797771800893,0.11231086725009276,4.952344528660323,2.3035818063837676,1.1288540306257486,2.353012901505913,,COMPLETE
95,0.3736069932881018,2026-04-16 11:37:03.492916,2026-04-16 11:39:29.110669,0 days 00:02:25.617753,0.10088558929102064,0.16846805966137168,1.813635066456214,4.975120063792377,1.1175112603323072,0.5806702583826506,0.16172742333608855,0.14639328764397222,0.19130387986695893,0.45736889276271075,0.12704934386766767,0.11382819491909026,0.15048932971268886,3.71195159852181,3.2799643058621064,0.12234992369912677,2.394318836956244,0.6018515387571696,3.8689996041697055,0.2955170045582451,0.18109399268434886,0.4802460558441874,0.3198530103045754,2.995062753392692,1.1553407146307528,0.7580932372323751,4.616239506283769,1.0582588140695228,0.12258342416310623,4.065132682199644,1.5083312403607152,0.8765848535959413,2.0833382716924613,,COMPLETE
96,0.37778636293100687,2026-04-16 11:39:29.111415,2026-04-16 11:41:54.282438,0 days 00:02:25.171023,0.11266861283535527,0.1501584135946263,2.342070502322536,3.826112624789759,1.7422985489665475,0.40907371600025283,0.13405187174438601,0.8270134179500439,0.24285511844507565,0.688434153417287,0.16659186280444474,0.12139057200198335,0.14011969476199787,2.7902911189028314,2.4387485747836,0.1000097480922332,2.751971996472744,0.47217035905851756,4.48076865213464,0.4334006742572576,0.1357361526470135,0.805904415449809,0.2086605349916097,1.6702991482038054,0.7529047659145317,0.5081308117948846,3.252957326619788,0.692565164006789,0.14767774423925492,3.781096320187147,1.9081221138654616,1.0406269142170559,1.1136605940170758,,COMPLETE
97,0.37270392741655817,2026-04-16 11:41:54.284501,2026-04-16 11:44:18.948322,0 days 00:02:24.663821,0.10864783628410202,0.13474708784545328,1.4625317740543473,3.021911547698472,2.455023033566211,0.5330283113690478,0.6397310831665716,0.16604709087954272,0.2750617760396978,0.6270510256938633,0.20833462126200716,0.14379366277330938,0.11929579380280875,2.8753239970572837,4.494437281351574,0.14791724148425936,2.2697241834101414,0.3979119580858805,3.4166244006802726,0.22326028785968074,0.23722937288692644,0.5632607849818089,0.2863351352620604,2.3128123596926757,1.0742372945098255,0.36003840671031295,3.6135252193974763,0.9450809722323581,0.17837456820143063,3.4834363838398477,1.6226322317953665,0.9668411551892275,1.882698001628954,,COMPLETE
98,0.3752910251930807,2026-04-16 11:44:18.949756,2026-04-16 11:46:42.298248,0 days 00:02:23.348492,0.13048262665481278,0.24197140542252382,2.0038569481519315,3.3379127789357534,1.604213369794732,0.48563620841137517,0.3097251247275694,0.1061834259159943,0.2244303732349176,1.9476559981578618,0.14039016735514845,0.1064470380667635,0.17398282089683265,2.3165595506825296,2.5305736437436073,0.11374391411323945,1.7305050614169337,0.32815722016162413,2.578405945837261,0.37592479291865355,0.1519498692415859,0.6465528943583255,0.34127801212423303,2.0929959425557905,0.7943978981946938,0.912003411439809,4.975137225000798,0.7648125433709998,0.2127083062850912,4.306414055456815,0.944401611091771,1.2507807615958273,1.5574043538831512,,COMPLETE
99,0.37554937976075103,2026-04-16 11:46:42.299402,2026-04-16 11:49:06.354642,0 days 00:02:24.055240,0.11886302631579913,0.21133507628101486,1.116148940907009,0.7249075357973059,1.9122340284499055,0.26529353791389526,0.15124438809155832,0.11851864107653742,0.27198699397980086,4.687509477144798,0.12257221722470395,0.1659229488543862,0.15932281320975203,3.946961953547621,3.544285198137173,0.1416286733977167,2.0166740771342218,0.5563538942761775,3.1204561101304216,0.270043897692121,0.8098519699543851,0.40310601452020944,0.43827033728855147,2.591179447708922,0.9429398801709841,0.49929494474551667,4.26475673230715,1.2360208850227232,0.10777530098876904,3.8701560808058706,2.2955607762430343,0.6452623479033106,2.2507911916987857,,COMPLETE
100,0.3685704778114204,2026-04-16 11:49:06.356487,2026-04-16 11:51:30.290934,0 days 00:02:23.934447,0.14249954770500228,0.18449272723001567,1.7083150708943478,2.4928035133658124,0.6025960640982979,0.349031170073071,0.19735403822952893,0.10016201090063172,0.1304206778771162,0.8424277855983325,0.11084768821816345,1.7480691202221967,0.13276228813558752,4.598291807751888,1.7541469213636118,0.22562682290785002,1.9295051614003609,0.2613902714166293,2.8180299755227893,0.2057871283610283,0.3883342928257434,0.49549738625911405,0.3719442778779979,1.6035666554463932,0.7111046104659801,0.28559457883973277,2.675524933336917,1.5621154092636909,0.15140584995588274,0.8018988868499729,1.0746334977793235,0.5107620874903585,1.4319381267119313,,COMPLETE
101,0.3788960938902191,2026-04-16 11:51:30.292179,2026-04-16 11:53:55.910304,0 days 00:02:25.618125,0.12167599595175786,0.22110015800744603,2.2513859623310664,0.5653133208135244,2.6261482741722277,0.6455474283013661,0.14529904680144662,0.12126739046811914,0.334926589721656,0.5324943315829282,0.10991461927739048,0.12815244796449063,0.10889160150772338,1.7202772282886534,3.9022226098079345,0.1292440461831128,3.3117238882920828,0.43277710265375213,4.932999322830871,0.1830552442622782,0.1277597579188932,0.7762052654668918,0.4899136150865194,1.5074639097359088,0.5867413492110803,0.6015152610914954,3.9197258082002833,0.8359071115731611,0.13627922379914126,4.6585916712245865,1.3783711645659609,0.8066262602739279,1.2505457443120183,,COMPLETE
102,0.3729909314159253,2026-04-16 11:53:55.912309,2026-04-16 11:56:23.540341,0 days 00:02:27.628032,0.10648549316192801,0.3213316736061909,2.17685927197617,0.5533048420731015,2.7196361634569595,0.6568096573667431,0.17284518321293085,0.14188356423197415,0.3303026435135404,0.5016862974441397,0.13169695667248574,0.10783426615074246,0.11908092920356377,2.1386797721048496,4.465254098134667,0.12248896328255766,3.383909837086114,0.3787828166985877,3.8150917208474455,0.15654171752951473,0.12660328308026444,0.790407664868782,0.5622929812508642,1.8043441832703302,0.8556244264065977,0.7108550892250273,3.70619946494482,0.851541510638724,0.13052435158811757,4.435025054901716,1.774125743512712,0.8300322952943064,1.7952952923190422,,COMPLETE
103,0.3779385344797401,2026-04-16 11:56:23.542223,2026-04-16 11:58:55.448165,0 days 00:02:31.905942,0.13058555634464353,0.12558779950572424,1.5474478051980978,0.6909273014749826,2.3275628775347723,0.6057257086962153,0.12873184313005667,0.12842345272534209,0.2342328710071868,0.3961006418180774,4.493341454460574,0.12804193277778342,0.10913460318071261,1.5692278687391852,3.0050220599937982,0.11185337214891843,2.928938566605215,0.5130553049851346,4.139521788384957,0.25356205375637425,0.13790814734407847,0.9112635346086684,0.35541221750814633,1.2853200213544935,0.6093019892797191,0.5785976409257972,4.08594809232147,0.6608140616731503,0.16975721778973898,3.5549636645456224,1.382311816460873,1.3543451388840524,1.2979875498603475,,COMPLETE
104,0.37618545523400554,2026-04-16 11:58:55.450284,2026-04-16 12:01:23.717552,0 days 00:02:28.267268,0.17150903915874147,0.26241889953826275,3.032451582377388,0.4597990632988798,1.994895218770745,0.7110016748090283,0.10788171937862534,0.15646429283360885,0.4243687219753436,0.5246046885282744,0.14367929381626396,0.14457213555860016,0.12952334373275295,2.7626274735375564,4.152989508669285,0.17182407094278182,3.9151755288282715,0.4281711557107037,4.481162274293076,0.12477887982221712,0.17066819127709407,0.7137029443984034,0.43622387288127135,1.28053040950609,0.4264844860902437,0.4331325006291206,3.1237411883607593,0.9109891927797515,0.14230596940063134,4.189671305668981,1.4824315483361212,0.7935355655495985,1.6318887335522319,,COMPLETE
105,0.3808186191679611,2026-04-16 12:01:23.720499,2026-04-16 12:03:57.585521,0 days 00:02:33.865022,0.1182483935253752,0.22114913721235266,2.3441910798700842,0.5772114935193012,2.548720168917388,0.4847697434676914,0.14035105566746872,1.2861794626457266,0.2006586779664146,0.7249238669733478,0.11836410667088376,0.20049528667686115,0.14389980075304923,1.2474876781326185,3.7192098482157157,0.12562952286491116,3.266778365223441,0.34393869001462085,3.483796730675245,0.17605596444856786,0.1441998436178604,0.6137415424883842,0.5189093800246951,2.24131628992615,1.2856511424288801,0.76766940813317,4.648347287282805,1.0150346842969074,0.12570357545634375,4.989804070959281,1.2190993900872302,0.5717749196859724,0.9961990973666149,,COMPLETE
106,0.37783540730449194,2026-04-16 12:03:57.587719,2026-04-16 12:06:24.650497,0 days 00:02:27.062778,0.1009170593992928,0.19107416502458477,2.352953065946287,0.48793613373964756,1.7843134021087048,0.5464245640311223,0.1658271243858953,2.7061304819505194,0.20216999836524663,0.7508309530923415,0.1005011320576226,0.1974055137605316,0.18881240520162262,1.2843283869044975,2.732651226617107,0.15888312315295658,3.6185376395343027,0.330402327726455,3.2952831172868855,0.1373094087075232,0.1475003343014332,0.4499876797474244,0.3052294101517694,2.773658894692178,1.3056232761577269,0.7584044712589485,4.617530048016231,1.003455344663497,0.1942384424951889,4.979274297503991,1.1784204933022528,1.148620045569367,0.9891769608884292,,COMPLETE
107,0.3801241879751974,2026-04-16 12:06:24.652651,2026-04-16 12:08:48.275098,0 days 00:02:23.622447,0.14626035046759508,0.3651969261936512,0.7041593047468284,0.6444411171237536,3.10302500796915,0.3544645393800264,0.12433782953895982,1.3524836569911396,0.27036800468075733,0.9343867138962187,0.16923112441748445,0.1768326626211697,0.15104328696916025,1.3369681102632975,4.99029173263679,0.10594431647474976,2.657825985798737,0.3530714741170409,3.7681854079276085,0.3400743030609669,0.19336779243553404,0.35683433121171215,0.2341787758885031,3.279145024865565,1.6748669345471257,0.874485861456561,3.49500762537029,0.7666267896658326,0.1585439297912591,3.133786759097567,0.8544527132423662,0.5842060587304939,3.281101138519854,,COMPLETE
108,0.3684040721869864,2026-04-16 12:08:48.276393,2026-04-16 12:11:13.628203,0 days 00:02:25.351810,0.14828385518553452,0.3969392858276486,0.9586658409171308,0.6105237218741587,3.020800832608541,0.3472285718602348,0.45794291257054426,1.8135832212609686,0.2877887244985096,1.153889888699261,0.17203546924346477,0.15838738541296352,0.15700128566418495,1.351321017971204,3.2128021376887133,0.10531018321889042,2.571463073770922,0.3571234153392203,3.6826901904170453,0.3841392508245703,0.1954899649214006,0.3105341670934134,0.22340174791275716,3.25398255980102,1.6131244589304656,0.8476728621866751,3.46168477018919,0.7387899731128452,0.1668499180483861,3.120735464302405,0.8643898295026098,0.35930327547205776,3.5636880594050213,,COMPLETE
109,0.37976621646650566,2026-04-16 12:11:13.629661,2026-04-16 12:13:40.491532,0 days 00:02:26.861871,0.16430426468053072,0.36409519558618986,0.7113245943760126,0.9077247178416586,3.2868677369604824,0.2880999426164739,0.13977111327874708,1.1231886118290404,0.18647843857164886,0.9297259506024455,0.15780153353172266,0.20550684839538655,0.14519664957427963,2.0306941009516795,3.700547922130241,0.11994609685025322,3.078878756621928,0.615321592524236,3.006790522182322,0.3336403542668452,0.22221939591121997,0.6129849024458741,0.26651924572309726,3.7405707866641023,2.054539937959655,0.6523132722608677,0.32545976419815353,1.1183980358809151,0.12670525043585348,3.9456748460878814,2.0771637977904116,0.57486476916837,3.206782541844147,,COMPLETE
110,0.3722127727960249,2026-04-16 12:13:40.493867,2026-04-16 12:16:10.046641,0 days 00:02:29.552774,0.16890156045068436,0.3580452237459464,0.8299515453816977,0.9088000436614566,2.9121726610615064,0.2337721677838324,0.23613997814226984,1.3048420284935838,0.15224358815622802,0.9745696350647459,0.1211837258480078,0.20718565276057618,0.14539988591233483,1.0478995104046442,3.530715471264437,0.1190565271684882,2.252941961376162,0.636702903025084,3.954814897713764,0.34081409047829353,0.2734381216447699,0.5906486192626608,0.23291800642911661,4.703116842969713,1.7822745277456176,0.6644653067977775,0.3718295565555052,0.5800472280332807,0.11627517527653598,3.9862779897408065,3.3216672297934147,0.5713972952727963,2.986773146061309,,COMPLETE
111,0.38077429486722486,2026-04-16 12:16:10.048589,2026-04-16 12:18:32.564133,0 days 00:02:22.515544,0.1368729119523717,0.2968440871817813,1.9225930495263528,0.6471133557670621,3.296002237282353,0.2882279668526702,0.1279452683269869,1.2202232709746144,0.17631412727833834,1.0696972913748541,0.19007953695947336,0.17773124346672473,0.1712227170505384,2.0862675959851815,4.807087792190318,0.14098025800346953,3.064044428818607,0.5911484540653605,2.9692755429652093,0.2958013052554784,0.2164708071933954,0.36142788217137767,0.1882261841411637,4.098622366389733,2.3379646886459122,0.5185693290108399,0.30005570765199685,1.291096373531653,0.12408921168566152,3.634684894685993,2.021238240336785,0.6620995293237654,3.189959668788548,,COMPLETE
112,0.38007595649760617,2026-04-16 12:18:32.565249,2026-04-16 12:20:53.060847,0 days 00:02:20.495598,0.15444463288610558,0.28469125802239864,2.0359292316529887,0.6463634017718778,3.3655717307775945,0.30341732121793324,0.1389671817003634,1.2471719408726598,0.1706465150427399,1.3084295950131546,0.1896833658750532,0.1863518243293919,0.1700365291502247,2.060639777922063,4.988554768068108,0.14042097038202295,3.130364703790758,0.5450206277362546,2.4023024996204443,0.2967534257665876,0.22874444505931454,0.5344332192620883,0.153886101092571,3.595813062955475,2.561513034660517,0.5072157035525852,0.20876959523906666,1.115619232357574,0.1607900606938277,3.5876394723323606,2.075023112654889,0.6463570470771776,3.453371807296449,,COMPLETE
113,0.3664708587458058,2026-04-16 12:20:53.061863,2026-04-16 12:23:12.077536,0 days 00:02:19.015673,0.19509690580527603,0.3085558330348184,1.7863161488962436,0.631109583453355,3.270405015865066,0.2018608412538599,0.1393704193519949,1.235907982859147,0.18052053081346778,1.3388923701268176,0.194342030755871,0.2243459310609721,0.19695951751358726,2.5068991569296495,4.669326880669788,0.14130708612079684,2.6776703378984035,0.5967591928381696,2.4566610224282224,0.5169389356564353,0.21926927775710683,0.3472795404823366,0.1865455987525015,3.839501598363633,2.822885532668547,0.5149593272854663,0.2692561127088778,1.4046715606703906,0.1592954669120195,3.660422398567235,2.576485368152571,0.6612565250738001,4.556734408230146,,COMPLETE
114,0.3761759381045201,2026-04-16 12:23:12.079270,2026-04-16 12:25:32.709657,0 days 00:02:20.630387,0.15765644845534155,0.40095473108259083,3.3424253299480724,0.4914056698214296,3.3490580760876685,0.29803551063390715,0.13521217590077836,1.1504738590928436,0.130169542321269,1.0804416922534557,0.15768450995732677,0.19557643959909954,0.22051706548904706,2.0990194274368865,4.988300917053494,0.11645266202570408,3.1183770349337316,0.7253340938433929,3.0650412485978276,0.3046349346126406,0.25887520356488036,0.5156670249990959,0.17804751205403221,3.310351568006637,2.3489592276028772,0.4764835613323375,0.182784478066212,1.7712043385182532,0.10527011064168765,4.360552737948943,2.1403460190991366,0.922633925630528,3.4178126968113314,,COMPLETE
115,0.36061891771459254,2026-04-16 12:25:32.711161,2026-04-16 12:27:57.895105,0 days 00:02:25.183944,0.14899715962965632,0.23546325332142054,1.4420928115731784,1.0034105922390557,2.7415213875251747,0.1530346828195481,0.12487427707721416,1.545889487110697,0.20891421335514407,1.2339016137193268,0.15342939859684634,0.15252311023003218,0.1673181634416481,1.7858118111904895,4.277218885283755,0.1288163046868363,2.904126914687218,0.47075077503914486,2.660450548312228,0.29268487574012597,0.30505146653063336,0.44387497950578736,0.17276282925796552,4.238395685041617,2.6172595817793876,0.3966310473616747,0.14401733306474282,1.1254699386404345,0.12030122246794711,0.15241872540586388,1.6889605611365488,0.4988338360749564,3.2789618646190193,,COMPLETE
116,0.37906413615984813,2026-04-16 12:27:57.897139,2026-04-16 12:30:22.553531,0 days 00:02:24.656392,0.23614158536047458,0.2909113454600367,1.0657626621107068,0.3966104692629765,2.297479217080934,0.27996523850441857,0.1550363588488188,1.3932538365402856,0.18250799921480476,0.8119225599718245,0.18569101574514804,1.1134908380322075,0.1840204125852773,3.079172248803151,3.6557137423872184,0.14782290595033937,1.9017217047457755,0.5691937051310831,2.2531332643489277,0.3571532781515622,0.1793896245157089,0.361798165997138,0.15353813939152794,3.7203153753889904,2.005786376223294,0.7391604239826582,0.2160336036539634,1.327994183536033,0.14524467374383285,3.4213197761978678,2.926961776443028,0.6043675711255375,4.2637149914371095,,COMPLETE
117,0.3779975954699946,2026-04-16 12:30:22.555525,2026-04-16 12:32:53.077513,0 days 00:02:30.521988,0.14111119191428012,0.3381401768980411,4.091484058883983,0.679518570554471,3.1044460381971577,0.33086056171636713,0.12404525600159344,1.0868475815635852,0.25298868893422133,0.9096706134711504,0.13491792808385777,0.14075273415526976,0.1522229128937319,1.4346917743895762,4.270561517740028,0.13635519574729257,2.4657208981974,0.49797893088580836,1.8224484418039408,0.4226357266620749,0.20957164089171282,0.2727275457989615,0.10966471830955617,4.27471895103004,1.5200864692295408,0.4566916171836901,0.2712933308130064,1.1588122223927262,0.19682315104250672,3.1590597147429893,2.0262922030200654,0.47593870710773084,3.968634668766709,,COMPLETE
118,0.36933745886518643,2026-04-16 12:32:53.079646,2026-04-16 12:35:27.576999,0 days 00:02:34.497353,0.17989589377879334,0.2424978935259153,0.7233765460501262,4.686635925355949,2.066219080525803,0.22404307044312705,0.18447375391656518,0.9385490971285833,0.14109743788353457,1.6463130149620833,0.20830210099030064,0.17108170531656489,0.17162456005127458,2.0712480314852373,2.634800587652772,0.10995815308436203,2.21635282086629,0.53404630040277,3.484903473534551,0.24510695026742943,0.23031895565369068,0.3896064160121835,0.15538697076113364,3.563474548829022,3.6015666424479353,0.9845219392179941,0.5258050484540955,1.53349318569862,0.18166530767411632,3.9642037072506153,2.4510629820168277,0.38358067448667715,2.764630421769515,,COMPLETE
119,0.3745123036647978,2026-04-16 12:35:27.580618,2026-04-16 12:38:01.516055,0 days 00:02:33.935437,0.1174188567320881,0.31418114185708546,2.8393459864596626,2.052725747911466,3.465778573336949,0.2821021653021377,0.1511205283698425,1.4464865698068574,0.16257000120606283,1.5689063632669662,0.16399759773584308,2.5250361603041025,0.1273740448508062,0.8834339037680871,2.235926446721221,0.12335156273837757,3.1770854601654963,0.6538792746514384,3.1624820764912225,0.28452630417070535,0.506138828307193,0.3225728198446379,0.24944289402492137,3.0695852654625058,2.1787913570004034,0.3630674570787468,0.3268461144259807,0.9939801232173995,0.2222026115677671,4.2386303205095714,2.0514223526505964,0.6941455362535851,3.8864998951446967,,COMPLETE
120,0.3773813859382866,2026-04-16 12:38:01.519350,2026-04-16 12:40:27.277432,0 days 00:02:25.758082,0.1658937429709139,0.35892181796366895,2.4649903560896735,3.9011606454323435,2.5182429872609307,0.3985757033373432,0.13684476086244995,1.7054485609587533,0.22892915265320402,1.2214213567963867,1.5371992327689368,0.23381978691118094,0.13956841348142288,1.699855557663647,4.961267709811111,0.15514729089717647,2.691341539277288,2.525033052222233,4.27720952090302,0.7949818895390341,0.16265054591231512,0.5233742002622466,0.2767196373985636,4.737062425347049,2.5443578191959895,0.856635140089783,0.4458743779651067,0.9076501251601348,0.12572294610419182,3.5393300847969953,1.2521531259878982,0.2566617993570478,3.1638562308726845,,COMPLETE
121,0.37780376969557644,2026-04-16 12:40:27.279636,2026-04-16 12:42:52.666088,0 days 00:02:25.386452,0.13113754531027455,0.27426672889395604,2.036583588378104,0.564679213147146,2.5183523115183655,0.36430710438440334,0.1718694848094307,1.0803559971540238,0.26502096560647204,0.9969893160289878,0.1265832340592484,0.18501885941638702,0.14117510133030042,2.3427461156698994,3.118822006610427,0.10024967452678647,4.047236962484968,0.4167377790172598,3.735696627678093,0.3217986943584921,0.11895004430027092,0.687745552353368,0.21077945912324836,2.597994509833083,1.1993121421451396,0.6786660405918366,0.21715210874695845,0.8093739053082667,0.13160656522764194,4.57173255497756,1.0350300848678382,0.5635981886008214,2.6477569272324826,,COMPLETE
122,0.3779039683265011,2026-04-16 12:42:52.669293,2026-04-16 12:45:20.694635,0 days 00:02:28.025342,0.13789099382019593,0.2606377863815189,1.9800230642332137,0.7438509855528892,2.8168569784544193,0.4322331719843379,0.16061863042647753,2.0819423122857095,0.37804927252395665,0.6875253298818808,0.1420312833157468,0.17589681484130634,0.11665418621724456,3.7206954031019914,3.741283982993146,0.11450377267099045,2.9397124585245624,0.46985433753445305,4.42159455347931,0.23292030483579054,0.19269526643477283,0.6066995014038751,0.29764660229657247,2.2377661418541424,1.9276340779226342,0.5738042878925972,0.1663020418820689,1.2580526528855254,0.15849397438793592,4.697448798806988,1.4558195454986544,0.6451464462623816,2.896145264303934,,COMPLETE
123,0.38196257371388764,2026-04-16 12:45:20.696915,2026-04-16 12:47:44.943288,0 days 00:02:24.246373,0.11411537292575706,0.2809869918660966,2.745214929032251,0.8995816541226913,2.304239104042296,0.2526399841926335,0.11682466201009697,1.2942688626308299,0.19390327486225764,0.5805479175663544,0.11530658451524387,0.20110062789587166,0.15744202556567846,2.5496401827891724,3.397699261604044,0.10722462737048996,3.7246002954869724,0.37124860902012946,2.3987204023391895,0.4786945747750349,0.17204479520906515,0.4662941101831228,0.3791994785315302,2.0063500579831737,1.4990785068761279,0.8036922559384354,0.10640722125038075,1.0946299364103222,0.10901637596716035,4.993539735694921,0.7704060245152144,0.3991816058032441,2.333090061190751,,COMPLETE
124,0.3807941400463468,2026-04-16 12:47:44.944459,2026-04-16 12:50:09.114288,0 days 00:02:24.169829,0.11231796205356644,0.22310237477891928,2.775414567963492,1.0792610851308655,2.257439071996555,0.24997124458709208,0.10922307464956527,0.778502508891606,0.2000509986235091,0.6053306869967977,0.12077731532611008,0.2063880885319897,0.16463492954332193,2.686751971378389,4.164853307452852,0.13452168003192388,3.8499927814982744,0.3691942810603827,2.498106485319933,0.48925938605797753,0.24535935612936702,0.37051592397992955,0.40019673863760635,3.458560297207701,1.497753622125087,0.8131761841442219,0.15494610462305555,1.0635927641852776,0.11291191483445262,3.8624841369101968,0.7445763036622983,0.7384761593387569,2.453034467365095,,COMPLETE
125,0.36712936707598554,2026-04-16 12:50:09.116432,2026-04-16 12:52:38.072580,0 days 00:02:28.956148,0.11468497690358576,0.21710172799547622,2.789787082350273,1.1858185596999913,2.168733750108956,0.1716587258808379,0.10806429080419798,0.7266949127974002,0.20432515174272306,0.5875492558862975,0.11446841750661471,0.1580695757832391,0.16115242352650067,2.8798272341720983,4.12701387543148,0.13838175515719747,3.8038003830421525,0.35286592219237223,2.5355073554442966,0.5226890745460281,0.24959364620207886,0.37412577149600346,0.5479520299248076,2.230848757468761,1.5050390389816473,0.8027520661210346,0.11689448699822454,1.038135931814205,0.1096796301368687,4.9555432369569585,0.8306299860990995,1.0243045259713552,2.2503782531761996,,COMPLETE
126,0.38428867310109716,2026-04-16 12:52:38.074476,2026-04-16 12:55:05.315523,0 days 00:02:27.241047,0.12581989097309762,0.2062338504725072,2.146087979558491,0.6452586882611444,2.2839010975305154,0.2431950059160948,0.11747390227085018,1.2688477510453784,0.22203088645786298,0.6333129174453365,0.13856199413777692,0.7074572267982208,0.19622206563147007,2.6112586305027277,4.625636902562685,0.12699947710367215,3.6704748911681007,0.36507330282425327,2.2761635304037346,0.4949897850112036,0.17933001693009018,0.4251935935224504,0.4134853568459099,1.9485105685096427,3.237739813668762,0.9024538343974303,0.11400091706433967,1.408488378396865,0.14212744729934262,4.3149074440063195,0.7377788971863094,0.2834371546255856,2.519052060426149,,COMPLETE
127,0.37651953059199905,2026-04-16 12:55:05.317411,2026-04-16 12:57:34.453541,0 days 00:02:29.136130,0.12643063041295383,0.20310279670861558,3.235585916901672,1.0889938460018036,2.256531262988379,0.2549066763890035,0.10725747883964754,0.8124111541784376,0.22133964751166732,0.6424857692480991,0.1315820499435329,1.354138980086782,0.20072654493000644,2.469584334273924,4.455778884663996,0.12825623493830385,3.5440816280566336,0.37278474556117963,2.8227594406871614,0.5792325306321021,0.17541786351451724,0.41724324651755385,0.4181379484902162,2.063911552874699,3.1104453104240677,0.8829512360517998,0.11541819856440053,1.952561666988326,0.10037194237923659,4.329597435929025,0.6954393872818151,0.2896858125466924,2.457415568862887,,COMPLETE
128,0.3819070642911876,2026-04-16 12:57:34.455560,2026-04-16 13:00:02.891979,0 days 00:02:28.436419,0.11146795830276336,0.17844994436797634,4.821366478472771,0.7986885566919766,1.8087920851523,0.20722601714043287,0.11819108548884842,2.059748845152652,0.24924708069163876,0.7144210155167773,0.11872315137303059,0.7109959474271361,0.12877186573800128,3.555681535152163,3.357085022757688,0.10825222928399496,4.674386950649142,0.22584117973835038,0.1018285706996957,0.48460743547734986,0.16289756831105562,0.28447239447295164,0.39013661466027677,1.7885935378106907,1.2503943630114773,0.9851362233968286,0.1072678353442383,0.7790247711821989,0.14032549249465523,3.154288832745492,0.7310514288597881,0.19728605024681617,2.3480009082136855,,COMPLETE
129,0.371999974565585,2026-04-16 13:00:02.894003,2026-04-16 13:02:31.820790,0 days 00:02:28.926787,0.10917119660915915,0.17856431641253578,2.39377854386869,0.8408415496099266,1.8913476229751014,0.17188144836947877,0.1149429246385315,2.419463263195334,0.23774820329525231,0.59253658812744,0.11997746684504462,0.764694411484294,0.12467621665892398,3.5951328542053655,3.3883099566750285,0.1677982871137582,4.650085831833998,0.2161716306931596,2.002408708150288,0.46308712960677606,0.15524444404791363,0.1847937472108302,0.45627394103540636,1.797541923373633,4.755972531902024,0.9712610437184044,0.13613279756041224,1.3687525529323352,0.11350645135060611,0.267352687272858,0.7569675122228159,0.17347041068971406,2.0849896706325635,,COMPLETE
130,0.3809789156240124,2026-04-16 13:02:31.823029,2026-04-16 13:05:06.012713,0 days 00:02:34.189684,0.11613454926765102,0.1694601640431021,4.91323491591256,1.8617145436789893,1.4614240385419772,0.22899080489547313,0.1172642431949695,2.010178434356573,0.1968996847674701,0.7309133983992272,0.14553393587458024,0.9374935219470902,0.134380226440185,2.692996771064367,2.9162597789660905,0.11033054481749736,3.8634554133187877,0.2970980187096736,0.1159897085934832,0.6639597569912256,0.1683882970022645,0.29541261957193093,0.38336693087572526,1.9939542079945622,1.2358954197731173,0.7888330349704284,0.10002254167494772,0.6300718430493295,0.14256019121444324,3.804573937420476,0.6541414916769206,0.214781517615172,2.327841767494572,,COMPLETE
131,0.37750245814599653,2026-04-16 13:05:06.014821,2026-04-16 13:07:40.610763,0 days 00:02:34.595942,0.11658542362535815,0.1710961903363176,4.632107466168424,0.976174720205869,1.7669039274096539,0.1905239076961037,0.11867340974079274,2.311586559739584,0.19198243729553832,0.70746901123055,0.14770693354407743,0.9116374297086003,0.12051952925811678,2.6744920797733553,2.9630198239554364,0.11339371379957741,3.841065709346114,0.23632545529028556,0.10703248666212083,0.7015612307274619,0.15746113747823942,0.2861714995408198,0.39449875295806003,1.6902426582144983,1.259630373700897,0.7361373403791093,0.10869152804819326,0.6698453094050649,0.1414948765908241,3.853362035702078,0.7092654307720949,0.24704363960364237,2.391045383391474,,COMPLETE
132,0.38492541271216385,2026-04-16 13:07:40.612713,2026-04-16 13:10:08.839188,0 days 00:02:28.226475,0.11045254326256158,0.19842492734679207,4.204677601807387,3.272824157207961,1.4622405755543006,0.2167870992813404,0.10422605690444707,0.587267473770211,0.2490667186526554,0.7347884413226745,0.1236667892292551,0.7155611796762271,0.1344142173138721,2.999467007788957,2.2974372600360224,0.12556965736275602,4.596965522630153,0.18619621317280083,0.11702299286472587,0.663643660242967,0.16981892741470392,0.24869157989794158,0.3743085159292658,1.9355750566388528,1.1100307306210846,0.8083496573251533,0.10409669695441458,0.538371652766121,0.1461702723660254,4.350638402861641,0.6476930038575339,0.16966657547183922,2.6766347048760544,,COMPLETE
133,0.3612876368787414,2026-04-16 13:10:08.841540,2026-04-16 13:12:39.771299,0 days 00:02:30.929759,0.11177645787782028,0.19420568787271153,3.7838578083644756,2.27807667288736,1.484407563890657,0.11344894974361087,0.10167890389907978,0.5990220425479336,0.15347995286507873,0.7478853739783617,0.13318264939470176,0.8152422001849616,0.13476513935360054,2.959245014857849,2.2099219368808756,0.12632887458306186,4.9349390043189505,0.18325182880011875,0.1037128882964105,0.6913090206004487,0.17374660829036256,0.2059080282415787,0.3695182705029521,1.89972746096477,1.0122170959732752,0.7712821341585151,0.10354064163647646,0.5669811204049685,0.1474408209715344,4.140870701023549,0.6624905799499682,0.15344363774346195,2.717703335620687,,COMPLETE
134,0.3766735232073579,2026-04-16 13:12:39.774400,2026-04-16 13:15:08.579869,0 days 00:02:28.805469,0.10691961288228786,0.21574371792239322,4.2193446249138935,2.8234608313132665,1.22243775854222,0.2135241259395516,0.1110293466319129,2.091365834661678,0.251855482327008,0.6491770205620353,0.1239730959148783,0.6685309942651764,0.17565961940754968,3.4502489852559597,3.149594549141502,0.14872122278143354,3.942134080541111,0.29595932434841304,0.12033004641854728,0.48582007444072706,0.2021009475926605,0.25700732859936937,0.41987151566761455,2.3949923725425455,1.4667757505794428,0.8107519657421667,0.12407432043254706,0.6236866845812191,0.11417942067087275,3.2830267487983376,0.556675404758246,0.21644949230883634,2.546388165785392,,COMPLETE
135,0.38026828548900965,2026-04-16 13:15:08.582808,2026-04-16 13:17:34.505701,0 days 00:02:25.922893,0.12454430915647784,0.23340513473158528,4.700637066481888,1.7858466357905767,1.605936210896837,0.2418332877158734,0.12623273788823255,1.8938717766882072,0.29550841278395357,0.7719554951238518,0.10051545447564102,0.6768195485187893,2.365614526340836,4.389011101982881,2.7290655713056067,0.13372204070680474,4.118656191457901,0.1680964874738004,0.16902846409918268,0.626404726069791,0.18391920597900183,0.29750816873787383,0.5281034322892968,2.0325859603912932,1.3908643339104292,1.0384145498325585,0.1011754532898387,0.5217079680561371,0.12615190476238883,4.445816476323882,0.6405193665227602,0.13043029632835293,2.136128057575023,,COMPLETE
136,0.37094247519884666,2026-04-16 13:17:34.507013,2026-04-16 13:19:59.703801,0 days 00:02:25.196788,0.11612077993073264,0.17251518811664862,4.038781840417411,3.1997216631157666,1.3181839277751124,0.1797805932926553,0.10065650057768516,1.649494634075871,0.21257395900197404,0.8461414688336625,0.14364019196081337,0.5823704529283608,0.15623047594065614,2.630102300678507,1.7758968251381326,0.1209149978581963,4.639373828132097,0.25661289234478635,0.12295800285552645,0.5697187203968009,0.16653698310443302,0.21849280330901494,0.7565887477501293,2.1983639424701575,1.1004448575722485,0.7975732882065929,0.1320559996368826,1.4971071122444706,0.14107530361885262,3.925128999523363,0.9413877225107977,0.21055239203365655,2.303804605146516,,COMPLETE
137,0.3782344474309113,2026-04-16 13:19:59.704770,2026-04-16 13:22:28.591544,0 days 00:02:28.886774,0.13116340686945352,0.20328423927325265,3.6414478603296003,3.6610456449380053,2.052628313902518,0.2181071848913055,0.11990353589730217,2.9851445215258505,0.23905846594748859,0.5756715860066152,0.11563104833566473,1.22083766767209,0.11490824294277603,3.9754209530950084,4.000765583015655,0.10836650871681812,3.7650749496941507,0.18725871601311522,1.7617033057509506,0.826856592924835,0.14297272916726825,0.46070855845671876,0.6389441173004731,2.759983645212266,1.023134378290334,0.9493906895836477,0.11384968935985972,0.4676118681484259,0.10765666971997498,3.6047101948048663,0.8158515687558028,0.18859157730722123,2.7832712602207375,,COMPLETE
138,0.3688059548238087,2026-04-16 13:22:28.593794,2026-04-16 13:24:53.716534,0 days 00:02:25.122740,0.10885656245047923,0.16008878781521793,4.915821669887473,4.1159940735496265,0.8387475004727282,0.2614691151785546,0.10903477997093335,0.9909868305046251,0.2001480398118737,0.7029785476902186,0.13563353050290108,1.0067282037495546,4.732699276867117,2.9514836623837857,3.845686760494515,0.15885535906774262,3.35482083331875,0.13715812948111047,0.12236356956216925,0.40170079712689083,0.11944054392638552,0.3388036981139645,0.5968329481375614,0.10072540612009291,1.2054400468925102,0.7078254611716385,0.14528053414164957,3.266291520184594,0.1334374055093695,4.919320173052318,0.581789430329746,0.3130023503451191,2.0168263375959103,,COMPLETE
139,0.3718552559771079,2026-04-16 13:24:53.717330,2026-04-16 13:27:25.910903,0 days 00:02:32.193573,0.10181524559707351,0.18486869303408413,4.944445462450735,1.6258958663149956,1.0852684251022642,0.19402222567204316,0.11758086155625296,0.46993984552355533,0.22224469445566467,0.6236258678174633,0.12573335452229098,0.7588898538207224,0.13519984077759686,3.041874865163945,1.392200049247781,4.243098326857807,4.58668128548038,0.263613585749903,0.14403700391292648,0.6451748575446419,0.13641623373493766,0.23870790551613277,0.4552415623119322,1.9491734815616621,0.9367856829378369,1.1406573238018598,0.12780491507202477,1.6770031004478807,0.1198321003610572,0.548332811000867,1.089554264845432,0.15831961088807103,2.493252524557737,,COMPLETE
140,0.37998437816419445,2026-04-16 13:27:25.912567,2026-04-16 13:30:11.440830,0 days 00:02:45.528263,0.1208797641003636,3.0494069832840665,3.026260507669839,2.7473918073991332,1.8260191967584265,0.22913006377741207,0.1301840342359635,4.890682560616894,0.14474153529313197,0.4932373366751464,0.10737992239952693,0.7178834150684902,0.259735780227504,3.410751415339013,3.5515947848594576,0.17757919261634567,4.19228531491864,0.29548465964480086,0.14650679474420142,0.4998756397328125,0.15036640582346628,0.2667502535037437,0.3235164084750861,1.6226538194100784,1.1264906298862294,0.9193395762516756,0.1573258448993763,0.9377111517138086,0.17015771980944064,0.3433496701344526,0.7814179132285155,0.2409219108651127,2.1703908853509835,,COMPLETE
141,0.3787156233346541,2026-04-16 13:30:11.442584,2026-04-16 13:32:45.574485,0 days 00:02:34.131901,0.12586606125026523,0.260189656798313,4.403965131762602,1.040403907777914,1.3686334454071944,0.4660787800963652,0.14870932399286432,1.473532665730239,0.2509526208894841,0.4562847426434578,0.11228515652698011,0.8740044642989322,0.127140180099732,3.139694333400337,3.170750964069184,0.11341235521769374,3.441626949231043,1.8492745413046174,0.2464821635282243,0.1113681175283183,0.10937922767548246,0.4192465093301039,0.36672757073700973,2.5181104927404125,0.8658443208410923,0.6322572436059676,0.10901218211534712,0.6435451094189725,0.17961896972663344,4.433257789814922,0.7305340044157169,0.7505324577925933,1.1288694502496923,,COMPLETE
142,0.3708084334279539,2026-04-16 13:32:45.577557,2026-04-16 13:35:12.815677,0 days 00:02:27.238120,0.13614758376890038,0.24242166424726846,1.7906395773921768,0.7828849730319783,0.3599873150163304,0.24162951866808063,0.13097275060333147,0.6817734465014582,0.17465066236932278,0.4182843583794348,0.12227096729126245,0.6432070863679231,1.8227987239009151,4.036496439985428,2.882763999958903,0.1276203779270885,3.714674587481537,0.16261914861236137,0.10953056061267001,0.5500299863760393,0.12454281419420797,0.29720622913915934,0.38367181661075483,1.7519843285469994,1.3796313542822565,0.5994943629861225,0.12190493537025376,0.8129413808598748,0.15043326307961044,4.98768264203801,0.9526737521779284,0.2695281536316908,1.6244968463144576,,COMPLETE
143,0.37741255887701025,2026-04-16 13:35:12.818700,2026-04-16 13:37:43.044994,0 days 00:02:30.226294,1.300527600699373,0.21841910341833903,2.7309003138754795,1.3865549682146252,2.0133525326573056,0.5048060052077888,0.10936892361848459,0.753785051847642,0.28375288755624456,0.5747287212419231,0.14837980482873658,0.8230979597323409,0.13260889110233665,2.5770012514129395,3.450881535512331,0.10626776029576807,4.978242866307783,0.3807884654324877,2.2714762873504024,0.8925618003816581,0.1632689024956673,0.3260056682098329,0.41516825197180635,1.8607332273529764,3.4672720173184453,0.7365410477716362,0.10003453667483603,1.2362095578819878,1.4884760683616385,4.2180079820573715,0.642318657058469,0.13442532498967097,1.9131368320555961,,COMPLETE
144,0.3820341093888412,2026-04-16 13:37:43.047210,2026-04-16 13:40:10.718584,0 days 00:02:27.671374,0.11365411131516166,0.19443107270546636,3.8922469772090897,0.8884444081310536,2.3646778806225592,0.2523930975268849,0.1475080685692966,1.209679450045204,0.31288711990301427,0.6585034031633508,0.11707613044105347,1.112469153127146,0.11102218798208682,2.257153437378358,2.2844997360125836,0.1367349206614823,4.198502096635483,0.2409082536557594,0.13128957073455252,0.7575732843605042,0.114773296996154,0.4662968951067666,0.4711737058879342,2.0325160765606007,1.7279555544462675,0.5439612284674561,0.10998192350145768,0.7033278346760052,0.14439168956037401,3.8049362219649043,1.1460081207950572,0.22530393750993077,0.8875463319263749,,COMPLETE
145,0.3693128630044697,2026-04-16 13:40:10.721077,2026-04-16 13:42:44.482710,0 days 00:02:33.761633,0.11144640745981568,0.20131525180793203,3.9007416389718563,2.366552943932753,2.300896211404433,0.21042930244152544,0.8825002184993143,1.0215237247055653,0.19739907164143275,0.7101784504326225,0.13419198859242443,1.142179868509268,0.11090912863384522,2.417807374854806,2.4052590562138096,0.14500516470204597,4.359637524559438,0.2310960050408836,0.19130931067985923,1.1476421194598818,0.13374084397741887,0.48026560559834575,0.48653061156547606,2.1654675151934066,1.7598177083076192,0.5459267732765655,0.10951769361958977,0.8919924265386461,0.1377610241898273,3.3893759045832277,1.2813844303211797,0.1890775371776453,2.3595493512880177,,COMPLETE
146,0.36919547253827784,2026-04-16 13:42:44.484914,2026-04-16 13:45:23.440800,0 days 00:02:38.955886,0.10137732818783766,0.18512069427865685,2.210757579593333,0.8692959448148371,1.684573039590213,0.25935294519903423,3.0740699738229122,1.2061342365431469,0.32006589840032923,0.6547888600506915,0.1182907153604061,1.539899474283033,0.1464514826178512,0.7365250755834233,1.955800311934292,0.12176848773089588,3.953269339650946,0.3111053700056319,0.11882483772381977,0.42772853864009147,0.189965189633238,0.37834397786938717,0.44597139144777886,2.0026857548308215,0.7703570878248753,0.8299553903961477,0.12064067331929133,0.989814185212232,0.12386804372887003,3.8060796018558483,1.5516033800460247,0.20455717863762712,0.8840699820806647,,COMPLETE
147,0.3748719802952975,2026-04-16 13:45:23.443459,2026-04-16 13:47:57.576968,0 days 00:02:34.133509,0.11593589042217238,0.13846010244732182,3.10237109637041,0.7079523443712492,2.1932926977475007,0.186592442877593,0.11920589789597409,1.549007161759519,0.26071619646894584,0.7955236431793447,0.10030036741599757,0.9701873653998256,0.11808319970178259,2.748503396929489,2.301104574235452,0.13530261184575515,4.526034705872975,0.1988103632968576,0.13844066762090776,0.7605794249565097,0.14488331360141518,0.18478922809950557,0.5140917377775052,2.4321180290674222,1.6115849206714683,0.31638671756483405,0.1559157700210484,0.1050072540269022,0.1483991462899024,4.148878584378846,1.1159409919211067,0.38589025083294404,0.8310285130698217,,COMPLETE
148,0.36062604183494024,2026-04-16 13:47:57.578985,2026-04-16 13:50:41.452250,0 days 00:02:43.873265,0.13662196713674588,0.16636995417962716,3.453303867394344,1.8772325148265205,1.9180178106356602,0.15269339424961523,0.14709065436585939,0.849442071769246,0.21821033401143497,0.5676173497473775,0.15472490361446448,0.5201336624833384,0.16351012121367578,3.1782460569466084,2.5909421362346654,0.1556235795258564,2.8099391382818184,0.33675325192226335,0.130958412009423,0.463183117589826,0.17461865436778956,0.45410410969149617,0.3136683259805963,1.7126009872044288,1.2542770929823501,0.7039365161993549,0.12815116779741756,0.683649027999355,0.1129517057975827,4.522670785058275,1.7287374869535805,0.16580149235343242,1.0454242915428036,,COMPLETE
149,0.37960970275051836,2026-04-16 13:50:41.454509,2026-04-16 13:53:25.737460,0 days 00:02:44.282951,0.10822222845671617,0.22767670853255725,4.464031732834821,1.2423767980836473,1.5468240088210323,0.3259343226472402,0.10065476146605862,1.7926583154397366,0.3008253912875415,0.6121285840007713,0.14048385415853004,0.11057260689499117,0.1003029239666297,2.262604936734349,4.440161009487275,0.11613453329838402,3.2674074471593944,0.2771748166383471,0.11210607586801925,1.0159584031183926,0.11322149731234242,0.40633797821191103,0.350619562235606,1.5541748632037424,1.8454653546796076,0.8822541381096785,0.10061290737794906,0.5540087757577468,0.13143084969214433,3.726275960894882,1.3942119456116917,0.2299907385661677,0.6256364118505229,,COMPLETE
150,0.3856104859987193,2026-04-16 13:53:25.739440,2026-04-16 13:55:56.191158,0 days 00:02:30.451718,0.10031360188991015,0.19535862553106417,2.5259159178131516,0.5733769652495021,2.576197076882199,0.2504178126911033,0.13182611084885537,2.047670430333632,0.23155630297305801,0.6659586068131089,0.10791215794313544,1.2305583081044276,0.18512726942308835,1.859072476892886,2.9444355676551868,0.13494918606078088,3.6953172847822016,0.24779264488660901,0.1007708337376245,0.36766446112193124,0.12516202371878116,0.25677018843653737,0.3964109383423074,2.3372480037773617,1.4473725375814903,1.2309682646870101,0.11284383812737106,0.7595805283585655,0.2021916640941072,3.0107105757963395,1.1419024144551044,0.2774833125621175,0.7674930258768874,,COMPLETE
151,0.3861702559948721,2026-04-16 13:55:56.194583,2026-04-16 13:58:19.131933,0 days 00:02:22.937350,0.10074794270776179,0.1949247682598734,2.458947184085944,0.5264849746091345,2.539386402357488,0.24679286181253998,0.12761134477401267,2.1663743245047806,0.2340045420078982,0.7368050683755263,0.1274435440857331,1.5059675245494915,0.218255723586318,1.8630465207098346,2.8189278443923085,0.13876165707400348,4.180422037062127,0.23777029059584098,0.20038714673196995,0.36492702436049185,0.1273956761681806,0.21341794943161013,0.388377730619523,2.2980884342277133,1.4498902012828874,1.259993075663023,0.13857772947440902,0.6220745914181818,0.20341816588342773,3.022684100905209,1.2376579676798434,0.27181173931355335,0.797005172300334,,COMPLETE
152,0.38619491440184917,2026-04-16 13:58:19.134029,2026-04-16 14:00:40.712852,0 days 00:02:21.578823,0.10021005643139025,0.15290220294672402,2.5694107284087995,0.58335523795247,2.64200827608296,0.2507715286700424,0.12985622355914897,2.2721132550227114,0.19417939059222528,0.868396399985468,0.10710952981347592,1.6472166188429171,0.19288764152828786,1.8497456400078416,2.8238548717002625,0.13656143738456925,4.205002561618121,0.24756019223054346,0.13151634633278644,0.3815098829476446,0.12512847663725318,0.20645772115533711,0.405839570134469,2.2943250092009486,1.451868258963693,1.2929472920981682,0.1401688595527394,0.7632777377779187,0.2068275836745336,3.06812870116486,1.2505711004621183,0.2756921502092581,0.6453855821160849,,COMPLETE
153,0.38671236745035414,2026-04-16 14:00:40.713982,2026-04-16 14:02:59.624352,0 days 00:02:18.910370,0.12125784564861833,0.151422482453107,2.5571696854820285,0.49718757315387874,2.6067981083603344,0.2735768247816649,0.12917728138739587,2.119602677916557,0.1904618675959609,0.7545093718371262,0.10682947837877012,1.5561990959362384,0.2253572853213341,1.9075181976171685,2.651725953852811,0.145059593282429,4.073031427467286,0.2541988749997787,0.13238533615795064,0.386703737636603,0.12754467794544783,0.2009413831378135,0.40103939285865264,2.707697285137113,1.3940259750582153,1.291682442107787,0.1143435697571243,0.5850925335443268,0.2059534134971747,2.686506330342814,1.1935075491133404,0.2853351112588087,0.7385924549855977,,COMPLETE
154,0.3845406433902113,2026-04-16 14:02:59.625855,2026-04-16 14:05:26.797284,0 days 00:02:27.171429,0.11720528259406048,0.15171133511877405,2.541757740733785,0.5782960960972595,2.789747233795833,0.25672748979986143,0.11428768428105075,2.345683627508771,0.1894875341185375,0.8624416081003242,0.11698155002765563,1.5035485986044215,0.1913691925311347,1.7998898320011545,2.7445353726292674,0.1649043275940148,4.199466202006993,0.24193887457431915,0.15982471802075612,0.3792582385977498,0.12385736575901753,0.1663560549410448,0.4113649782303292,2.7311242610085724,1.419543197462629,1.2627641056468757,0.13820459142163705,0.6142087904977337,0.20594407904330891,2.7245053056697945,1.1840270417468448,0.29554104354449356,0.8007234838254162,,COMPLETE
155,0.3825943891585503,2026-04-16 14:05:26.800087,2026-04-16 14:07:46.387268,0 days 00:02:19.587181,0.12441596617399014,0.1230123191174231,2.4634622592842645,0.4938167160720736,2.660970282153846,0.22649639380638767,0.1181251444555561,1.9804306292373772,0.2278007103414684,0.8365703561961096,0.1081226461658,1.469191890501805,0.21922522055433513,1.91842422874909,1.9430764051379998,0.19180388887087002,4.200208648696668,0.23821202663406413,0.1372527074488842,0.38894461429774696,0.12019737986494383,0.14579413703215968,0.4721694031073025,2.672710299613912,1.40967745669794,1.4131339900632778,0.13981328580008118,0.6024886654265321,0.2192299985133134,2.6742901194513053,1.2246621432741582,0.32282424858826064,0.7344330488547869,,COMPLETE
156,0.3815835653057425,2026-04-16 14:07:46.389242,2026-04-16 14:10:21.580581,0 days 00:02:35.191339,0.12521254048656086,0.14943337739049614,2.583702632539686,0.5156861791481571,2.724373954947492,0.22181446944275082,0.11672366354116076,2.21368854648803,0.23299584405327275,0.8616317743533141,0.10735584157904318,1.4910133618499355,0.2358185972496981,1.4428359583241555,2.0133766732872047,0.1954385468644814,4.202349935184173,0.24224316611104454,0.16197237457842872,0.37844053489171575,0.12145193278441382,0.1536046832211933,0.4596873768902971,2.751469752682872,1.444497478927276,1.3540266303191102,0.13447003069820754,0.6167018579711049,0.2579490620767794,2.9017400396199036,1.2793008677513107,0.272344452344207,0.6676974040334053,,COMPLETE
157,0.376653482709569,2026-04-16 14:10:21.582695,2026-04-16 14:12:52.859844,0 days 00:02:31.277149,0.12659529641587638,0.10954078517906407,2.599227723428632,0.4980384131934076,3.0179225009637536,0.20733095143059263,0.12941738680427475,2.2983722284299395,0.22692203636993333,0.8124865281521289,0.10694749682108502,1.4643922593835572,0.23828137747131206,1.8496877993885437,1.8869505648911298,0.19203079242380672,4.212797629165324,0.24218888109595108,0.15694173759396354,0.37078325082445607,0.10526292308421556,0.141942292501682,0.4419197401844211,2.9603557389359523,1.4196935572553977,1.2848661054804649,0.14316060147133022,0.4768934709232397,0.24870383609836033,2.6980616859741806,1.1232938996800683,0.3064028478696753,0.68768981314167,,COMPLETE
158,0.37642914539989325,2026-04-16 14:12:52.861967,2026-04-16 14:15:35.109098,0 days 00:02:42.247131,0.12584922394349257,0.12219535403814503,2.9344966097279834,0.4254143958911463,2.7196791753095466,0.25666439624441273,1.1990081262875463,2.8973668482923665,0.2910948278823598,0.8613609518386146,0.10301736973919669,1.7972151795006255,0.2298440690649484,1.485735818820995,1.5707083771183687,0.21282230221740514,4.638495296249113,0.21753040295225834,0.13222410305523927,0.4066989985954329,0.12393256518298147,0.16920360462650413,0.4827873914027707,2.699891749172612,1.6154000163057007,1.307240813870584,0.17667708111393857,0.5103475848873601,0.20099657431418233,2.549300722889384,1.278510854282673,0.2735756128661718,0.4993457043949928,,COMPLETE
159,0.38036633258644476,2026-04-16 14:15:35.112257,2026-04-16 14:18:12.820488,0 days 00:02:37.708231,0.14877422747482116,0.13963116779530882,2.5199666804719296,0.3670386488756352,2.8535749931176206,0.27890598249745996,0.11431197778501861,2.1669353267662683,0.24272106940725507,0.8628071295428543,0.1097811394137674,1.6952902717866214,0.21660949516521125,1.9331400980120161,2.1120129390776836,0.171347976686356,4.969781763907487,0.2506620822090337,0.1950652171445174,0.3658383235943957,0.11453527297596693,0.1095592193355005,0.41752342733666137,2.349368866002869,1.374552907055104,1.4072271372342509,0.1350883164689329,0.5598484013000352,0.21511420235883402,2.8958379452664516,1.1805560207753723,0.29109022242871074,0.7429088507317587,,COMPLETE
160,0.3781084782750391,2026-04-16 14:18:12.822623,2026-04-16 14:20:48.904723,0 days 00:02:36.082100,0.10111471537106353,0.12918160681257512,3.3537406945814605,0.5054935901524427,2.656246426140967,0.22643662522573338,0.1243771406080579,2.4684839106392182,0.2727117455673551,1.0038982648441002,0.11024183930219425,2.048380256138713,0.2626628198071218,1.5832079395451086,2.6486941366927166,0.19292609031392363,4.160518922283448,0.194288216593376,0.166848094869285,0.3966091214997959,0.12804919756723004,0.15155435451600946,0.5861437730095908,2.586451829075773,1.681097739917931,1.3892059600233477,0.11870589326147708,0.43448342937973006,0.23047906603294577,2.1798820727605492,0.9820520396815019,0.31933748787064575,0.554807617252888,,COMPLETE
161,0.38284770717458166,2026-04-16 14:20:48.907100,2026-04-16 14:23:18.885914,0 days 00:02:29.978814,0.11742871430348019,0.1510908149896878,2.5743135074632946,0.4602136758723593,2.34333865926161,0.2327538026633323,0.11616400863649345,2.1435335343912976,0.18803759312179832,0.7894712394539116,0.11442578334297569,1.4168963268382957,0.2795649674905602,1.7976416805184738,2.819426782749074,0.16189600906503934,4.501874089194862,0.22383178067728107,0.15567003693962778,0.4458869539775481,0.11844763244254503,0.20575681138351334,0.46341706322846754,2.9185230734879095,1.2937065783570108,1.2082673176476995,0.11103571357324417,0.5995300479071094,0.21039144778703786,3.044346118999152,1.3198925449628203,0.35086602661278493,0.6316241387719556,,COMPLETE
162,0.38390751231087855,2026-04-16 14:23:18.888101,2026-04-16 14:25:46.967654,0 days 00:02:28.079553,0.11992338165796176,0.15334970895618358,2.562117651122875,0.4591028168210593,2.6012433277335787,0.2649296425307575,0.10010146004473577,1.9300110639892674,0.1632713171544703,0.7773291215794081,0.10007030054634306,1.4141137085898825,0.19688374527477873,1.745714319666459,2.299239045914832,0.18019033577814877,4.3534466495044475,0.22969362649072256,0.18506570573176756,0.4514015098427764,0.1166674278531911,0.21008004556536414,0.46342161014543304,2.8467146044682727,1.5350563519138662,1.4555875744557922,0.12648365196347952,0.601095769050149,0.2062477720325018,3.033991859072241,1.285932514378993,0.34617769694189215,0.6235745517540833,,COMPLETE
163,0.3835678794979335,2026-04-16 14:25:46.969697,2026-04-16 14:28:10.226497,0 days 00:02:23.256800,0.12030876325447365,0.11609221252609817,2.621486912179261,0.449852871261074,2.479236252640435,0.27008137330949133,0.10686624480306894,1.8671252885558556,0.15674292774176493,0.9281989920146615,0.1000125752183706,1.4142393750243771,0.29229634601534893,1.6844719232101155,2.4239319588495425,0.17924379712289024,4.534065757575662,0.23409160769131013,0.17896637184904382,0.42806738174812536,0.10296291436670756,0.2007417584587863,0.4659436252117827,2.885947283173483,1.52837092531193,1.210822603061595,0.1305771951473484,0.6019973270801944,0.25968355843400587,2.593629309822802,1.3581760536669927,0.33589283493193495,0.5732411620284075,,COMPLETE
164,0.3823432411212021,2026-04-16 14:28:10.229501,2026-04-16 14:30:40.665588,0 days 00:02:30.436087,0.110074162539778,0.15040369563184575,2.6446147247514427,0.4511580127546172,2.6371085504442617,0.2631846682072552,0.10610490852849515,1.8867959513346417,0.15628832717816693,0.9267436417067936,0.10027855313465157,1.94716084722995,0.2919072611704231,1.7683591331606932,2.3974181634884495,0.16588518263163662,4.515730940689684,0.22969750000087466,0.209653718594876,0.4259932067639188,0.12106881732695296,0.19777461236113703,0.4674858459906328,3.0164299354051725,1.535058816769734,1.1806702092527015,0.1287315602692144,0.5984808134920963,0.21274966144616647,2.694289465717275,1.3199131403678206,0.3473631504549577,0.5389511132962935,,COMPLETE
165,0.3794619081397587,2026-04-16 14:30:40.667939,2026-04-16 14:33:17.983780,0 days 00:02:37.315841,0.10889012880790637,0.10330878117462497,2.2877766593255213,0.45506027557486184,2.4811356996511473,0.2733028171499248,0.1005894944166123,1.8953691787880347,0.16473513432532513,0.9512483205557768,0.10106928528923886,1.961679726823131,0.2855457388218478,1.768995580593376,2.3507027424626155,0.17657554151319407,4.59166130647966,0.22555357905367013,0.1513958308529785,0.4415817411192588,0.10148459358786857,0.20222684536850727,0.483201434462685,3.0188780225919576,1.5443111891402568,1.224795971856998,0.11189559146153312,0.5962814640196723,0.1981590900174429,2.6247446269600005,1.415519453809463,0.40528821933546527,0.5493886878051107,,COMPLETE
166,0.3835627536847527,2026-04-16 14:33:17.985504,2026-04-16 14:35:43.263891,0 days 00:02:25.278387,0.1167262818963517,0.11638626719365364,2.69251207552195,0.34001032499910927,2.321259361223097,0.24424920968005223,0.1065226599002083,2.6969569217936824,0.18324148528267503,0.7695198526058893,0.11649854984501372,1.4084380587699554,0.3386751325768688,1.684381716477473,2.467709438204122,0.1644823188087523,4.608687348047175,0.17402407713551832,0.1897053079213653,0.46126247419384303,0.11712521211579514,0.1834857751284352,0.42287125510592855,3.222183518510117,1.7049453893460107,1.196669187903939,0.14940706099222806,0.6803704180239918,0.22186034106575703,2.532754958438401,1.3318054469310043,0.3484296872233182,0.5826739042817086,,COMPLETE
167,0.3826586538617332,2026-04-16 14:35:43.265742,2026-04-16 14:38:13.897300,0 days 00:02:30.631558,0.10052089302484887,0.1120952808544223,2.4801419289870363,0.35019259460889374,2.3724152029531975,0.24391237553007983,0.10884321720473719,2.561773225372245,0.12728326412386834,0.7810918801825032,0.1149289740017684,1.3941484818819763,0.3257625041120374,1.6825924417651268,2.571234912500769,0.16432895878465426,4.690856969887145,0.17359720500282586,0.21781795101114002,0.45000034295233454,0.11350303072065394,0.1735522266013021,0.4313757023535619,3.1264350725315797,1.8036440005874854,1.1469729277069245,0.14806229618328404,0.6800256025313147,0.2309769529974405,2.3320045054073106,1.3215208892386168,0.37078552163365597,0.5941681776268434,,COMPLETE
168,0.3826758942194416,2026-04-16 14:38:13.900389,2026-04-16 14:40:55.694577,0 days 00:02:41.794188,0.10627414717337286,0.11267921133898257,2.454802908680831,0.3396372798745822,2.9165222596304954,0.2447053365141348,0.10071552817418034,2.524067597105055,0.1160020745020966,0.7849229612811102,0.11233366988897793,1.3773292696463066,0.3555935974050971,1.7641853866222998,2.2111145195219732,0.1608185354899107,4.922728638328418,0.17363108538539096,0.1865806626301617,0.4465378432090384,0.10849126835821511,0.16855295609502832,0.4323544221202298,3.0448468450025565,1.8346844902105868,1.1875024537942016,0.14598727451140636,0.678462124025096,0.22299881277696149,2.3847384601809614,1.3694947420115677,0.3453004160688425,0.5985645435957825,,COMPLETE
169,0.3783402723003214,2026-04-16 14:40:55.696518,2026-04-16 14:43:36.592357,0 days 00:02:40.895839,0.1055616125104568,0.11622714402307545,2.45207161205667,0.3193826368649313,2.8968873955421834,0.30750097070287546,0.10048481153732398,3.586702810772102,0.11425891473903599,0.7776298053526728,0.10833834083184331,1.4488258806122378,0.33455874605583724,1.6579397317766198,2.1790510198218747,0.16569936483886757,4.42483260022168,0.1705868592667579,0.21142503394852813,0.42194807970800613,0.10091078437149283,0.17418258277215978,0.4309845457940463,3.080235585788182,1.8737606094441654,1.158694776875826,0.14900790139518974,0.5113828377677743,0.27614444216718714,2.4265137994466945,1.3445264949018818,0.32391519940679736,0.6023848803204994,,COMPLETE
170,0.38143007840436305,2026-04-16 14:43:36.594576,2026-04-16 14:46:30.703859,0 days 00:02:54.109283,0.10096592139056755,0.11165141800522314,2.1641760383217568,0.3754895755620344,2.651700212796959,0.24257677125492763,0.10807041202762688,2.634413806705877,0.1198092111856126,1.0440463481041704,0.11366922953919262,1.3317230527616108,0.3086354923744319,1.8564212160611797,2.415677048758247,0.17858891244789102,4.985478752834575,0.12926892733328454,0.18852542441321937,0.3573639907983494,0.11110550823150649,0.20169413967179176,0.4599323929718027,3.217608065867353,1.7555456461925818,1.4785998287019504,0.160172795151772,0.6731959998816973,0.22431119800769478,2.116568792438909,1.6109452031166545,0.3510825361283911,0.44881786353230213,,COMPLETE
171,0.3806178415504912,2026-04-16 14:46:30.705825,2026-04-16 14:48:58.974981,0 days 00:02:28.269156,0.1171369137844784,0.12139524398152406,2.699430060270787,0.415740252067469,2.38093782051689,0.2610443737117314,0.10887481204523597,2.9657247193751153,0.10797407780083708,0.7900696017446971,0.10060599462310633,1.4151373177509101,0.3473912631576599,1.9614339413265562,2.5821648006792115,0.1601874030386173,4.111944973332549,0.15356776875132055,0.21850954214536267,0.4492964890332477,0.1076408650428408,0.21959724400599104,0.4084096708192634,2.885489506784268,1.5898222026195308,1.2464194078369033,0.12632987347640157,0.5787148283187722,0.24218619836391084,2.4387102174056334,1.1489870718711679,0.3597494658322433,0.7505385324917193,,COMPLETE
172,0.3823887364211812,2026-04-16 14:48:58.976980,2026-04-16 14:51:34.020592,0 days 00:02:35.043612,0.10870022987299664,0.13343359312027486,2.447244907148292,0.3472364989471919,2.165290478221433,0.24320733466017028,0.10805959166136923,2.483222916795194,0.13485872098971058,0.909144515719043,2.357190741773991,1.7118831953303586,0.42267095623835244,1.757863152185542,2.334204848372152,0.15078106470881247,4.588750361680753,0.2027072722983509,0.29496803230663826,0.413377870562409,0.11919466786569892,0.12383785707624505,0.3395129442309387,2.7493826418562204,1.7286987906027622,1.0941911841107683,0.17101791282912054,0.6987413506566337,0.20797299558264573,2.725486560056189,1.3340423433375994,0.29035146979370585,0.5234066482885577,,COMPLETE
173,0.37670799351989964,2026-04-16 14:51:34.022409,2026-04-16 14:54:10.232503,0 days 00:02:36.210094,0.10046636407108918,0.10067326676807128,2.4144859426612717,0.3412906701619183,2.5801474164920415,0.2806218239623245,0.10000042755909336,2.459254807540689,0.13085657285062297,0.9057208387594436,1.0079028829522352,1.6562603324845993,0.4350287103208887,1.7253924860722882,2.288502988383617,0.21480264776710747,4.590863608153892,0.2043022495917762,0.180375520015343,0.3979385997513588,0.11919061118915525,0.1359030912534651,0.33670461068921875,2.789613732670127,2.1024736151322423,1.1423247843342796,0.16885434463397703,0.7009445363820237,0.21246078848705338,2.748568010073249,1.3394535677700323,0.3367988185029068,0.5836262481118826,,COMPLETE
174,0.37119236474668416,2026-04-16 14:54:10.235702,2026-04-16 14:56:41.546245,0 days 00:02:31.310543,2.8464513027071865,0.13853371912582535,2.224111522690006,0.34602077005881016,2.9540608659600585,0.22739441276951017,0.1068840781911817,3.3063924994026173,0.1367841218897831,0.9036916170396144,2.130919420110014,1.8999856226832263,0.3666629932636221,1.8135011530165954,1.87936729810616,0.15064112171676586,4.386265539195168,0.18937937780620395,0.2685537463869632,0.522364144727726,0.12291978973379217,0.1254133169321784,0.527729504994715,2.5569069755884413,1.6743771711166162,1.0730539948306916,0.13546252678671744,0.6068676549720519,0.23241987855404847,2.34780625997952,1.2322997100822968,0.28853998757623567,0.5074589664369251,,COMPLETE
175,0.37832526395578253,2026-04-16 14:56:41.548447,2026-04-16 14:59:04.290582,0 days 00:02:22.742135,0.11041489874783941,0.1305185670465702,3.172780413836324,0.45790369587227614,2.2004807751074518,0.24046836871645463,0.12945248085095812,2.758574525829857,0.146971329672726,0.8290931679433355,0.798921736516541,1.5830899342702,0.2748324449769312,2.183409373073117,2.496698485240351,0.16161795532483533,4.985579728084147,0.1811089429050756,0.2204062821901455,0.4131077872549813,0.1297421509556335,0.1667716601832387,0.42553777877230187,3.064274156153567,1.9653731589780399,1.4513458206549885,0.14430662221190663,0.5445338006460073,0.2040059283155094,2.6478024149334396,1.4250475738568977,0.30108669837551677,0.5301736625196771,,COMPLETE
176,0.38330158943956344,2026-04-16 14:59:04.291324,2026-04-16 15:01:42.528981,0 days 00:02:38.237657,0.1203539655753212,0.15326097328673272,2.5343517459577045,0.3914392048009079,2.427019992919156,0.27277065809373785,0.10887721415857896,2.3393052532435004,0.1581733250245159,0.7706910069643428,1.249717634517851,2.183925500445824,0.3011600427124546,1.647817157421096,2.717490416804652,0.17521379930422204,4.091539361991909,0.20676636615561128,0.1802041082280589,0.5977444573010371,0.10938672859566316,0.18648181471341044,0.3518393789535316,3.405002745207045,1.324440662974944,1.7374714919799723,0.12478912807674289,0.6419375170126315,0.2569108117207574,1.7847123548044195,1.1459797522362472,0.3638381761446214,0.636917672158857,,COMPLETE
177,0.38092012313983387,2026-04-16 15:01:42.531134,2026-04-16 15:04:27.072610,0 days 00:02:44.541476,0.13448412885667513,0.15077894486114068,2.5843390107479642,0.2999899528372905,2.722059007935353,0.2997146565290033,0.1085706141872405,2.3099431296588993,0.12266785103953969,0.7711518704568939,2.5727592122395113,2.2359633156364658,0.32104643040749586,1.6412054880807125,2.7036271348302883,0.1862721453452005,4.012267308375949,0.15600650091849716,0.2076697782590565,0.4480149494489921,0.10000667763691709,0.18903721290252,0.3498165127018633,3.3223004556342333,1.3062662432380658,1.2741616170785308,0.1238287867265268,0.647922844307788,0.2505086009810668,2.0740549374186474,1.557167154487471,0.3720756839498322,0.45144134640875466,,COMPLETE
178,0.3586717180102137,2026-04-16 15:04:27.074802,2026-04-16 15:07:08.409009,0 days 00:02:41.334207,4.953475762304158,0.11401432486127333,2.3525576268542996,0.39559952449952845,2.104289797880299,0.2004039014543003,0.1222672608582927,1.9714318466789242,0.16221524766234754,1.1385470142360656,1.3971847393138133,1.2524731790233739,0.3033850283528042,1.1226506071169453,2.021834726559499,0.1747240588968476,4.620998891237808,0.20766184798175433,0.17006997866554374,0.5612724212299512,0.11079011576843902,0.22304431089611362,0.29732021040504064,3.4106282905146244,1.3796671755658594,1.851233692603188,0.14208814324749855,0.6013091328417052,0.2709942916689922,1.8192796197246184,1.3198725445685942,0.42642705480933546,0.618163314678217,,COMPLETE
179,0.379920919449414,2026-04-16 15:07:08.412032,2026-04-16 15:09:32.702382,0 days 00:02:24.290350,0.12029534070596494,0.12542669795344774,2.9392058215168806,0.27178695408410963,2.506760951007877,0.2798210677990873,0.10694454391508448,2.5653871988708614,0.15157541241309921,0.9794920582598184,1.2709890415569718,1.6110365024797566,0.2533139323414467,1.4219829753641156,2.728044141448659,0.15182446016490916,3.679708432815426,0.27174521604881513,0.23405077210235647,0.5971267504944537,0.13057734542678653,0.1928297208683438,0.332525940307159,2.8488450023778995,1.120223533881276,1.7065833414300389,0.17454460371750918,0.49041640973933454,0.2969248347989182,2.29687992024416,1.7237674419678146,0.3360291138557631,0.6540489038661654,,COMPLETE
180,0.37619309544316837,2026-04-16 15:09:32.704115,2026-04-16 15:11:51.877726,0 days 00:02:19.173611,0.10029848911411514,0.10876037619118542,2.477895553868562,0.4235841408270669,3.0914070635303004,0.2667226385038155,0.11217452497654135,1.775249038572891,0.1362717246680313,0.8882301571724821,0.6178020096911571,2.1800703557543795,0.4032307005423824,1.5715676079046528,2.5085888374416117,0.2057313329178459,4.048128765479477,0.1749042489559356,0.17550042219716525,0.3454353550562256,0.10652783560895722,0.17340229587863135,0.388159704276446,3.174602127106634,1.8487620303421979,1.0899419755498814,0.15456221444279417,0.5323773380432635,0.19050663686930305,1.9665460991634756,1.0628943439015792,0.25892707754849154,0.7194937726685632,,COMPLETE
181,0.3827777343080071,2026-04-16 15:11:51.878506,2026-04-16 15:14:22.233987,0 days 00:02:30.355481,0.10961351275038524,0.15288727542448807,2.1118039599497127,0.33452890029903715,2.366451732242885,0.2334111172564834,0.1324222801524381,2.198472446843588,0.17696318822465293,0.6939329708721907,0.12700846149096362,1.1141565577616288,0.3666002033816778,1.92189005287011,2.1559044538134757,0.16742225191583726,4.339819661907044,0.20212524444410437,0.13652902349649806,0.5293189852194521,0.11549926803405038,0.15933254446252296,0.47161652588753705,2.6569121496808936,1.582215369462991,1.165685520462301,0.1177620481076091,0.7173366383129188,0.2200942902232257,3.0288873605156463,1.1634316294895097,0.32357910537501794,0.7919065798132715,,COMPLETE
182,0.3761782498198028,2026-04-16 15:14:22.235959,2026-04-16 15:16:49.760843,0 days 00:02:27.524884,0.10788208008230746,0.15538189748201767,2.1254492953843735,0.3289905184169201,2.7848118423888266,0.21693901105492472,0.1299271545359167,2.1651097557935115,0.15967280742052373,0.7405469283034807,1.1882921587695394,1.8471875923101158,0.35857128035171476,1.9531898467674058,2.1426255631632927,0.16948529815066093,4.461494190358481,0.20317877306949858,0.20201912937454888,0.520893687717551,0.11655971793035119,0.15881023873776892,0.364489068275019,2.629637662701762,1.5442859157901654,1.1810433438508885,0.13019342064372771,0.7325548513582137,0.22042560904579694,2.7720372211273556,1.2121970865897909,0.33088640666673524,0.5721636176832909,,COMPLETE
183,0.3780249067114613,2026-04-16 15:16:49.763584,2026-04-16 15:19:21.472761,0 days 00:02:31.709177,0.1223516097358532,0.1341602600336382,2.6672501915014863,0.376082704323715,2.351690935511081,0.23774163657926137,0.12231713489947309,2.358447214388015,0.17990971570548478,0.8083448006053122,3.2136854253803997,1.3500477660804235,0.39304776729731805,1.7917432731240541,1.6757408190375727,0.18234734613354736,4.685079460588939,0.2204551861391866,0.1540212939343985,0.3946339091096171,0.1267233782173481,0.25047595040695647,0.41283706002332815,0.13728411336383542,1.3419900883896165,1.356222746918564,0.19906239159010297,0.6459780038129549,0.21402067351147824,3.0230277982839233,1.4314743847607048,0.2901678998180919,0.6866574845792444,,COMPLETE
184,0.3781128464373755,2026-04-16 15:19:21.475743,2026-04-16 15:21:55.511040,0 days 00:02:34.035297,0.1307079198925747,0.1432367399608585,2.3038756729105043,0.466099269449289,2.5936464597149267,0.23585194183769986,0.10095783705354573,1.9587883066613971,0.16847201164434294,0.6707389014288185,0.6830123692052076,2.503870401356097,0.5110592000707298,1.728725280685626,2.8038412523373557,0.16205599435724236,4.998041376908261,0.20058444745621046,0.2856961227127779,0.45805218248076957,0.11786694414718535,0.11769063142086547,0.4466777605633471,2.419876437515859,1.435613756165419,1.2172058716992626,0.13535427952144388,0.5646535117817986,0.2386050039032755,3.1050144635736703,1.221151412628197,0.3600477817169966,0.7806588069597353,,COMPLETE
185,0.3816798010058136,2026-04-16 15:21:55.513046,2026-04-16 15:24:47.093500,0 days 00:02:51.580454,0.10831528379772155,0.11705925516475044,2.8621565576222237,0.5409132574442483,2.161762612075856,0.26695737817793436,0.11403106713271485,2.785289290127986,0.1489290931399002,0.7605876915488327,0.12573336184800923,1.2756134705751145,0.2901374866206915,2.00283710553547,2.3473984502311303,0.23187429487820818,3.657160098006771,0.15363294342421685,0.18567062480958163,0.4269791698116577,0.1349949888996054,0.1419907363064226,0.5636671650432227,2.9221717699259195,1.6421709979474672,1.0340083312017658,0.11901451126636137,0.6611795872594416,0.19002154654104564,2.519986501115956,1.0506453690672284,0.31644462088480657,0.3661000396413302,,COMPLETE
186,0.379361312696073,2026-04-16 15:24:47.096431,2026-04-16 15:27:27.282318,0 days 00:02:40.185887,0.11920360462154632,0.14796409325540608,2.0777997900878287,0.419475210012152,2.8961295374642626,0.3158598589377082,0.13526096692835035,2.5287358942888245,0.1010423244863177,0.9451636088925132,1.7639943644913905,1.6866222672300895,0.21390710764001822,1.5336383893444177,2.5304962396224235,0.149245812021279,4.081592368587681,0.179932154600612,0.13909654895379664,0.37481000484420707,0.10835032826771579,0.2123772380962451,0.4965762462462076,2.677572784965046,1.1877870590214232,1.3014147501407194,0.12039719050672039,0.6062303538348481,0.25930400306433954,2.2374966978306206,1.3144152730932124,0.2781676852583543,0.6341978492905457,,COMPLETE
187,0.37302284147727993,2026-04-16 15:27:27.285657,2026-04-16 15:30:07.742219,0 days 00:02:40.456562,0.10023406004600277,0.13303729289965083,2.4639552974892127,0.2889252488979406,2.468875699773901,0.17954527412829874,0.12211942234929316,2.2015244797473557,0.12303721745793947,0.8324220982929244,0.10046172507703222,1.5053761713646738,0.32771523318237883,1.3641681462746957,3.0231105698212164,0.16598040836313532,4.32598623104079,0.2586573722320093,0.3927632311904409,0.4954170623737495,0.12378577489433976,0.1848748586334266,0.39439465172672167,3.579491302951128,1.5251778446329183,1.4549822050521617,0.14935272254666962,0.7536531364001499,0.19987156908325776,2.7613774443302814,1.133764883984215,0.4084409469598482,0.776089351564224,,COMPLETE
188,0.3788662333031096,2026-04-16 15:30:07.744415,2026-04-16 15:32:37.050172,0 days 00:02:29.305757,0.14065836268657794,0.1271525161645499,2.646548338592816,0.3657697932952048,2.055319359221332,0.19737561570514858,0.10763918649975517,3.0505942475528918,0.1784172881149645,1.0435238483528755,0.12792112545989506,1.3883958208652818,0.19579758006552067,1.6750978540215389,2.1045194910091034,0.14662285951122025,3.9302269420009974,0.2260495069774618,0.17917064927625576,0.591507106009523,0.10654910139730904,0.15664451180400346,0.35670979576295964,2.437790162842046,1.3371942651182434,1.1321056467494488,0.12553008374000557,0.4261200505359164,0.22777977851228068,2.575026933612793,1.5831034045463737,0.3069464506284149,0.4714619806611828,,COMPLETE
189,0.38026696458953174,2026-04-16 15:32:37.052618,2026-04-16 15:35:05.154459,0 days 00:02:28.101841,0.11618295716638492,0.16173415412590966,2.2778777110485366,0.47751137614430395,2.331755215629495,0.29359713276034893,0.11444915685457024,2.032665255329286,0.11058218959175911,0.7126878992552947,0.11061945387878132,1.1767178936329272,0.26871481752327603,1.8847071778327,2.7080156442550933,0.192740712590989,4.63497986781956,0.1921042628735952,0.23327868947272956,0.5388501348662793,0.1353679345874109,0.2254053012613266,0.4403105824331522,3.139904662426588,1.8684813130678048,1.6110134477751128,0.16648336536181182,0.6879492722191879,0.20587591815680273,2.9559308087189873,1.370623389475501,0.4453894527972551,0.5400763756006468,,COMPLETE
190,0.37278713518710416,2026-04-16 15:35:05.156533,2026-04-16 15:37:30.475535,0 days 00:02:25.319002,0.10793690314981907,0.10052161178006298,3.07909668541286,0.33944647412518747,2.6076168552439465,0.21930561411340654,0.13130435059158338,3.209362270410005,0.14154121316314328,0.913752136248207,2.047695176483678,1.7559600908920778,0.24881604764229207,2.172436058929274,2.2796944897122393,0.18168137102365237,3.4874538486531113,0.24526931465905263,0.15570455402957245,0.46625625389697156,0.11667226256499283,0.19911521259244794,0.312159882465893,2.903444962059756,1.446629267056953,1.2157217272605891,0.13901667366166925,2.417484470790379,0.18393450258542648,3.231527670272946,1.1828566663713942,0.2528043804365349,0.6018350794151363,,COMPLETE
191,0.38427996225846195,2026-04-16 15:37:30.477375,2026-04-16 15:40:05.371482,0 days 00:02:34.894107,0.11391396551091507,0.16185831477794016,2.8357331502331222,0.5757027535790461,2.39522939923192,0.25012613368486797,0.10044649024698567,1.6935709663557827,0.1865739638101893,0.6723273884457963,0.1167944989626581,1.0482659466347988,0.3057914545150744,1.9966843831462737,2.3699393284756214,0.15720365910083028,4.22648723213401,0.23910639720301682,0.1355722024726087,0.41722140651517003,0.11471671859005468,0.17455227638551765,0.46215549412350143,2.639997365310076,1.7730472539145434,2.099749746654269,0.11214329985878499,0.7111346571919205,0.22287161903645572,2.900163709465521,1.4600117950057745,0.34062578714987923,0.8147105284143299,,COMPLETE
192,0.3822739166404156,2026-04-16 15:40:05.373598,2026-04-16 15:42:58.711464,0 days 00:02:53.337866,0.12543713805258344,0.15459488710425429,2.901102537721778,0.591534212006521,2.876821899689841,0.24837881078276552,0.10595205159107011,1.751834833026011,0.18680258597287336,0.6872444711822846,0.10980105047084919,1.621499439414454,0.31569697158582327,1.7954072221869695,1.8613599342280605,0.1572234791949367,4.44709204394852,0.21906055473779976,0.1277790325354692,0.4203261140754678,0.10087033825456333,0.17697662440194198,0.4855688391316714,2.673662295375324,1.7362531678906192,1.4428914924154983,0.11403102593212491,0.631967972427912,0.22881321888185385,2.8135573021616604,1.467137726410883,0.34436496097380037,0.8089827103316669,,COMPLETE
193,0.38604541843947815,2026-04-16 15:42:58.714214,2026-04-16 15:45:29.580483,0 days 00:02:30.866269,0.11508834933195963,0.1431412559666238,2.505230290203536,0.5159764875067959,2.1770629970521265,0.270212555594982,0.11670910219339392,1.9334049122887553,0.1701771564854939,0.7732299368785781,0.11838345793832826,1.111143726730625,0.2883639068394501,1.970656061949866,2.515434737002308,0.14483512053590764,4.130043477661826,0.2065623809083442,0.14223520506806273,0.36026733307399156,0.12665144351361612,0.16130598002928445,0.41026785550099965,2.2929078678201664,1.5985859696373352,1.7555015831388707,0.11621917890248315,0.5857065543133172,0.2448143381536243,2.3989068046551365,1.2995450110039999,0.3771501199768679,0.682670746096731,,COMPLETE
194,0.38285544149686956,2026-04-16 15:45:29.583611,2026-04-16 15:47:57.688109,0 days 00:02:28.104498,0.13269159624115442,0.12188341146232226,2.4097456106551403,0.54088701729874,2.1925908098634133,0.2306216539553395,0.12072064042914842,1.6497704852565154,0.17170398593880226,0.7712406997088755,0.12919557129072987,1.2756957252816272,0.35171086785470823,2.022100651073639,2.873277839988207,0.14904089296037484,3.767905157306201,0.27142062831857355,0.1440910606959411,0.34258682865335305,0.13026110200751356,0.1457104686143393,0.39491880169020627,2.3826775678949015,2.0326073468090198,2.1145654768717606,0.1143381234877912,0.7296318481612635,0.28048505547460967,2.3818015423067274,1.5013207841266152,0.3878774921316908,0.6978463559188178,,COMPLETE
195,0.3771786013285404,2026-04-16 15:47:57.691353,2026-04-16 15:50:36.861223,0 days 00:02:39.169870,0.13640826882954538,0.11543396445078173,2.1394049894020477,0.5358014342168467,2.3162727422188687,0.2094197240328973,0.1220914060329708,2.210559888108168,0.17624990671582258,0.7634449159555367,0.12807695700802973,1.0916367234788038,0.34497464649021614,2.0422901972104133,2.986090163564723,0.143099030869394,3.763183921352904,0.2786430533117864,0.14844124900637481,0.3473438140532718,0.138555194846104,0.15948197820966237,0.39965700506041374,2.286124923809516,2.195093565841945,2.009680196096753,0.11476275501058181,0.5347526239468575,0.27146384737680296,2.3159675138957985,1.8400235218740486,0.3740116985085281,0.7130287662976315,,COMPLETE
196,0.38150116906781967,2026-04-16 15:50:36.863447,2026-04-16 15:53:08.079053,0 days 00:02:31.215606,0.13182478366633954,0.1702362602333286,1.882379484791008,0.5784938338827025,2.454844548065936,0.22591845444838685,0.10035862496641719,1.8437662210455346,0.21008338795544018,0.6844159607084978,0.11792459914632944,1.054617882339034,0.20664538939258725,1.9498526733805863,2.840921903598537,0.14133981295499928,4.03619639701667,0.2573338160506657,0.1447677043010163,0.3462916610360348,0.1265872112651672,0.14528716485103624,0.4197720876640913,2.2291138099793653,1.917166834968876,2.1669487750381227,0.11076703142329132,0.7561125758444233,0.29330306323523525,2.4533637422502474,1.6191052294909636,0.40468467402149494,0.676480065321152,,COMPLETE
197,0.3827024249543863,2026-04-16 15:53:08.081719,2026-04-16 15:55:37.989190,0 days 00:02:29.907471,0.11922993368173888,0.1232249688957149,2.295281959279272,0.5061002157081327,2.0263646142637857,0.2797633983612617,0.11809785625150374,1.6040352200082029,0.1894416030701698,0.8184835831376137,0.13286561088948556,1.2141877545712119,0.3799389995685557,2.1634638945303144,2.556842306723448,0.18164910048370367,3.5838893707987958,0.16879665442750147,0.13626031769647645,0.32452865507036716,0.11073437733396035,0.17240787231285223,0.5172099461373989,2.5933397065004087,1.5756837806319735,2.191622711938889,0.11907252733505705,0.577669675364325,2.5116715509307044,3.0104597743967325,1.4665309290804458,0.3815803367061298,0.6357386224913898,,COMPLETE
198,0.3808436823316786,2026-04-16 15:55:37.991292,2026-04-16 15:58:08.566504,0 days 00:02:30.575212,0.12049364365729553,0.14236324186006272,2.2070714440308463,0.5415733432316612,2.0461082979542615,0.3365447000783514,0.13603014902018984,1.634955002537408,0.1877751488369132,0.7530389836700397,0.13532572561387138,1.2360952582697968,0.36572925446881155,2.138363718941637,2.6024043078694707,0.1774549169568193,3.4758833380903025,0.16733078715164415,0.1638395936810999,0.2736310799353141,0.10815883499366652,0.1661171711716971,0.527245057829694,2.4393264912988752,4.501333393471175,2.4515650513288803,0.12280106546800472,0.4795017918367525,1.990839137939083,3.0580477905006016,1.4820303938607688,0.3831719684500215,0.6510410876948131,,COMPLETE
199,0.3777499906578806,2026-04-16 15:58:08.568355,2026-04-16 16:00:52.848404,0 days 00:02:44.280049,0.1432246736060217,0.10922199730600798,2.677989618909331,0.5953404500696607,1.94646262641206,0.28778222487060484,0.12632396367752685,1.6752540991723832,0.16912349551453204,0.649943098048007,0.12426615295398406,1.1715372035849527,0.46125562058971237,2.3802371132993287,3.085421238087077,0.15081884523858885,3.628515940155877,0.1809912446776794,0.12579085687767463,0.32116740710815833,0.14563408636483607,0.23461779951278006,0.3837676249036101,2.1393672692999597,1.6187493206596792,2.1211842082657912,0.107065217159182,0.6584908482090652,3.8003766569319226,3.3771049027929427,1.6502726080981405,0.4233395617454979,0.8287136733100615,,COMPLETE
