number,value,datetime_start,datetime_complete,duration,params_BOUGUER,params_CRUST_RHO,params_CTD,params_DEM,params_EMAG2_LOG,params_FREE_AIR,params_GEOID,params_K,params_LAB,params_LITH_RHO,params_MAG_SEIS_MOHO,params_MOHO,params_MOHO_GRAV,params_REVEAL_P150,params_REVEAL_S100,params_REVEAL_S70,params_REVEAL_S80,params_REVEAL_S90,params_REVEAL_VP50VS80,params_REVEAL_VP60VS70,params_REVEAL_VP90VS60,params_SEDIMENT,params_SI,system_attrs_fixed_params,state
0,0.13565007448196412,2026-07-03 18:43:25.728536,2026-07-03 18:44:57.831124,0 days 00:01:32.102588,1.0,1.0,1.0,1.0,1.0,1.0,1.0,10.0,1.0,1.0,1.0,1.0,1.0,1.0,1.0,1.0,1.0,1.0,1.0,1.0,1.0,1.0,1.0,"{'GEOID': 1.0, 'SI': 1.0, 'REVEAL_S80': 1.0, 'REVEAL_VP60VS70': 1.0, 'CTD': 1.0, 'REVEAL_S70': 1.0, 'SEDIMENT': 1.0, 'DEM': 1.0, 'REVEAL_S100': 1.0, 'FREE_AIR': 1.0, 'REVEAL_P150': 1.0, 'MAG_SEIS_MOHO': 1.0, 'REVEAL_S90': 1.0, 'REVEAL_VP50VS80': 1.0, 'EMAG2_LOG': 1.0, 'CRUST_RHO': 1.0, 'MOHO_GRAV': 1.0, 'MOHO': 1.0, 'LITH_RHO': 1.0, 'LAB': 1.0, 'BOUGUER': 1.0, 'REVEAL_VP90VS60': 1.0, 'K': 10.0}",COMPLETE
1,-0.018578362464904786,2026-07-03 18:44:57.833900,2026-07-03 18:46:13.607589,0 days 00:01:15.773689,1.3635915636722524,0.4157009757451551,0.3853054671298477,2.7600694766977725,0.41388442631527983,1.7805097195427473,0.7062057512530174,3.9189944117358317,0.5605506182664317,0.8280444240472667,3.679830740058393,1.0710499222736416,0.5811445549005309,0.26468309821821084,1.3235934404439869,0.3852797006364793,1.9026045946019632,2.513626966436667,0.45042426126644386,1.3146091546310463,0.36805045057557684,0.2936835672698565,3.489105511396341,,COMPLETE
2,-0.004044055938720703,2026-07-03 18:46:13.610138,2026-07-03 18:47:32.537928,0 days 00:01:18.927790,3.1107912983195063,1.6666279801251984,1.0402553828209258,1.347401123694952,0.32775471864739214,0.2994125028911122,0.6903727249529936,9.195011569464327,0.2750096378227971,0.986716569286215,3.6364434274228086,0.3506619841917112,0.8471033940255083,3.471459039853269,0.40111741104247906,1.292046753205887,2.2048856638213787,2.351513137757597,0.5817434941684071,0.4348817671118115,0.5123209972725912,0.28436220870430334,0.8853255342240016,,COMPLETE
3,0.04064441919326782,2026-07-03 18:47:32.542963,2026-07-03 18:48:52.020956,0 days 00:01:19.477993,0.36951296758225577,0.5304895095167262,3.6765140825772806,2.9882677121619663,0.7344362424618398,3.22097383231438,0.5933043659685951,2.3745462850671797,1.1256702979753144,0.5447771277462852,0.4304541404555639,0.672223697338705,2.4879371429043866,0.3195181983553495,1.3118474057425946,2.144336462793401,1.1382686657309775,0.2833995073878895,0.6161362498757661,0.41737550011750574,2.3114336060919145,3.3822792238345647,1.0572174074141643,,COMPLETE
4,0.007183504104614258,2026-07-03 18:48:52.044359,2026-07-03 18:50:09.297670,0 days 00:01:17.253311,0.9258559804138308,0.5921067833314372,2.398023361981824,2.1214951592501685,0.2981754534066537,0.6754228600982491,3.8571834054755962,10.334150520046546,2.9258401879319615,1.4643190084362727,2.736655251487514,1.890050409892569,0.6158851671393084,0.3447150609735986,0.3069719220249272,1.7745206651664875,0.43372807195653823,1.407556181319992,0.6257212909158483,0.25385709168530946,0.3482938692855753,1.8869140020028108,2.1272344951548665,,COMPLETE
5,0.046403348445892334,2026-07-03 18:50:09.310000,2026-07-03 18:51:07.960564,0 days 00:00:58.650564,3.291603607952741,2.031020151847998,1.065057497928294,0.33717411935646546,0.7799922487003687,1.459669394370059,2.0607081476491778,8.598718909462876,0.39090370101524063,0.5582587298384453,1.024047591554786,0.30948033362312916,0.47145522334690326,0.5976711974908874,0.2727624101163751,0.8179950814260437,2.1197126716099417,3.0957004871483003,0.49901978334242053,0.9829448545456477,2.349708057229386,0.26825491451680944,1.1851821394009467,,COMPLETE
6,0.07720632553100586,2026-07-03 18:51:07.962564,2026-07-03 18:52:06.599253,0 days 00:00:58.636689,0.6125127277345905,0.7953402080188585,1.1152514065728398,0.6037461126084568,1.0302462485412969,0.4703284963294342,2.800806588757217,10.093666575311701,3.414415938159736,0.6374838443739771,2.415060053097559,0.34855578304539236,0.4627905279578748,0.8170131218836928,0.33919991138425537,2.3452807251986343,0.41936554375030455,2.7187101190810483,0.2548655921445308,2.9695328534031957,1.0534796799376016,2.9987582045114713,2.320906345773314,,COMPLETE
7,-0.010232460498809815,2026-07-03 18:52:06.606082,2026-07-03 18:53:10.487847,0 days 00:01:03.881765,0.48315238090674784,0.9711802855895839,0.9924002636136385,0.2769212728062924,0.3736033996925513,1.0074554843463754,0.6851626480538477,4.664586256708529,2.0654819623201397,1.611654155664331,0.5413321045314211,0.489106684217553,3.843982628655884,0.28835441263983747,1.3549666435906416,0.5757495323334312,3.6044750919972826,3.1017094379532115,0.48573709182496816,0.5024769015074176,1.8827812546487,0.5507089566256839,3.6989821303835795,,COMPLETE
8,-0.0032091140747070312,2026-07-03 18:53:10.495705,2026-07-03 18:54:30.942052,0 days 00:01:20.446347,0.342433104441598,1.697899364939745,2.5336372481646685,0.2799227341110378,0.4054134102216976,1.636096050637247,1.443152062691554,15.07888916626456,0.6436130144968302,0.3660426792857128,1.034097511802433,3.356412319425665,0.7304925097221362,0.2617663063611558,1.2866072940393045,0.6084118930811664,1.104274419779144,0.4684552360887616,1.4955655677127948,0.32111435829250257,3.246250819520878,0.41930561115590215,1.4480574522426872,,COMPLETE
9,0.0761335015296936,2026-07-03 18:54:30.974782,2026-07-03 18:55:38.446090,0 days 00:01:07.471308,1.3432392001844236,2.1727198766381615,1.0856825408923707,3.0081219007968394,2.9248156540742456,1.4463390914891432,0.5111315358874543,2.5263966601194374,3.019305530974106,0.39134552591679533,0.6583096715892638,0.31568549086661846,1.4825970897895948,0.6399890667644065,3.034948906085969,0.4888315013416055,2.4097588848611173,1.8710170629798255,3.0072421460902423,1.1653822533916596,0.2564568846509146,0.3236286129109257,1.5582602300474129,,COMPLETE
10,-0.07817316055297852,2026-07-03 18:55:38.451014,2026-07-03 18:56:26.633114,0 days 00:00:48.182100,1.9532969064809085,0.29922795048533674,0.28612489749581466,0.793752300970854,2.0135504718296815,3.9161897302495325,0.30043249780897724,19.600723041092472,1.2255322494794045,2.9184678575600054,0.27191946195113176,1.2894309731773617,0.27714484372248505,1.8321295607498158,0.6504611178561315,0.2783362654118532,0.25528652205633834,0.7683575477115706,1.347094077045505,2.5470676317987255,1.080063078588878,1.1400296324980284,0.4146600760956864,,COMPLETE
11,0.05417768955230713,2026-07-03 18:56:26.635557,2026-07-03 18:57:10.929469,0 days 00:00:44.293912,0.700783086072254,0.9002883360330488,0.5532890119529893,0.5689929406873433,1.349878822185116,0.46609405798821735,2.5403200865439284,6.616129714332817,1.759291022866846,1.6219878632070384,1.6953043128694962,0.6796392312134011,0.32904868998878045,1.1663231929449254,0.6215519530162809,3.792477190919559,0.5486481257704414,0.8985180294700595,0.259276123843487,3.4960470760298277,0.9261307858081193,0.8864882576866511,0.519815938545974,,COMPLETE
12,0.10550463199615479,2026-07-03 18:57:10.931835,2026-07-03 18:57:53.627456,0 days 00:00:42.695621,0.6154872997479077,3.4174979261005323,0.6234610823370047,0.607862135032909,1.4468299856496056,0.5359471125816448,1.246829502768689,12.4999259219673,0.8009971645635776,0.25804344697278053,1.7654635153095215,2.4638241957519664,1.3953196191677992,1.2815683618787852,2.782399656200002,3.6102541133950505,0.6095068506843049,1.318568368580236,3.451490960029517,1.9997044898093788,1.000187006355806,3.8983912274184593,0.6992496496019617,,COMPLETE
13,0.11830006837844849,2026-07-03 18:57:53.634135,2026-07-03 18:58:36.765615,0 days 00:00:43.131480,0.962298818389399,3.904421439910496,0.6133818705476026,1.3348098131877413,1.6170752533208452,0.845119469751611,1.1765685365866279,16.047594408976845,0.7516842316615635,0.26782635468726784,1.6007820416891887,3.909213763834331,1.3275589183788674,1.6814102104126885,3.061825278540078,1.150513397216302,0.6921973198575273,1.3116636997734077,3.83022214236572,1.8916056581421723,0.6755437328343352,1.239291770228691,0.6290718243352845,,COMPLETE
14,0.08362330198287964,2026-07-03 18:58:36.767495,2026-07-03 18:59:22.079808,0 days 00:00:45.312313,1.0101286735386357,3.4383592265680814,0.6407314257973041,1.400306142291847,3.5888172692134135,0.9209006918109315,1.0535812309050838,18.62457721831443,0.4903300007585685,3.980467335686035,1.4234675128305057,1.5621310313621823,1.3344236969037284,2.322383657767187,1.9021984572973947,1.0561986169093138,0.76666860977813,0.5897576325839672,1.8900883611503503,0.7529377644379671,0.627426594564965,1.071569323787152,0.2560948888091516,,COMPLETE
15,0.1128198504447937,2026-07-03 18:59:22.082392,2026-07-03 19:00:10.917728,0 days 00:00:48.835336,1.9832157326966877,1.295895356482642,1.7279889718231412,1.238157758375016,1.9244631991576309,0.897950002157936,1.6931512863133282,6.658603789897031,1.4454453597270773,0.2705639726531026,0.7599883266657504,3.6335283690245554,1.9296528807583355,1.772965160052183,0.7596801787491385,1.3195771614284546,1.3518075785660693,1.2612920499273113,1.0479297682940383,1.5480503779318147,0.6811789258009591,1.7195622694031822,0.6266352411757025,,COMPLETE
16,0.07738817930221557,2026-07-03 19:00:10.919475,2026-07-03 19:01:15.219199,0 days 00:01:04.299724,0.9812774692448624,1.320088303591758,0.4057585247715933,0.9122981610045376,0.5958692242569568,2.197661777517849,0.4189007652725867,13.620558129831979,0.8955234259801962,2.167649246727304,1.2801855028800295,0.8100021203747386,0.9501240859831823,3.404341501123844,2.1213934656467552,0.8692383724636032,0.8241508081149481,0.5612306482506192,2.0999580024459594,0.7629181856863113,1.457138132645411,0.7212642940367242,0.3341528629868146,,COMPLETE
17,0.09028425216674804,2026-07-03 19:01:15.272864,2026-07-03 19:02:26.421293,0 days 00:01:11.148429,1.8256645462828633,2.6314675232977947,0.7798785463053078,1.917034811147689,1.157811775645642,0.2974797958763314,0.9591804169999837,14.88499583229143,0.7287888969816805,0.4020598865583645,2.0664141373188074,2.2869860098381674,2.348009921651385,0.8644933013800393,3.7655713087645757,1.5688073500164272,1.4042672446388977,1.7788806111798328,0.8801277840592866,1.881731055842348,0.7196967003863652,1.6770853909706003,0.8188607312472439,,COMPLETE
18,0.07678848505020142,2026-07-03 19:02:26.441662,2026-07-03 19:03:25.281873,0 days 00:00:58.840211,0.261481607473494,0.6738841040532793,1.4604910517564,1.7731755710650872,1.932299356262646,1.1144473081274786,0.9297655197242831,4.68010373104668,0.42135739518475107,1.1902673730523912,0.8562168193393787,1.0223663603088404,1.1729665627793617,1.5923943851802327,0.9206492167988202,0.7226036034160336,0.28188986047346204,1.031919895542403,2.5274531453424354,0.7494368097636969,0.4864368993504221,1.2910459963384837,0.41578631554824785,,COMPLETE
19,0.0019343018531799317,2026-07-03 19:03:25.289971,2026-07-03 19:04:12.979468,0 days 00:00:47.689497,1.2741737787308645,0.39141058385513233,0.439765348126283,3.9534250388887093,2.5721799237084735,0.667329497183405,1.8622551951528628,7.599789776773251,0.31658268644360416,0.6944760220605731,0.4052981229525012,0.48594308536110487,1.973372187992628,2.7641031206511717,0.5103516272223068,1.072048196123373,0.8391863191823348,0.34019130209893594,0.9303390838607879,2.2040624561373523,1.51616411093071,0.7214156116468672,0.5252486508853242,,COMPLETE
20,0.13645139932632447,2026-07-03 19:04:12.980982,2026-07-03 19:05:08.403664,0 days 00:00:55.422682,0.7579269318169598,1.2303256490854335,0.7983191785071504,0.46840129300796846,0.597233035149405,2.620347667612872,0.36693319069172636,11.476252825358822,2.2380677816189993,2.248824581100419,1.2302378390230821,1.348066116896711,3.7901044753910096,0.5508728756951663,0.9640961559749378,2.73581261428011,0.6258731661830148,3.9849558218129038,3.851253698051191,1.4899717400444734,1.3485632729804535,2.2427624031668274,1.430767571350307,,COMPLETE
21,0.12730119228363038,2026-07-03 19:05:08.405795,2026-07-03 19:05:59.221002,0 days 00:00:50.815207,0.7300727639664227,1.292349893733136,0.7591126003337961,0.5006364705649473,0.6412962176860686,2.380582804854682,0.3002113051206274,12.87251180480769,2.0928410751463504,2.314626429025085,1.378985489576974,2.8021396896241533,3.990224157608173,0.46955082199940223,1.0076744840390461,2.9183660175333683,0.572493457517004,0.7796240500735239,3.8628157270646173,1.6286279335085045,1.33398824727606,2.564327234141979,1.3726897948161245,,COMPLETE
22,0.11623692512512207,2026-07-03 19:05:59.222464,2026-07-03 19:06:44.711313,0 days 00:00:45.488849,0.7795582311220364,1.2383703025753787,0.7906270576142164,0.48829975396091746,0.6783141767913353,2.9367561308805135,0.25100709463388027,11.185296608532697,2.349142904071838,2.361031381875742,1.3062956099653222,1.4211610121095495,3.820193369600723,0.4049675719660122,0.9683048262296923,2.5689178703780833,0.4737954005071956,0.7001068669752454,2.5859642508364176,0.9571008673067447,1.4396909056639495,2.4585451491745594,1.7849211510179348,,COMPLETE
23,0.12031201124191285,2026-07-03 19:06:44.712032,2026-07-03 19:07:28.391711,0 days 00:00:43.679679,0.5434190065931638,1.1216014393844433,1.3634208448773053,0.40495140111058836,0.5554695831424951,2.4736666353025565,0.38591652854869324,11.869717940332327,3.9827605722266126,3.92836452743766,1.0622388270540033,2.8496918234512085,3.122739651990951,0.46273994115085454,1.7380170846980392,2.9186825977018516,0.3209825210322779,3.9760484428263356,3.9545978322256943,1.54577468276623,1.244963498498602,2.3456999058561343,1.2162571852265438,,COMPLETE
24,0.11602513790130616,2026-07-03 19:07:28.393660,2026-07-03 19:08:15.362188,0 days 00:00:46.968528,0.43976218648927845,0.8214142510081974,0.8029773719680952,0.42628101852806244,0.8559790913604484,1.9960175935951312,0.35937946200414617,8.127990123290338,1.5734912657810423,2.5378594126213523,0.6440805266876533,1.8487795473105197,2.9867395216243837,0.5644061192592928,0.8058861091911864,1.7681566607220383,0.3561945122369358,0.9923411431195995,1.16909638933767,1.382338426477825,1.9272810412178027,2.3448546643083605,2.7624580723776924,,COMPLETE
25,0.11322721242904663,2026-07-03 19:08:15.364126,2026-07-03 19:08:58.293496,0 days 00:00:42.929370,0.7912108771819124,1.4899648213926155,1.6693422053826006,0.7281540984116873,0.5175126343010031,1.2634582392493778,0.28449175896934076,5.485660048401009,2.286903392861428,1.9810249546635597,0.8829756779318163,1.1994337559398103,1.839000539092725,0.7614870934030739,0.4545243388168912,2.9864198499652557,0.5670039621164474,1.6712054736527626,1.715656191365048,1.1050914277449402,0.8018356923451361,1.5409793687951308,1.3754700200988421,,COMPLETE
26,0.09956707954406738,2026-07-03 19:08:58.294296,2026-07-03 19:09:47.313558,0 days 00:00:49.019262,1.1244712650167206,1.0708397748813463,0.8149196930284154,0.9920625950273695,0.25931308009140025,2.5318590023677245,0.49129981532506334,12.686945607180425,1.0430680711467457,1.3126941843988056,1.1712027489787218,0.8403031130753641,2.9315707196816176,0.46768167933269467,1.0914773144817616,1.8890486400555324,0.9162107445549874,0.4068112236556726,0.7590264733915265,3.886125461950313,3.2440086210786463,0.8494799548488118,1.0603749642618836,,COMPLETE
27,0.1211666226387024,2026-07-03 19:09:47.322191,2026-07-03 19:10:34.590383,0 days 00:00:47.268192,1.6406791284294002,2.188853931818321,0.49686898076742136,0.3715730041817858,0.8715877190058197,3.952887972767743,0.3217346173957465,9.583037722729546,1.8637890518872697,3.1580848833937503,2.1639828919183635,1.6583639015869174,3.856671751821746,1.1580650355233326,0.6035008656923952,1.4750889404669552,0.6523216970347488,0.7980065543246985,2.294386486429739,0.584909942354883,1.9502179405490052,2.0904878994423277,1.9048211196388258,,COMPLETE
28,0.13909341096878053,2026-07-03 19:10:34.591611,2026-07-03 19:11:30.456291,0 days 00:00:55.864680,0.7156865003593855,0.74463931589241,2.040029625277245,0.5006054213600377,1.1113699630068772,3.1168047441467146,0.49596002565623687,17.081082001836418,2.655523251307699,1.9545776757440352,2.818525424845227,2.133643502100271,1.061942489068359,0.7024626980025471,1.5722899334096991,3.145494780746635,1.3979893055477566,0.6358245945756256,2.958870548399521,0.9021950987008424,1.3109486782048316,2.8041165423218546,0.7958634900805339,,COMPLETE
29,0.12436798810958863,2026-07-03 19:11:30.466541,2026-07-03 19:12:29.146515,0 days 00:00:58.679974,2.458236410605023,0.4832236248003364,2.3024268007477597,0.7114756606816026,1.1915913292889087,1.8445921315799814,0.4934977588893749,17.086306174760605,2.8617902729264397,0.9244146866807211,2.9029288752194295,1.0312839134080884,1.0769906513488126,0.9800515205699346,1.6316868897908434,0.40171337957725095,1.5316094145846604,0.6310908755185383,0.366259876908962,0.5912235116900663,2.5505691656269938,3.1859595183525427,0.8457540416983577,,COMPLETE
30,0.14613288640975952,2026-07-03 19:12:29.147817,2026-07-03 19:13:26.982361,0 days 00:00:57.834544,1.472805724134802,0.7546555542871373,3.7084720943416873,0.8515634981101478,0.49245239127654616,3.119176913615552,0.8094303407726294,2.9954312019513405,1.4798875515369434,1.8345661363520276,3.914173639854655,2.0601812837250986,0.7455995002977929,0.6718213058119856,2.224387838579237,3.854812220987589,1.7036571883293894,0.4596016669222785,2.9829148540314128,0.8393276615854816,0.8463512435931365,1.4183148756486346,2.9676408714065357,,COMPLETE
31,0.1463289737701416,2026-07-03 19:13:26.990272,2026-07-03 19:14:32.457660,0 days 00:01:05.467388,1.5166965389534768,0.6795814818353141,3.545514912980367,1.1136786425476526,0.4826729784498553,3.020573905085647,0.8129506718194907,2.9659250494107834,1.2804852871058972,1.8413347444777703,3.7356030183125544,2.1040513495952364,0.6602131465986564,0.6717880101202159,2.5408892238370897,3.843997321537949,1.7250977918563546,0.502762795663313,3.0013304224577273,0.9276580675180793,0.877695794192799,1.4064651936189334,2.9187592480940308,,COMPLETE
32,0.14647393226623534,2026-07-03 19:14:32.477582,2026-07-03 19:15:36.570305,0 days 00:01:04.092723,1.5937227538804521,0.6759771067383962,3.811917833721123,1.1240399319338448,0.4951737102492833,3.130068344371242,0.7889364728236633,2.9919278015421606,1.3227443435379704,1.8447178453703723,3.798451252606633,2.0332490839109414,0.6801234331655076,0.6875512705034649,2.292260737197779,3.9501985946914258,2.787244214762442,0.47912674783857173,3.2214244277588424,0.8705248132474906,0.8530239326267203,1.459968361718934,3.0677913114871305,,COMPLETE
33,0.1465843439102173,2026-07-03 19:15:36.571024,2026-07-03 19:16:42.733203,0 days 00:01:06.162179,2.4359732498290803,0.6890576915794836,3.508667214747231,1.153910837392546,0.44337723052692735,3.2676497399039355,0.7935464349424166,3.2029048600754715,1.3041842596159248,1.8841570636143956,3.82310586186289,2.219408010221951,0.7788225344412886,0.724498070251538,2.304869982742464,3.986305984935377,2.831737435387428,0.4740479528333051,2.9081970155948564,0.8705306654641651,0.8318893018531357,1.470018042191142,3.0565160649338705,,COMPLETE
34,0.1345995306968689,2026-07-03 19:16:42.734939,2026-07-03 19:17:38.713267,0 days 00:00:55.978328,2.37255677047344,0.41597973571499575,3.926933352501125,1.1907567474793308,0.4857479274606564,3.390299716702838,0.8109420218675871,2.954630456440289,1.3461362815429734,1.1805255224971563,3.5521672312808175,2.758553774832568,0.7297972290134989,0.9929560699979074,2.30478705107289,3.726324490362242,2.9822903993087078,0.4727778088426072,2.9570043247902142,0.8383807075619724,0.5452937098086749,1.4263297116561078,3.056039425976222,,COMPLETE
35,0.13153082132339478,2026-07-03 19:17:38.722463,2026-07-03 19:18:35.462131,0 days 00:00:56.739668,1.5905289044863664,0.5668900676795158,3.138860969375948,1.6044773164177117,0.45843265164347413,3.47852978811416,0.8215437908216746,3.2970083441230824,0.9955838295856044,1.7005656158782059,3.893298526324206,2.047394308241268,0.5362474992230457,0.7305952056024652,3.9909931345565193,3.9992907125412334,1.777385120591528,0.25658669355442904,2.0584318967199,1.1990737009930614,0.883876510592914,1.3618735172470624,2.9341685874359817,,COMPLETE
36,0.098899245262146,2026-07-03 19:18:35.463264,2026-07-03 19:19:30.935558,0 days 00:00:55.472294,3.9292861367508145,0.6578634537369759,3.282333383503996,1.135781131438314,0.38553290688748093,2.862116412969863,0.6339005604208515,2.0316008578835305,1.1731890082116032,2.8442711335997584,3.2745849815415027,1.7265738980236556,0.7672650309821036,0.3965349308928895,2.533900612351382,2.19477993664414,2.6291412087511166,0.3663553278337665,3.1575592784085202,0.5897068954256406,0.3988326207914122,1.901123783166294,3.9119634151470057,,COMPLETE
37,0.10258535146713257,2026-07-03 19:19:30.970345,2026-07-03 19:20:17.617505,0 days 00:00:46.647160,2.7730754637291053,0.31263223679271235,2.8215822935253185,0.8839680901005671,0.31774795745042106,2.0294823675658407,0.8112069965070757,3.5180260135974177,1.5233375044043462,1.847246475040074,3.9404376242660253,3.2832608334291007,0.6169453596411238,0.8936321276731306,2.0344029850589984,3.4432176000522374,3.7329681281958953,0.31133740220265455,2.5624245643060335,0.6574157628452791,0.8061388166032406,0.9225092275017994,2.373683250391243,,COMPLETE
38,0.09836012125015259,2026-07-03 19:20:17.620448,2026-07-03 19:21:03.882113,0 days 00:00:46.261665,1.470187675068138,0.45945068950041396,3.43070356996268,1.0934078332936623,0.253331512056688,3.4598723189751506,0.602741294850609,2.741591161692979,1.7637816325980193,1.3742718908511569,3.1723631886381294,2.4767649944053045,0.40215332173905455,0.6137261571863682,3.401291388240474,2.4821994695573673,1.948647112663223,0.4673120704184365,1.6518600921899675,0.4409736748257324,1.1436770736679698,1.605386819939597,3.3112088487392635,,COMPLETE
39,0.13083436489105224,2026-07-03 19:21:03.883319,2026-07-03 19:21:45.861783,0 days 00:00:41.978464,2.114493629535774,0.6144851134105241,3.8841252962134885,2.391858237204865,0.4395192189397502,2.6981450359717414,0.7376429208881302,4.100470049762005,1.3353288266262298,1.046566691425536,2.597794021021015,1.9833644437331064,0.8666242572725046,0.5040960272931848,2.4689312565202965,3.309844443636935,3.2576484244240738,0.40999980757602594,2.4149428769477885,1.068297239793163,0.5700143349793652,1.111712468935278,2.606442467690942,,COMPLETE
40,0.1248821496963501,2026-07-03 19:21:45.863934,2026-07-03 19:22:30.651961,0 days 00:00:44.788027,1.2337410641791926,0.7420753390371492,2.81556070674611,1.4151152009806924,0.35994469023324716,1.72497844071199,1.2962991946993279,2.138724918427297,0.9113104873518127,1.4554019403007936,2.0805116112523403,1.518748593129047,0.6469738812427481,0.69900026228365,1.4114831958461902,2.0753659237073103,1.7105454785220546,0.5399348219797061,3.2576995799958004,0.6904713313714382,0.4786880712588882,1.9422428258273874,3.3501640632736724,,COMPLETE
41,0.14974281787872315,2026-07-03 19:22:30.666076,2026-07-03 19:23:22.900058,0 days 00:00:52.233982,1.6853285598344832,0.8949341673073266,2.059736112797415,1.004838176176916,0.7545402263123095,3.015864390804898,0.5289253775011136,3.3450514506917717,2.6185095568739256,1.9650281171868909,2.98828362764834,2.3021447950256753,0.5029268248539907,0.6759408836161148,1.654103789701995,3.2090628823761045,2.2361367375246313,0.5000015265971463,2.8378233306310605,0.8885610686383627,0.7983358343122807,2.7069096458309723,1.9902238015937201,,COMPLETE
42,0.14977167844772338,2026-07-03 19:23:22.902521,2026-07-03 19:24:20.941155,0 days 00:00:58.038634,1.5604823721732664,0.8423976183507844,2.8644131154394916,0.9970879074085498,0.805078183521722,3.12871385971222,0.5795838966408091,3.2494023701969965,1.2324611074210743,1.7888883643008857,3.274758654507085,3.043035231940512,0.5416992348637548,0.8606799920651078,1.8910942698046547,3.3717898682436838,2.6612983755594235,0.4087268514786879,2.721028900490322,0.8585457800537545,0.8141724706473857,1.4392413409833582,2.085999966735586,,COMPLETE
43,0.14367616176605225,2026-07-03 19:24:20.948077,2026-07-03 19:25:16.522113,0 days 00:00:55.574036,1.7717810106874752,0.9973683950011452,2.1005012774411598,1.0459665666205464,0.7600315850707818,3.8974328465509847,0.5707649682174931,3.598286763205881,1.1562013571827259,2.622673941246379,3.2388362729486913,3.115457349718903,0.46718048517045446,0.7886461600366547,1.8147808841440518,3.3068388744264743,2.6218428870336745,0.36677468662292245,2.1070833387575623,1.2387411052710746,0.7421548724896001,0.754262100073378,2.048440777112368,,COMPLETE
44,0.13756495714187622,2026-07-03 19:25:16.526205,2026-07-03 19:26:10.240552,0 days 00:00:53.714347,2.378636209045369,0.5374250214554274,2.8268394990868715,0.9809498965126903,0.6919306838359155,2.2346384388247675,0.6723359624123061,2.398041609077479,1.7284275322005977,3.1847505388168726,2.412230448754349,2.43167852187547,0.3966584304231953,1.1687736900773584,2.950993725520796,2.520792086909172,2.286988975083609,0.2960461635061864,3.486609606185286,0.9584591670691246,0.9471318267824772,3.541912237952982,2.2728075894686386,,COMPLETE
45,0.14099884033203125,2026-07-03 19:26:10.242508,2026-07-03 19:27:05.521951,0 days 00:00:55.279443,3.227768184296928,0.8922385536474309,2.4974405164377784,1.6143845529356897,0.9378008333800556,2.8299922571045593,0.4433325856861386,4.163062062392989,0.6650828500766393,1.57437517923437,3.371000266604632,2.7036673486599394,0.5341355977984037,0.9115135756327305,2.592483717704022,3.2339016575280835,3.0412277015248628,0.5105919725254795,2.7148134963860593,1.0436742094216969,0.5940291681947908,1.2239401524584965,1.733696073776455,,COMPLETE
46,0.12939374446868895,2026-07-03 19:27:05.525036,2026-07-03 19:27:52.971855,0 days 00:00:47.446819,1.1599290333982144,0.9043925933347655,3.266647167212622,0.6884556417966857,0.8241087780082372,3.5778894042412817,0.5725352358289867,2.6686141959692624,1.2980360565838325,2.1040403850436693,3.0074971354348734,3.0521563554629783,0.40008504122200367,0.5545279875009943,1.2149328005412166,3.990806277656838,2.077251119759602,0.4005868363178954,2.2791607561044573,0.522742716902592,1.1429012571784158,1.0408207418543969,2.523925783848633,,COMPLETE
47,0.11423102617263795,2026-07-03 19:27:52.973718,2026-07-03 19:28:35.533977,0 days 00:00:42.560259,2.717905791571497,0.659730170595799,2.0475928850114764,1.5283878296764568,0.3411099667696013,1.5066856049808854,1.074488879203967,3.2674315289407407,0.9957423409711736,1.7164204837255959,2.4667562038161965,3.7661456374520736,0.5544932205686804,1.3085835418902982,1.4455908777153752,2.7963548335273756,2.570396627509484,0.26808062504124086,1.4042585006151311,0.8573134390009495,0.409413383694296,2.8367556510217478,3.6472392334899695,,COMPLETE
48,0.1076751708984375,2026-07-03 19:28:35.535727,2026-07-03 19:29:15.635691,0 days 00:00:40.099964,2.1988446777226387,0.49626774309227967,2.864250590408116,1.256439740474274,0.5442540969463789,2.1616417940184127,0.9023226327944109,4.692166855089101,0.8582243360134826,1.2649825453124306,3.599377344536611,2.2229710353948056,0.6695598799647478,0.34195869446609073,1.9534405315517582,2.266600178927908,3.9419858114687374,0.33571637835312046,1.8005316740540467,0.666073265244213,0.9861001938347234,0.6399665483624161,2.0100914747901393,,COMPLETE
49,0.07585556507110595,2026-07-03 19:29:15.637601,2026-07-03 19:29:55.142341,0 days 00:00:39.504740,1.4314705557121845,0.356051948336902,3.4950870479564884,0.8118558750153883,0.4294189405485502,3.185812727319865,0.7000646496389141,5.434580762352394,3.3170001936822815,1.029632567496549,1.8993492462204844,1.769226932190005,0.3095313281437776,0.6426516553960611,3.307593424856519,3.474853966008356,3.3791513092596634,0.6864039362128186,3.5017423227610798,0.3716591271749557,0.629693902218563,0.5264917719631725,1.6157989552604606,,COMPLETE
50,0.14980440139770507,2026-07-03 19:29:55.144598,2026-07-03 19:30:34.114292,0 days 00:00:38.969694,1.7373835394431425,0.8560175007802765,2.3463996135958993,2.1785271072557078,0.957810966827201,3.9916653013380623,1.4108643825872529,3.7804647295185108,0.5963315397606044,1.502511398715035,2.309004915423038,1.2164817141826663,0.49637068275377844,0.8069110658608253,2.728574254197637,1.976492820230951,2.9749012906119865,0.5195740087089766,2.9256970144628833,1.3080273156839533,0.7634820208533674,1.683124836161793,2.2754220746825147,,COMPLETE
51,0.11887916326522827,2026-07-03 19:30:34.116043,2026-07-03 19:31:13.044577,0 days 00:00:38.928534,1.73756865654336,0.9049277726732248,2.3342217018625595,2.151209344030885,0.7339811476017687,0.3583618640189906,1.468496998830879,3.793517623596149,0.5523039440196469,1.4901348852107956,2.7532610082506705,0.25678284813692914,0.8680667133425642,0.8408538431864733,2.7241688718982595,1.9564116119016022,2.8710191983496203,0.5082139532157208,2.7751458838304686,1.3208622917746762,0.7478988971711613,1.7100910036926662,2.3505739309876392,,COMPLETE
52,0.1357738971710205,2026-07-03 19:31:13.046656,2026-07-03 19:31:51.982590,0 days 00:00:38.935934,1.8619940728807671,0.8130286947120344,3.0710634197948803,2.810478686237359,0.9936495661260967,3.6462905758073525,1.4203922255234687,2.9122674072648835,0.27305243306623933,1.748745954555154,2.242439922726592,2.4854591399867796,0.500404233707345,1.0381215371215162,2.296306023953511,3.5223204352875794,2.180795700456049,0.4361630603533865,3.3152889787587982,0.7751754661250064,0.905747287601758,2.025653749447152,3.2914807557789176,,COMPLETE
53,0.14913330078125,2026-07-03 19:31:51.985918,2026-07-03 19:32:34.398260,0 days 00:00:42.412342,2.0809163635060015,0.691829728890008,1.8422519174671377,3.4312255528408064,0.6200175841981345,3.0129618366411073,1.1152146849572975,3.361828334414962,1.0922868771433476,1.5502378121718912,3.5102919949835525,3.571895990598119,0.4393485417712052,0.7843030264927529,3.463520362041984,2.65775446023734,1.1723487851305552,0.5907627870915334,1.9740377309836215,0.9975692539015587,1.0705060672156639,1.4469024553937981,2.6873920381759793,,COMPLETE
54,0.14269942045211792,2026-07-03 19:32:34.405901,2026-07-03 19:33:20.400079,0 days 00:00:45.994178,2.911120357793176,1.0922146332818294,1.808241127020267,3.617152742152257,0.6194037799948258,3.9536594028810224,1.1539895574365369,3.2217381557920253,0.5611577154839313,1.5449381956959445,3.0859935214488035,3.492108126361495,0.3473504505563186,0.8005835193076904,3.423721104449576,2.752352475270019,1.1906330314856124,0.5764805013271666,2.197307899798453,1.1313316042691168,1.0391115870553813,1.791418530172267,2.15299001374383,,COMPLETE
55,0.14753683805465698,2026-07-03 19:33:20.402472,2026-07-03 19:34:14.213605,0 days 00:00:53.811133,3.6084548355355803,0.598312201761127,1.5905246881086277,3.214683576910484,1.4063840063324484,2.665406076653079,2.6407676235916373,4.30655241904478,1.1063637295103148,0.8813092998802926,2.630338927872764,0.8899236973506921,0.44536161242786826,1.484998928150738,2.918934449837323,2.374375568140053,3.4353567518661787,0.3754813586010416,1.9758387718235848,1.7309947949885631,1.6181044039566967,1.230355939163391,2.5568360768018557,,COMPLETE
56,0.1382002353668213,2026-07-03 19:34:14.223037,2026-07-03 19:35:00.721446,0 days 00:00:46.498409,3.7728856669824533,0.5914136203299395,1.911016107226616,3.255618619051288,1.4261295794160922,2.4207925827709724,3.469895149287685,4.301694633030701,1.0618501396258346,0.8321507404965368,1.5680689188057528,0.8484696171919275,0.45276670239258865,1.4071541464584656,3.6391669208824893,1.5787917661936706,3.567956808429056,0.3731386535050309,1.214139413269977,1.762596168010406,0.6722468232861636,1.2006914168038207,1.843796100229945,,COMPLETE
57,0.10117273330688477,2026-07-03 19:35:00.722701,2026-07-03 19:35:45.070498,0 days 00:00:44.347797,3.525816243306469,0.25375119610106295,1.3423670152359914,2.3177124207188626,1.2955398374992946,2.7153503474649514,2.451606953847011,3.74247339122275,0.3595495022469253,0.6742449624272182,2.360409328290544,0.5568950566288199,0.2747562770978733,2.324457731070443,2.9582579246212317,2.357190879128694,2.322396099934337,0.3417579893578054,1.9108345921611312,2.1159374537317954,1.168147932699529,0.9523366390569379,2.5699421711780186,,COMPLETE
58,0.14643778800964355,2026-07-03 19:35:45.077636,2026-07-03 19:36:40.569255,0 days 00:00:55.491619,2.091537304441444,0.8141239502137473,1.5640878730236127,2.5758854723639897,1.6742178769876563,1.9417134268557295,1.0043760002550062,5.639875417884767,0.7482254793670687,1.0991701071845619,1.8643016900063913,1.181221619013146,0.3574567360215589,1.515278927058563,3.153383025863799,1.6870284217115181,3.441038255061093,0.8612641132479538,1.9595865408281272,1.3792050852992086,2.1821034535417922,1.0429099429930533,1.6653907569274702,,COMPLETE
59,0.14957448244094848,2026-07-03 19:36:40.570966,2026-07-03 19:37:37.161973,0 days 00:00:56.591007,2.5224313979826456,0.9799384167597793,1.157763465640144,3.46927949662509,0.9263973359088009,2.329242400715796,2.1669610878408756,4.942363922547632,0.8072218966102209,0.8811785382978563,2.6312710157737937,0.7074829265163979,0.42938257895464316,1.0858451081991467,2.7961749768500304,0.2513561388640315,3.192935730395586,0.6089852591790692,1.470793237465251,2.530208757873243,1.6426354926287339,1.2952167840231636,2.1285974593258974,,COMPLETE
60,0.14415645599365234,2026-07-03 19:37:37.164733,2026-07-03 19:38:30.757321,0 days 00:00:53.592588,3.0082314690358007,1.578567452681539,1.3216322806140979,3.330712514503629,0.941465651474748,2.294878973159395,2.926508434861617,4.856124732310484,0.6176955455243126,0.5745689722798274,2.6348320380184598,0.6794777060404487,0.4325668434040839,1.1321201342840828,3.920018940063256,0.2796347194884485,3.1536387972722526,0.6730706644561131,1.514915410523549,2.609855602004248,1.540698082829343,0.8031327808082477,1.2450518305628882,,COMPLETE
61,0.15531376600265503,2026-07-03 19:38:30.825767,2026-07-03 19:39:19.596414,0 days 00:00:48.770647,2.677460121829644,0.9655402088142866,1.128366658326046,2.9592931710622254,1.069892281906809,2.647349585792691,2.247610733188828,4.375914843912138,0.4725935999752495,0.8251116493465291,2.869085606694146,0.7685767476464126,0.5061357458633052,1.053366916829301,2.845141165740003,0.6101178045745447,3.9166889222013817,0.5941810429176199,1.5412397809246028,2.4985170549752076,1.724747808982414,1.583647651805352,2.2263399726625326,,COMPLETE
62,0.15206921100616455,2026-07-03 19:39:19.598479,2026-07-03 19:40:07.834167,0 days 00:00:48.235688,2.5967427284042714,0.991875602659197,1.1956256553109053,3.0330288728745574,1.0862195738604952,2.7886387708661142,2.141717408243443,4.439103792021045,0.4369698251941459,0.8166386554545183,2.8895934664533516,0.5934233133227945,0.49928751957675105,1.0532098776044014,2.812926899437582,0.5711937583626627,3.567463036353274,0.6021388839649483,1.2908124235188772,2.899145751251733,1.604797025209316,1.2770727810634197,2.1470433282349006,,COMPLETE
63,0.15614235401153564,2026-07-03 19:40:07.836097,2026-07-03 19:40:58.312336,0 days 00:00:50.476239,2.7058280204412495,0.9890778218814504,1.1503704348628143,3.70517632487703,1.1149432882078703,2.856870526098273,2.007760452339816,4.884965183115284,0.4500524267771591,0.7828505453169801,2.948150998199226,0.6096922152714733,0.5804702932452761,1.0618048665345974,3.5534401626758036,0.5699528301193505,3.993408541342677,0.612858144897591,1.2820391282005954,3.018582162832046,1.6809889575088734,1.6091249623761958,2.1459083991342776,,COMPLETE
64,0.15590934753417968,2026-07-03 19:40:58.314364,2026-07-03 19:41:53.194160,0 days 00:00:54.879796,2.669896841579159,1.4323997261766046,1.0052308969852104,3.964398965693887,1.0700996018807785,2.1140546767928536,2.1626236020704868,4.872542869250083,0.450638896756265,0.7995812993024694,2.9289648595286506,0.5958986141814091,0.5838805375575384,1.0907249029039838,2.691068366930766,0.6370923696052405,3.709590032803955,0.7321140034731419,1.0771293494318983,2.966767699832409,1.653542235454237,1.7563413284632658,2.165551891862399,,COMPLETE
65,0.15376144647598267,2026-07-03 19:41:53.196613,2026-07-03 19:43:00.427192,0 days 00:01:07.230579,3.2533610686498475,1.7932949054898077,0.90693891615795,3.995888100727351,1.041577599620787,2.523065459988023,1.8012247280427145,5.965001230097924,0.44570908860158553,0.7416639298131005,2.9378558369105012,0.5224715968634138,0.5839130222028168,0.9566539588480062,2.0020507041589166,0.6394855769106668,3.978703479811271,1.0680910156209897,1.04071356899897,3.4062488196262275,2.7447889699987336,2.171031393541936,1.5509358651951362,,COMPLETE
66,0.1505671977996826,2026-07-03 19:43:00.428445,2026-07-03 19:43:54.560061,0 days 00:00:54.131616,3.3408568054595356,1.9485082903385365,0.9584012940662324,3.9500912958551364,1.0563075084093492,2.104445053587015,1.7078949671136046,6.233188468548634,0.4428585872698812,0.7875821281665044,1.9204139264300446,0.47602637803714287,0.5868703984984721,1.2726925649340184,2.1107239809887997,0.6135019564066074,3.989859014021116,1.09285197044175,0.7466824429053879,3.1497650428196837,2.8053110257081877,2.1765640911658917,1.5191236524890221,,COMPLETE
67,0.14690312147140502,2026-07-03 19:43:54.561348,2026-07-03 19:44:53.111448,0 days 00:00:58.550100,3.431103245461971,1.4569003703610783,0.8838580722129982,3.9083378445351853,1.1038187107325466,1.7198679646811699,1.7831623059701374,7.090021094534431,0.4382001719202262,0.4754913083033137,1.93118741499436,0.4225870393410544,0.5929620625126023,1.2652160320310295,2.0858387451990406,0.5976655661587503,3.98440554618686,1.1149296040070555,0.731027253702719,3.4338131763354305,3.821213554028902,2.1547436054598723,1.0658717644327447,,COMPLETE
68,0.15027517080307007,2026-07-03 19:44:53.113384,2026-07-03 19:45:51.583772,0 days 00:00:58.470388,3.1803908755200516,1.7897066833588666,1.0180588002093116,2.956235643113052,1.265729216324855,1.5635180562396365,2.0994215046792535,6.081357244798308,0.34145315291718803,0.696986482924928,2.2395615403746514,0.5816528852288262,0.596703698578905,1.253257708990185,3.1793233108812524,0.6947626874048909,3.7852447044780635,0.9222162103419439,1.100497216382425,3.347203651951436,2.6853283944304076,1.7553824430046867,1.4818386791851197,,COMPLETE
69,0.1455758571624756,2026-07-03 19:45:51.585289,2026-07-03 19:46:45.403352,0 days 00:00:53.818063,3.135707052946267,1.8831720416611109,0.947998662617781,2.942100568264109,1.2431540313828828,1.2745078703464028,2.151440512616282,6.173414256828206,0.32665852524843214,0.7537798377490776,1.5587626728552975,0.5677563354354229,0.5840585259781893,1.3362449765315645,3.1069041094521013,0.7064808930864542,3.763545788091661,1.152967692260392,1.0660322806650167,3.0845667787650117,2.6009317942504424,1.8575557436951946,1.5100572791241156,,COMPLETE
70,0.15370429754257203,2026-07-03 19:46:45.405419,2026-07-03 19:47:35.978395,0 days 00:00:50.572976,2.7287520134982466,2.4829739591425604,1.143949137328752,3.7643905195841674,1.0557925947070979,1.5422582175828339,1.9428548997086568,6.012988811350239,0.47901922699407035,0.7373575304599335,2.1431350014905064,0.41041742555710536,0.9458353996976764,1.9045049803950962,3.589610468060038,0.5166516050650176,3.6629729872544448,1.4642473652223915,0.8444238100146507,3.9013076272730114,2.9744867444766907,2.2560714988828483,1.2782547288124584,,COMPLETE
71,0.1494614601135254,2026-07-03 19:47:35.979766,2026-07-03 19:48:22.891304,0 days 00:00:46.911538,2.6994674191693675,2.57325258985137,1.1710061386475112,3.85652171793694,1.0554891607961665,1.5382908126977943,2.008810620957064,6.0407637274804316,0.4836680329588457,0.7509631684629022,2.1078572115609746,0.4153392921782703,0.9490557099013657,1.9642925809364276,3.2085023185444808,0.5101069247774709,3.967827319296644,1.4295462973396689,0.8694363258667593,3.9521755742771516,3.0590910611197963,2.2217470833081445,0.9403090019452823,,COMPLETE
72,0.1510103702545166,2026-07-03 19:48:22.893260,2026-07-03 19:49:17.075464,0 days 00:00:54.182204,3.265229154339424,1.761887115355192,1.0301884819606355,2.62629475173401,1.5747488051067016,1.3708179071056545,1.616875770800552,5.214610612830424,0.416261567103944,0.5813245126400286,1.7390490513076355,0.5887320048283807,0.5969547547259958,0.9586032840786547,3.7520083315173074,0.6798677330344215,3.59366565887592,0.9367028801638363,1.12210250390702,3.1435245879549587,2.966516226809888,2.4989076891201316,1.330703560475648,,COMPLETE
73,0.11411696672439575,2026-07-03 19:49:17.076562,2026-07-03 19:50:14.216651,0 days 00:00:57.140089,2.6180243165061197,2.3264758793684286,0.7103230817374744,3.646615592480868,1.7446832063371553,1.1839688390034147,1.5927306455515657,5.181329661104295,0.3976415506723294,0.610592412639656,0.2591862873575539,0.5086793126862209,0.8217832856230647,1.0218916710183699,3.5690754236961117,0.5290651878662785,3.5572866031793136,1.4687660222009369,1.2806806090139418,2.7804792553631477,2.1250919476852466,2.5117710980475816,1.3035623130019556,,COMPLETE
74,0.15697002410888672,2026-07-03 19:50:14.218306,2026-07-03 19:51:06.309369,0 days 00:00:52.091063,2.916625019457411,3.19320543445412,0.8921693223440136,2.588647192191079,1.516387238674003,1.357077876394078,2.323400492676998,6.756032115994522,0.47646104743236717,0.4964639957047797,2.8695287097258455,0.4198633162751883,1.5876714310555025,0.9476516277251731,3.824896020350646,0.46220590911096954,3.25942564986849,0.7294119247341535,0.9558347096182281,2.3345591429081574,3.895075272493918,3.006521053120621,1.607939308081296,,COMPLETE
75,0.15007270574569703,2026-07-03 19:51:06.310152,2026-07-03 19:51:57.477292,0 days 00:00:51.167140,2.8396513706693023,3.095538321237332,1.1018891318862793,2.697332480084085,2.2436611951814114,0.98479099003741,3.067126780999098,6.873677785889266,0.48912235587568315,0.500185534349879,2.8900957222926804,0.3740882666235552,1.6306220120385408,0.9614938832814316,3.7610056888455574,0.43295224023620377,3.256214526245338,0.8400606653570376,0.9436539481888719,2.312671331132053,3.8047100515828323,3.757914330349813,1.8110882868233482,,COMPLETE
76,0.14410228729248048,2026-07-03 19:51:57.478809,2026-07-03 19:52:54.812944,0 days 00:00:57.334135,2.235077631617204,3.0675467198116553,1.2698663949068831,2.5335643312499996,1.5540045167165542,1.3465697987469472,2.391492797028832,7.55720067083556,0.2929730444777925,0.5132479076525983,2.781239393039236,0.7546742634299798,1.205192510007004,3.12571013107476,3.5995159680965223,0.7820157761934359,3.591479205068764,0.7863854245627042,0.8494225556176674,3.6811641730862403,3.459927636256521,2.4105107495369933,1.195538363210372,,COMPLETE
77,0.14598087072372437,2026-07-03 19:52:54.814783,2026-07-03 19:53:44.607457,0 days 00:00:49.792674,3.001379395678212,1.1950714170900678,0.9092153656348495,1.9860926589734835,1.1812864230535212,1.0692104700480276,1.9854124044879526,9.001078720608598,0.39368097675559954,0.4568517644358536,1.7065051427844822,0.6178428726192848,2.407426780390191,0.926851205543088,3.942227428188796,0.4551038228864266,2.425635586642332,0.9993679765169363,0.6506677002633948,2.875899745031192,1.8063570348117133,3.2268633752993736,1.114712847808493,,COMPLETE
78,0.15448733568191528,2026-07-03 19:53:44.609427,2026-07-03 19:54:33.786274,0 days 00:00:49.176847,3.9724907450966374,1.4040776533042225,1.2259695446344934,3.076352319317897,1.8108893105951323,1.7643585638347268,1.881370790607058,4.506273997693239,0.5223326953251143,0.33877248184914677,2.5394018626452253,0.4464131583504022,0.7312965241407401,3.8826098377949925,2.457415860177795,0.34106761894424975,3.2478293736035146,1.9613390255660061,1.0100156271201783,2.2916126882406735,2.4023011587270116,3.0297901227403807,1.9192372162054803,,COMPLETE
79,0.1356112003326416,2026-07-03 19:54:33.788327,2026-07-03 19:55:20.023652,0 days 00:00:46.235325,3.893867477960751,3.914416380657217,1.2254488292495722,3.134063693619464,1.7921915971298203,1.9091375993121482,2.3462775786999948,5.763861625301211,0.3679057540139925,0.31532658203448544,0.450120738860702,0.4425985767892215,0.7025166154674642,2.064778479962288,2.464465852070345,0.3526128838677878,3.1029727349952525,2.190723348828523,0.9789394383661403,2.3445241616552552,2.3801246362489805,2.9959356071740384,1.7158739585163645,,COMPLETE
80,0.14380260705947875,2026-07-03 19:55:20.025326,2026-07-03 19:56:03.183428,0 days 00:00:43.158102,2.3024621254127555,1.3973113536954944,0.6965497320680055,3.627450180437041,1.3335499080275768,1.6474469680509216,2.721348176038658,4.484388904769064,0.5081735003645538,0.3483362377205615,2.548362259985453,0.3573972682481151,0.9283054987543242,2.5942613265029335,0.3140599413280629,0.3389318626259983,2.8000669406630223,1.6195843155463208,1.279148102848915,2.696293371774814,1.822304951449363,1.9938888954940714,1.922026215053462,,COMPLETE
81,0.15119740962982178,2026-07-03 19:56:03.185074,2026-07-03 19:56:51.616526,0 days 00:00:48.431452,3.6180123672061835,1.740533091907353,1.4677098162446565,3.007997440333538,1.5555349140139245,1.401208347220357,1.9039967141777618,5.190269301965075,0.4603889822735501,0.6238262330539391,2.999315993411318,0.5345790216548257,0.6353530291108023,1.0915123120276478,2.740503138207771,0.8999225405854271,3.333073794846728,2.1182680183834592,1.1443185038694412,3.278644298350595,2.9628152079548356,2.6906181393149247,1.343425483757387,,COMPLETE
82,0.14806162118911742,2026-07-03 19:56:51.617449,2026-07-03 19:57:37.753708,0 days 00:00:46.136259,3.6122052148981774,1.56712465384693,1.503036921279325,3.0584080261357367,2.07546831447788,1.4049469262697636,1.8823520806149467,5.118571967401283,0.466977280358398,0.6465845935302413,3.0092619864315635,0.5185700568095862,0.8026621146418436,3.520398677340844,2.7563119937269773,0.9118829064606713,3.293319664889277,2.163545256281309,1.031357381896137,3.5580623134205216,3.4675507440020414,3.0227880253581367,1.4012171888312308,,COMPLETE
83,0.15462636947631836,2026-07-03 19:57:37.759522,2026-07-03 19:58:24.841065,0 days 00:00:47.081543,2.540687641180546,2.400205260714847,1.4251488789667652,2.8594970168896183,1.4914948926255862,1.8845383862117462,2.2457713482379154,4.534918774104598,0.5343416276910279,0.9446712395040107,2.813209064939949,0.638873824252564,0.711217133232725,1.7212169242613604,2.4577349058288913,0.5385304708778099,3.684283571545873,0.7384757085319399,1.1972624174943072,2.3887244453825134,2.3452331676297504,2.6861047322070224,1.6704134737924654,,COMPLETE
84,0.15247498750686644,2026-07-03 19:58:24.843445,2026-07-03 19:59:18.377774,0 days 00:00:53.534329,2.6006108055699255,2.4998374463323914,0.8865722132736492,3.5904230573801277,0.8805600755095044,1.8118269974988228,2.2203954807829422,4.035203474447526,0.664570188066929,0.9190701764866943,3.4248702590037516,0.6247555215003213,1.1115121176438536,1.7186846451885118,2.5943284811279406,0.5558308635052889,3.7349650488392268,0.7585501262437141,0.8155062802735762,1.9846310755389946,2.1116990302509895,3.5072050414019706,1.6037082272477443,,COMPLETE
85,0.15317624807357788,2026-07-03 19:59:18.379178,2026-07-03 20:00:22.212398,0 days 00:01:03.833220,1.977281004739511,2.5249101407907806,1.075790271740753,3.7060276597454633,1.1935961963800545,1.831110058560798,2.3139284632027586,4.024069413177669,0.6730844767668339,0.9321225604130198,3.357613291917754,0.460477307289987,1.1107461292109089,1.7506687807708101,2.443138274348416,0.641423131426314,3.7545325788499095,0.734636902468328,0.678216822676165,1.954769959865528,2.0457981217663153,3.398690063001829,1.616666373081162,,COMPLETE
86,0.15402050018310548,2026-07-03 20:00:22.215042,2026-07-03 20:01:24.297085,0 days 00:01:02.082043,1.949975402823927,2.0769183240657303,1.0766849363058975,2.7707816253839948,1.179116613173127,2.073056585654628,3.4548864233939147,6.474452554195317,0.5333181055357865,0.4225477720646576,3.3015021824812267,0.39016196548409904,1.0072318924503614,3.838095041167547,2.404546268584551,0.6409910729535366,2.93911614247186,0.698744671705241,0.6959552398623526,2.4688740481217217,2.3908877924515894,3.7940315498453625,1.827798599151655,,COMPLETE
87,0.1273940086364746,2026-07-03 20:01:24.298342,2026-07-03 20:02:17.866771,0 days 00:00:53.568429,2.8708314667723656,2.17095968061683,0.2652068067525724,2.8258185137735308,1.4284544511966548,2.5443723956180335,3.2798085306691456,6.569111742248802,0.5320554639254086,0.42918344783209195,2.489431481317813,0.3099502637466947,1.0016862024880713,2.9023422917847763,2.18849540537792,0.4762008671191807,2.970512461954629,2.7979956153612866,0.5239290892786083,2.435735034815272,2.3937504012636306,3.713195926536212,1.7541307931789232,,COMPLETE
88,0.15018482208251954,2026-07-03 20:02:17.867421,2026-07-03 20:03:00.688283,0 days 00:00:42.820862,3.0488997346248934,3.0583451157776333,0.8357872546822456,2.4051000599180203,2.235812447766322,2.0839864654977878,3.7361157022333864,7.541789967251076,0.5776118852148442,0.3020023393167002,3.1949727305819655,0.38693216135279523,0.7438460558709127,3.783536134918733,3.3175977392699654,0.7786089899904236,2.4587019124629745,0.7071112859005632,0.9832640649017891,3.7399505964643946,2.4584390949522033,3.9873990623268076,1.8968438684141409,,COMPLETE
89,0.11764429807662964,2026-07-03 20:03:00.690354,2026-07-03 20:03:42.242601,0 days 00:00:41.552247,2.331490958619051,2.8637032719936966,1.4246754611137378,3.4029255174191815,0.9925727082847957,1.6508885201515373,2.5491538944511007,8.544035022026428,0.515776673978295,0.39124717930915925,0.3099125601103407,0.3358336910748793,1.457156672870232,3.7580093256393234,2.38676330644392,0.3869830364498734,2.7250400102481707,1.2376262345602487,0.8015263323041015,2.149936797610733,2.2329412063764904,3.0554781164257627,2.42199187019765,,COMPLETE
90,0.13559048175811766,2026-07-03 20:03:42.244169,2026-07-03 20:04:28.273644,0 days 00:00:46.029475,0.8978942925387148,3.5232060164075865,1.1276469256497588,2.791833457941982,1.8633382177367932,0.731323824637831,3.9653428022196824,5.829706421915894,0.251450012320966,0.7235530670485473,3.6469001485581156,0.767561398214242,1.3010473431063068,2.4155344761540696,1.9130572418049219,0.5377556561223847,3.0686782671392137,0.66181205159407,0.6000196373867167,2.9635957705748774,3.2703976053212602,1.5792576504603215,1.9529931508356728,,COMPLETE
91,0.15189621448516846,2026-07-03 20:04:28.274929,2026-07-03 20:05:32.298058,0 days 00:01:04.023129,2.4709598803318453,2.1156480804311175,1.041118473096818,3.9804868614096605,1.1624726096029758,1.7941263872644801,2.325710398197448,4.856662502918325,0.6899005545482011,0.9537859829017836,3.383577366713529,0.4558605506608046,1.6527429004881669,1.8571453398259208,2.407193785591988,0.642086562926737,3.7664748894361084,0.746460788757575,0.6769718958691051,2.2533474194935206,2.018347193282436,3.2956369428708863,1.5877642630393163,,COMPLETE
92,0.15333750247955322,2026-07-03 20:05:32.312154,2026-07-03 20:06:35.544474,0 days 00:01:03.232320,2.752145279364619,2.3445500130993127,0.9693098890087396,3.726815624825562,1.2141271343321554,1.9840803319379836,2.880740206690678,4.650044982791986,0.5985373927673167,1.0092534224665657,3.2170010631190795,0.40349371328918276,0.8989907646803413,3.1382655241617106,2.965428876630727,0.6461117399274933,3.385745465353319,0.7294062684305523,0.8999195617553133,2.48623878617493,1.8079900246998237,2.784502776307218,1.6529853081922143,,COMPLETE
93,0.15488770008087158,2026-07-03 20:06:35.546216,2026-07-03 20:07:33.111152,0 days 00:00:57.564936,2.783011719892423,2.3151467379067263,0.9626747254682219,3.3969959788351183,1.4793730481092975,1.9730858053479607,3.1309530466199322,4.550241765180625,0.615771205528701,0.365422909564744,2.7473075202307986,0.4072938130420963,0.8632253766117001,3.942969268940006,2.9917644598518462,0.42141786672102666,3.316505294309178,0.8377075303620722,0.8920910641289859,2.4733949681973755,1.78537833598696,2.704881713648306,2.2260499621834353,,COMPLETE
94,0.153538978099823,2026-07-03 20:07:33.112107,2026-07-03 20:08:23.316085,0 days 00:00:50.203978,3.9484436205370708,2.784066155261292,1.267255215397691,3.316562582109426,1.5078612435096608,2.1944645635311946,3.1122386561030932,5.489308348712963,0.5367491549349891,0.3664133780448829,2.7455546190472835,0.4919175561997824,2.1329193455597393,3.941862837708337,2.5844802473515744,0.4196962663124162,2.862918119963978,0.8505146059871278,1.6500078351131646,2.734816691608211,1.7171660399191964,2.3542533072832668,1.82639199590803,,COMPLETE
95,0.1498328447341919,2026-07-03 20:08:23.317990,2026-07-03 20:09:12.960018,0 days 00:00:49.642028,3.3965400449189223,2.020255008212728,0.8452343471696239,3.200753576690257,1.3514756623064013,2.4709352878225346,3.6057863800230936,7.1800601604440795,0.3727332851521664,0.32453214607931485,2.39115368801049,0.33630583331208724,0.7060856158759403,3.418314278738865,3.3360476074118233,0.33027093512573014,3.1601006080658722,1.8778207941964038,1.227369301170298,2.0822045965552713,1.439545830126874,2.6326989661106053,2.2095459755075955,,COMPLETE
96,0.11983519792556763,2026-07-03 20:09:12.961340,2026-07-03 20:09:58.841967,0 days 00:00:45.880627,1.8929240215565148,2.3702651040318896,1.386052380870078,2.289251123000655,1.1316171634069405,1.6023813863511729,2.5962710906145667,6.4699223933506165,0.4083014035526675,0.4067695367420624,2.7620191805894168,0.27105847838336383,0.98087596422945,2.847610435397049,1.7544194681736445,0.502619474132996,3.4821086308798677,0.8131328853260146,1.4185893171971766,2.4126059511155082,0.25796152875017236,2.9388969232088837,2.8430526815161863,,COMPLETE
97,0.15208492279052735,2026-07-03 20:09:58.843123,2026-07-03 20:10:47.211111,0 days 00:00:48.367988,3.108488759004044,1.6198824454744343,0.5787609471129381,3.4606880419524906,1.6644553946871508,1.9063083322761125,3.299340608210031,4.660071666668058,0.6280676211333488,0.5393527644196067,2.1943658941520994,0.6421557364896857,0.8412892306775848,3.9923725366668843,3.0112979644222935,0.4689659611527734,2.5335218006098383,0.5550529348458774,0.9228706183036459,1.8522062162681328,2.2837449505554166,2.328302638068116,2.0289521497550904,,COMPLETE
98,0.12450754642486572,2026-07-03 20:10:47.218992,2026-07-03 20:11:41.622606,0 days 00:00:54.403614,2.882278490956583,1.3383731997029762,0.7613799505546919,2.49482207230057,1.0297231311487385,2.054279754023528,1.7497107404875774,5.403189177379824,0.46188990618596726,1.1311833807936509,2.4789023455404275,0.28547746794090684,0.6452272666534109,3.145606848050132,3.5226756849310017,0.3723445736213767,3.9962422379148066,0.6437822144738434,1.0146283700085825,0.2679150082352754,2.5377481230846937,2.5872857799790423,1.4419183983548982,,COMPLETE
99,0.1472480535507202,2026-07-03 20:11:41.624586,2026-07-03 20:12:44.511036,0 days 00:01:02.886450,2.187132834995051,1.1602448315925564,1.0764270273515406,2.8371352963752696,2.0114523002926195,1.4984069449706112,1.9954775645475802,5.870756356210387,0.5062160542130507,0.2861676145626205,3.0521499628187208,0.42936030210932286,0.7747971905164094,2.146471591933796,2.6250769423239713,0.2980605500014987,3.3765661102705384,0.898238699905584,0.7919235670619432,2.6475676157727523,2.7570182442302995,3.1583137644001744,2.304960697301944,,COMPLETE
100,0.05464402437210083,2026-07-03 20:12:44.512476,2026-07-03 20:13:27.054642,0 days 00:00:42.542166,2.5028583160637767,1.0603593097372346,0.7277400153134825,0.3139386957657633,1.3726519367648724,0.2523284253719495,1.4999823151097853,4.274000607612017,0.5612582865095691,0.3478131249550878,2.6378205602326545,0.9263277096807092,1.0315525523642919,1.1833397467804125,2.0120898662381728,0.4443646060869297,3.015851383800832,0.6307520875834768,0.5576177118197708,3.22112190570091,1.9473944489538382,0.3109889413395963,2.43630954057769,,COMPLETE
101,0.1532135009765625,2026-07-03 20:13:27.071621,2026-07-03 20:14:09.680267,0 days 00:00:42.608646,3.6782792597612253,2.820456973103002,1.2552687301982626,3.316179054160543,1.5808565222516855,2.2131889828651623,2.7888796154783715,5.539800636206106,0.5330755713078005,0.36046738192403893,2.743957471700727,0.5333296392903225,2.128028557958415,3.6831694975991556,3.0865377161233734,0.4262719350609473,2.8392166634050557,0.8317156097461154,1.5193447593766995,2.72355278847993,1.2640853983950946,2.0839039910949895,1.8174529125644339,,COMPLETE
102,0.15204789638519287,2026-07-03 20:14:09.681034,2026-07-03 20:14:50.264529,0 days 00:00:40.583495,3.9866252084031006,2.735377892201872,1.2763741142241747,3.1788578996628707,1.4271280812324745,2.3733544554331787,3.1857866237947015,5.030583090924486,0.4582622035323822,0.2511652914947028,2.0146333653924473,0.49027875007106747,1.2157029764966703,3.9105031306993867,2.8554040386204496,0.40902797443201466,3.6814690083533383,0.9572004014032982,1.6480708379048552,3.0115245449316257,1.733975996353037,2.3103386259667213,1.7446827769003048,,COMPLETE
103,0.14973446130752563,2026-07-03 20:14:50.265543,2026-07-03 20:15:33.974218,0 days 00:00:43.708675,3.3564543691408275,3.637088211383711,0.9160162926707777,3.7631138802759136,1.265569238661593,2.1501437704492203,3.013560590285425,6.783792800502314,0.41714681362575085,0.3865537142522344,2.865551737397477,0.39873685324026803,2.648885889686964,3.240408421644421,2.1706959459650355,0.5915167059217243,2.9134890261467636,0.8749715395568036,1.3737280062839217,2.8049299055963117,1.4235070919673674,2.8383671894154063,1.916948724595511,,COMPLETE
104,0.1378618836402893,2026-07-03 20:15:33.975204,2026-07-03 20:16:15.792621,0 days 00:00:41.817417,0.2603668171283184,2.2290127322444695,0.9788854424993542,3.4972947958465945,0.8812565016751964,1.73586586023086,1.8167513872820253,4.538403434796503,0.534681749597424,0.42062099242322115,2.3139724875817924,0.3687195885715299,0.5430079377357453,1.612637839549703,2.6449692055546157,0.5141138698159798,3.2749584477674287,0.7025526772158809,1.1775340562840797,3.5627173445533633,1.749025271050609,1.8584768741306952,1.537472596306488,,COMPLETE
105,0.14988037347793579,2026-07-03 20:16:15.793940,2026-07-03 20:16:56.789175,0 days 00:00:40.995235,3.7843943997958736,3.294986759085509,1.180432598223481,3.313977050706353,1.4962168114515075,2.273731709689525,2.479335172164559,5.320955017777021,0.4948257552252278,0.8637410502303502,3.641855471560283,0.7168907292205863,2.135837246201907,3.5110488182961626,3.9978065259383633,0.4841718818127731,2.712984750232986,1.0623086859601572,1.0857348418586992,2.241605627490408,3.505442049986072,1.9804346281521596,2.0665520624318447,,COMPLETE
106,0.15294222831726073,2026-07-03 20:16:56.790590,2026-07-03 20:17:43.327691,0 days 00:00:46.537101,2.9625966003464854,1.860486166350415,1.126106414441922,2.6731406022985267,1.1162648044437316,2.599890578796578,3.461942209757352,3.909185124330854,0.5755282014393962,0.4566821319802381,2.560465349939497,0.4921232131538424,1.6856283762129134,2.9872069582236693,3.290426404807176,0.5585810226334285,3.8209398170302364,1.2219995477496173,0.9620908720397059,2.56038383465754,3.14985278505166,3.509495143385683,2.2054593966321208,,COMPLETE
107,0.14040029048919678,2026-07-03 20:17:43.328423,2026-07-03 20:18:25.337395,0 days 00:00:42.008972,2.7157821781469718,2.0180966830998757,1.3242191596198605,2.9449912590145657,3.6756423591813867,2.4400374347190135,1.6198689609153645,4.868883692985266,0.38446678971613946,0.795277722963547,3.106086889578472,0.4648892366730642,0.6977671532012617,2.657835204836818,0.25749648545721004,0.3641194447201821,2.049315920702148,0.7868282863411878,0.7084109619786287,3.367507029114754,2.8307833595026892,2.4102435108064055,1.8556560819412524,,COMPLETE
108,0.1489492893218994,2026-07-03 20:18:25.338464,2026-07-03 20:19:11.313521,0 days 00:00:45.975057,3.183781967108144,2.6831906991982972,1.0060652917391961,1.9216076150786083,1.7278258223503162,2.0069807701800615,2.2548355508271234,5.661307320494982,0.4320975140139675,0.3275074427094902,2.7273898550203484,0.6360017075265775,0.5213291826801623,3.6056932742747145,2.295514666332702,0.41562825650985336,1.0547940330586167,1.5154544042944,1.6437775988055507,2.0720951136657204,1.7099832645937776,2.2260457441039807,1.6704227309329371,,COMPLETE
109,0.13673511743545533,2026-07-03 20:19:11.316656,2026-07-03 20:20:03.785418,0 days 00:00:52.468762,3.426905027819479,2.435050097164147,1.5382882248804761,3.979103724569924,1.4749038206184957,1.704272044337568,1.3269486420443422,7.2354053314872635,0.7101242571129375,0.3813926322242094,3.991267139301647,0.4379825023348233,0.8897253779339434,3.3576913196372864,2.5463651824703875,0.7472177925636498,3.4693340924308806,1.9770645299985845,0.8521481513123893,2.973436315287788,1.884175948115273,0.3688250965316038,1.137665178565509,,COMPLETE
110,0.15149893760681152,2026-07-03 20:20:03.795176,2026-07-03 20:21:03.324057,0 days 00:00:59.528881,2.404365953460718,2.268008361878856,1.718842030701809,3.1079969328008614,3.18553248936988,1.2756978331136284,1.9056806302958333,8.078567276144925,0.3387492675116627,0.7228672594017241,2.890497049337051,0.5495683429418371,2.6573503711303346,1.3668723092441564,3.7461040614080763,0.3142098803838615,3.1175710516820456,1.3108436013231441,1.3266165166147637,3.699620328759805,3.930275846767414,1.5708793812242072,2.711760780064175,,COMPLETE
111,0.14227257966995238,2026-07-03 20:21:03.331882,2026-07-03 20:21:54.762917,0 days 00:00:51.431035,2.732417724346982,2.867005808655731,0.34004481940265646,3.7976067029452745,1.2616215984260868,1.9443726553265477,2.884415347535435,4.6495812432014425,0.5968234077854994,0.99859570113016,3.2348960726422273,0.40548976811966286,0.8801998120227401,3.8910243838962257,2.9213309351765098,0.39360791152368885,3.4296949108042982,2.5319008577751614,0.9004641413532346,2.451739260461078,1.5120759382247062,2.8294914463283676,1.9813306622992688,,COMPLETE
112,0.14018868207931517,2026-07-03 20:21:54.767703,2026-07-03 20:22:37.082745,0 days 00:00:42.315042,0.3082382667633681,2.324452713107553,0.9374818335086247,3.679798238703774,1.2230843521966654,2.880136151838733,2.7476384042404867,4.366808681923037,0.6119032249350834,0.2796844147259539,3.173861847799922,0.38493124882362495,0.5602857935401828,3.2522848560283846,2.9780314291178063,0.658063635802349,3.6320215191384393,0.723178664760684,1.2079977553357764,2.5764434496925177,2.2702394297171833,2.7260179291018707,1.6684716929752474,,COMPLETE
113,0.15323710441589355,2026-07-03 20:22:37.083469,2026-07-03 20:23:20.571672,0 days 00:00:43.488203,2.852515834640788,3.1793628707809884,0.8495215606757734,3.43872737498868,0.9850953001805272,2.170150108098745,3.1074322266687884,4.212247532079947,0.534471574416325,0.8232335286972999,3.425014786156654,0.3430568480998518,0.7954226569578297,3.668661361094819,3.1497924810202114,0.6025289418712436,3.2833013668635576,0.68183616535892,1.759947778840377,2.791966255044047,2.0248303206347287,2.470237800513811,1.477915846865396,,COMPLETE
114,0.1514876127243042,2026-07-03 20:23:20.572739,2026-07-03 20:24:14.358539,0 days 00:00:53.785800,2.562250170326189,2.0802681337901503,0.9691258490683543,3.2647866360292688,1.3290020947149623,2.0050423688149044,2.079890582695206,4.865825359647491,0.4846700863583435,0.6599264173380089,0.9142526122675085,0.3216694047436834,0.9097565406612693,0.8801777511272738,2.659716612350771,0.8471372588591974,3.843938220926736,0.5445712674876517,1.0180373451838032,2.4613023166173673,1.655103996229745,2.0711802537639428,1.2742789146975577,,COMPLETE
115,0.15527321100234986,2026-07-03 20:24:14.365821,2026-07-03 20:25:30.742719,0 days 00:01:16.376898,3.074729685369758,2.614304741381672,1.0815789839021133,2.878856254278327,1.0515021296605074,1.8666309757955728,2.4947607994446743,6.234521011977045,0.6457863623222068,1.0886221868372554,2.9778467487577895,0.5116614589350368,0.6344938215907339,1.0052669600078123,2.3730261024879287,0.6201499824634963,2.8877951725983393,0.972727358331944,0.90326338490861,2.247654530477264,2.5765082948496167,3.1249850473937992,1.7720535322943758,,COMPLETE
116,0.1316148281097412,2026-07-03 20:25:30.744610,2026-07-03 20:26:52.501080,0 days 00:01:21.756470,3.0703105289162815,1.2476219736760847,1.0511318221205597,2.7431254030359207,1.0504333031161226,1.8581418622169241,2.5069913035533977,5.882100846380296,0.47635726544265067,0.760184870824943,2.3495284194248836,0.6662665983607133,0.48212464510884173,1.0149696290906807,2.3631074793123803,0.5382703949825217,2.9035859478055683,0.9920096175959797,1.0614437114238997,3.9871481994557767,2.4649874692597082,0.25096787832269624,1.8170174418730902,,COMPLETE
117,0.15627508163452147,2026-07-03 20:26:52.550484,2026-07-03 20:28:25.183281,0 days 00:01:32.632797,3.495959802020214,1.5051657567824768,1.2351781482302646,2.4661260128481546,0.8311164320368322,2.3053628666748023,2.2439399162015077,6.3561725021617725,0.6426260880613496,1.2657525733524775,2.678125107507438,0.5010395736561546,0.6727058653211825,1.2150174188019072,0.7296822246991613,0.4487526669596577,0.5082310902808055,0.8534980017353653,1.5487189477597196,2.194122246773631,2.8778942728224988,3.717684105268058,2.119963309785752,,COMPLETE
118,0.1556979537010193,2026-07-03 20:28:25.187892,2026-07-03 20:29:55.066075,0 days 00:01:29.878183,3.3197365247655966,1.4707384237740289,1.2101288121256482,2.521415789498503,0.9014058737852368,2.62207499937207,2.2194262663356685,6.373757667380139,0.6406947436109611,1.1980438374960825,2.4887193204612146,0.5182354924692153,0.6215816361062624,1.1895087762094458,0.703372839229424,0.7403589960002185,0.4655324374298289,0.6122829324176821,0.8313629596096852,1.6386560487894997,2.621170093631887,3.782972399766638,2.4122399759685136,,COMPLETE
119,0.15572855472564698,2026-07-03 20:29:55.111831,2026-07-03 20:31:27.849440,0 days 00:01:32.737609,3.274509983513566,1.4531498156720457,1.218654336761648,2.4493561501755536,0.846037727795792,2.6629217395362215,2.406977812638899,6.445619770153426,0.8003681313230638,1.3456125422722292,2.95786421267989,0.6031372874106763,0.6354125594163165,1.198347286004227,0.7718507410357763,0.5764860878921505,0.4196444403746453,0.622220330131966,0.75919777855085,1.7132213655487785,2.603936606585221,3.5840690728524995,2.388387941977964,,COMPLETE
120,0.14176002740859986,2026-07-03 20:31:27.851874,2026-07-03 20:32:45.165532,0 days 00:01:17.313658,3.540371223170883,1.4785490907344727,1.6413628400534643,2.257952461399656,0.6902567841079061,2.7181501011194893,2.6402946123476685,6.355945881549717,0.784891092673712,1.2600371581493008,0.725515975885291,0.5777620483628162,0.6411858202574583,1.1842128780499577,0.8922819309703954,0.5685878015799867,0.479384863008551,0.6092367182146733,0.7757599376872711,1.571115461440787,2.606386669815238,3.604769605605808,2.4379824866236492,,COMPLETE
121,0.15453250408172609,2026-07-03 20:32:45.180375,2026-07-03 20:33:49.993489,0 days 00:01:04.813114,3.26028027387314,1.6761674185109714,1.2253497454951836,2.026656161369561,0.8294224811958784,3.312011837040823,2.1654713009799624,8.029660960037313,0.6469674351170631,1.373412344710101,2.9753376222951866,0.5222752064732545,0.6706199159298938,1.129269007123296,0.7417387894928053,0.7330081572573369,0.41503323318827456,0.5648959395313267,0.9365881031632861,2.254654174690144,2.685580116798709,3.19789686146846,2.237400762390698,,COMPLETE
122,0.1530587911605835,2026-07-03 20:33:49.995184,2026-07-03 20:34:37.816114,0 days 00:00:47.820930,3.3282132509964266,1.3814428836836448,1.2121622147991173,2.0507510852226587,0.8239279037232543,3.2628902548328664,2.419832729159083,7.7042717465451265,0.6429191782462175,1.3463025031515037,2.4747628346672275,0.73341611657338,0.6863380005250201,1.1227528996863987,0.6894077331965092,0.7503983351756044,0.3391432134561876,0.6317583556861168,0.7205037672806462,1.8712321891400943,2.3161193148726267,3.764435836358167,2.326760246255975,,COMPLETE
123,0.15069230794906616,2026-07-03 20:34:37.817827,2026-07-03 20:35:16.199909,0 days 00:00:38.382082,3.0122030264941895,1.669017283764289,1.3746685912535035,1.8234199900828518,0.8955674407511846,2.9273985321446805,2.2199982306754005,6.899618906635231,0.8397924613138059,1.1941038110756632,3.054435869807832,0.5966399102993521,0.6205194050763387,1.2091912390591626,0.5596293938669562,0.9742826951517276,0.27766823869153107,0.5716452584924755,0.63433117568614,2.2104942161996686,2.14778703489498,3.3778301323664643,2.125203640036932,,COMPLETE
124,0.1548530101776123,2026-07-03 20:35:16.202012,2026-07-03 20:35:53.252870,0 days 00:00:37.050858,3.51384674360612,1.2858258850531992,1.1271343638285098,2.4497961595053375,0.7387562635951949,2.35258490364398,2.087438029563844,6.543158156414575,0.7420106435642768,1.4170434108212884,2.6258420328783023,0.5039926180590216,0.7256875490491493,1.4785813484303403,0.8034198624450107,0.7193545473172472,0.419811252894519,0.6630923860725851,0.8227883032372438,1.7556773735781037,2.862684213135228,3.9943293501379427,2.5379719574862825,,COMPLETE
125,0.15526235103607178,2026-07-03 20:35:53.254701,2026-07-03 20:36:28.691927,0 days 00:00:35.437226,3.6609936259912743,1.5450496297671312,1.2079064325205915,2.45846517249852,0.7732173037981581,2.348409622472107,2.0612351615278715,10.319731177144517,0.9297122433534574,1.4277494572045777,2.648109869199886,0.6691761774746887,0.7411424846231411,1.456352379820397,0.770275340871936,0.7179387242036918,0.41841363212953375,0.6622187365255159,0.9399256549485319,1.7980620665900733,2.889571382853121,3.9843263641876074,2.6447750439724786,,COMPLETE
126,0.1545329809188843,2026-07-03 20:36:28.692663,2026-07-03 20:37:08.610717,0 days 00:00:39.918054,3.5070955244615707,1.5482632535005372,1.429600506305717,2.1848477756578415,0.721073670365884,3.7166050504895787,2.0731932349598745,8.879311835574748,0.9145194821693119,1.4000223323419445,2.6927484869305385,0.7941892689330518,0.7375845843258059,1.0871561372689742,0.7615621469678009,0.708128499741432,0.39571349624297614,0.5254581447383948,0.9264684930472838,1.7414784546315607,2.9459210283832213,3.8681472967184813,2.599863436808873,,COMPLETE
127,0.153508460521698,2026-07-03 20:37:08.616372,2026-07-03 20:37:57.904028,0 days 00:00:49.287656,3.7495980930502686,1.515466572624378,1.3190919844094044,2.4521421872933584,0.7067296284704053,2.342055276575801,2.049259198726624,9.90932940767254,0.9007474522652512,1.0658577739664827,2.705902999158554,0.6614916806407419,0.6204370633994918,1.4819177737148048,0.8084697262825553,0.7015257246553263,0.375377151785897,0.5309436905058977,0.8401047198273212,1.6986333163839737,3.6490128269651105,3.6401326096813373,3.1374589029668125,,COMPLETE
128,0.1540866494178772,2026-07-03 20:37:57.905202,2026-07-03 20:38:38.627509,0 days 00:00:40.722307,3.653340757431732,1.2805839546096205,1.4604513415378737,2.163818699498093,0.7653074908740839,3.647774775204012,2.4210372318702595,9.266371629683226,0.7568178079870475,1.426897145118657,2.8512415318063096,0.8373317693527688,0.7115721073428716,1.406855209570528,0.8426399230610998,0.8063631962545262,0.4838795198990853,0.6621896470102565,0.7603647427616268,1.5978426539872996,3.3059291636028565,3.9836487206197377,2.6388640289660166,,COMPLETE
129,0.15509414672851562,2026-07-03 20:38:38.683106,2026-07-03 20:39:17.870311,0 days 00:00:39.187205,3.152860398495512,0.9329962685865932,1.1197240029188338,2.3569586138892964,0.7836942762329522,2.759593885018893,2.24779988687359,11.492594448423581,0.9730848553999935,1.2143738623775377,2.3080764142762007,0.6932188744925891,0.7441814690390693,1.0731958895717972,0.6975728812320391,1.1513578767420318,0.5252012193948067,0.5993807442701609,0.8987485360411249,1.4860073159337817,2.901522541960446,3.8803410165694463,2.7723531719458125,,COMPLETE
130,0.14735473394393922,2026-07-03 20:39:17.871606,2026-07-03 20:39:58.695258,0 days 00:00:40.823652,3.1216447319725864,1.0537666412743103,1.1421278646205002,2.5680982633168203,0.6442764976041067,2.5862406317916404,2.3026808556883775,14.317810922027839,0.9506906707400596,1.2236371099500625,2.3542227627186034,0.7017168314391798,0.565090705647777,1.2547711235530123,0.655790342345119,1.011089552656861,0.524311369056025,0.7864239129796622,0.42225956237318374,1.4027757148722795,3.106302165501228,3.4116068514886013,2.779701826062153,,COMPLETE
131,0.15732580423355103,2026-07-03 20:39:58.697547,2026-07-03 20:40:42.231176,0 days 00:00:43.533629,3.460850686690149,1.1381659427042088,1.0205969839080242,2.3792502672445455,0.8043120528234724,2.7713888717872144,2.0446566437592684,10.374750890303122,0.9338352714170469,1.1531513687724946,2.552992016213619,0.6151894278375606,0.7567330717015038,1.060034150176216,0.7335447161216768,1.252178574351524,0.44171588315392046,0.6019695501699519,0.8924109319430503,1.7892128376624994,2.8869456021185433,3.891451576617719,2.7001357826097485,,COMPLETE
132,0.15480047464370728,2026-07-03 20:40:42.232821,2026-07-03 20:41:25.399281,0 days 00:00:43.166460,2.9276378131311285,0.945280450315845,1.0170610734347356,2.33968276489798,0.7794673938399761,2.7306953879254148,2.206669940292285,13.020461175442282,0.8303400861134702,1.160315777501447,2.188469349798517,0.617709439140337,0.7679159173225696,1.0353946619040608,0.7075144890631044,0.6039316026028831,0.44629166514584984,0.6034530655127728,0.8878849402881984,1.4811013627693599,2.811514782488297,3.5785443729935253,2.4793467009998627,,COMPLETE
133,0.15484201908111572,2026-07-03 20:41:25.401678,2026-07-03 20:42:08.687177,0 days 00:00:43.285499,2.9241732118855563,1.1422704048325105,1.0108502176960386,2.3612925218900114,0.7881145178848518,2.7927720096766375,2.608738829430238,10.677134625876228,0.8400250415088938,1.1340266488099313,2.0443135696766492,0.5557545716042069,0.83385909469473,1.0428021145842898,0.6919247123439514,1.1499049190455664,0.4512047306060589,0.5929484031786582,0.8857895300842847,1.5131697154829853,2.8633639411422607,3.9941585658519756,2.931885032929522,,COMPLETE
134,0.15473707914352416,2026-07-03 20:42:08.699088,2026-07-03 20:42:47.686740,0 days 00:00:38.987652,3.4678684524232195,1.1221449183447916,1.098279811085508,2.3961252887756035,0.8006630985639203,2.8991095690447475,2.5332815263049353,10.618748906420176,1.001648686248955,1.0926651334725825,2.5381848399099463,0.5594185239782218,0.8027717435100139,0.9435707020419704,0.5933065355585828,1.170263290052066,0.4233645689474909,0.5867983833999141,0.808726331065297,1.6510207034040474,3.2187789487653613,3.940622946199892,3.5452816624398955,,COMPLETE
135,0.15398032665252687,2026-07-03 20:42:47.692801,2026-07-03 20:43:22.077287,0 days 00:00:34.384486,0.6376049765421566,1.1915856544797572,1.0023201812453761,1.7961892878509012,0.9461725781981962,3.056203060503422,2.6366352375577633,11.759853085392345,0.776866406462731,1.230061129375946,2.2879700855350986,0.5957340286662692,0.8396363355014672,0.8927502046211873,0.65641173703199,1.3177733445677533,0.525179766106633,0.4930580758971227,1.1161330249548034,1.5257603965192374,2.9225606624680656,3.3515578370289143,2.9267305115008195,,COMPLETE
136,0.15548877716064452,2026-07-03 20:43:22.078069,2026-07-03 20:43:58.239934,0 days 00:00:36.161865,3.1763600139520287,1.034528880957497,1.1466011115117365,2.5552665275243016,0.8405195277738442,2.4920574844153833,1.9778076037741357,11.026675126279322,0.7129507661867032,1.33071160369515,2.432099571886968,0.5533247151809311,0.655368055379299,0.9923908426819488,0.9026685395980704,1.4567718315733198,0.6097196852879863,0.6534134927598032,0.8813505478325754,1.7965534699038004,3.3781514978058205,3.7474309301123925,3.1691937452186214,,COMPLETE
137,0.15554527044296265,2026-07-03 20:43:58.240975,2026-07-03 20:44:33.066435,0 days 00:00:34.825460,3.2481971949990416,1.049874480962655,1.165490042260499,2.5738825852298257,0.6653931902016575,2.4362724529030744,1.9778665782826534,11.190935094662889,0.6851883075773167,1.320012561960656,2.41649229512164,0.6842377315307501,0.6610855212711603,0.8407834607516322,1.106667165274881,1.415418382206686,0.6025595941814442,0.6503684006574089,0.9785098763504452,1.8185239744733188,3.3952641739667797,3.676056594385455,3.15579275570416,,COMPLETE
138,0.1534833073616028,2026-07-03 20:44:33.067282,2026-07-03 20:45:06.487949,0 days 00:00:33.420667,0.4513735688206297,1.0436714252135992,1.186732900711959,2.6390321556690677,0.6479681542767478,2.5941812346170625,1.7025545061528973,11.150177623063707,0.7362652936671119,1.3056048554742397,2.4565590269242805,0.6960874632068659,0.6637103903470285,0.816986027190852,0.9181478078809621,1.4310201034623184,0.7274768905831703,0.639447325171355,0.9808353662043924,1.9403682837700282,3.5677297752216908,3.183264663047919,3.7923258047799613,,COMPLETE
139,0.15021276473999023,2026-07-03 20:45:06.488667,2026-07-03 20:45:39.174775,0 days 00:00:32.686108,3.2217158140870743,0.9564545603513809,1.0801320001924524,2.6292038962236792,0.9004896912160598,2.5095915087606304,1.9783235206658742,12.243720417588154,0.7032272441279991,1.2880946610355206,1.1355260713851927,0.7692186477437307,0.5183695646025718,0.9948821803923495,0.9796805392625995,1.4703499764782069,0.6033028960017895,0.7610864001857365,1.5685945308632288,1.8649607656387068,3.998255197167718,3.715123759322482,3.3136948516459928,,COMPLETE
140,0.15688636302947997,2026-07-03 20:45:39.175432,2026-07-03 20:46:11.699711,0 days 00:00:32.524279,3.126701050607504,0.8536537800935871,1.2737285919140133,2.555925032260951,0.8537391050544538,2.4537933229716393,1.823696523920712,10.12311157901499,0.9673579776981542,1.6721795865777116,2.209260792643823,0.8950776062567863,0.624995796193408,0.7531977514285432,1.0853291294110952,1.2414577907730415,0.6537090160002131,0.6863246780429754,0.77027583910525,1.833416627726933,3.6990393541464672,3.562966842579616,3.1522618900326242,,COMPLETE
141,0.15391916036605835,2026-07-03 20:46:11.700380,2026-07-03 20:46:44.047375,0 days 00:00:32.346995,3.1175107998881932,0.7701385011979014,1.2761472892026169,2.2405465674617675,0.8472899249494302,2.460644315164075,1.845242663066261,10.267878949300393,0.9455870309248569,1.6299141614650254,2.245150148041584,0.9128422653080474,0.6013483585950257,1.2166153721354644,1.1146983020470818,1.2070646456439458,0.6662324355351653,0.6222509842652362,0.7528756557543067,2.039361984513072,3.7250234166344547,3.5922325001815643,3.1065736808377182,,COMPLETE
142,0.1527519106864929,2026-07-03 20:46:44.049361,2026-07-03 20:47:16.581049,0 days 00:00:32.531688,3.3312783201024714,0.8608134337303373,1.1979539426730235,2.6009001273286385,0.5806714766395041,2.282496730338792,2.354764201235914,11.053652025350486,1.0335133360485067,1.6687016122345126,1.9946409996424697,0.9797440938380297,0.6509951484554931,0.7427695017847483,1.0180789641621057,1.2609560328402376,0.5572798587983183,0.6906463242233686,0.9538807214109534,1.7979323334649098,3.435067253913735,3.363855038182229,2.804387475240938,,COMPLETE
143,0.1539825439453125,2026-07-03 20:47:16.582072,2026-07-03 20:47:49.855941,0 days 00:00:33.273869,2.8376391517712083,1.0091386084385612,0.891422295611719,2.5184762839451835,0.871913222618447,2.684494588627941,1.9883023537287416,9.685630750206357,0.8793207070045661,1.5171421750538083,2.4153516770060013,0.6726006671879367,0.5660447835489495,0.8630944611667664,0.8515898167791707,1.3697210507612068,0.5046129570449519,0.4485938460680814,0.8843553972281487,1.9994283210846684,3.3314155526109315,3.6988095878082947,3.2966744088813216,,COMPLETE
144,0.1504451036453247,2026-07-03 20:47:49.857122,2026-07-03 20:48:22.954072,0 days 00:00:33.096950,3.791549167063508,0.9334673839385712,1.063653052230468,2.077976941608361,0.6751012874422263,2.8120302799974004,2.12749715147554,11.68402545086494,0.6815280123788108,1.3173034484434305,2.6302101685235906,0.8248252245675138,0.6221127833858029,1.0904019313805935,0.5924024010461558,1.604420218633937,0.5952527860510457,0.8184896360845078,0.8161082799827457,1.627900895086439,3.1182377612032957,3.1623846023004685,3.1216916487581794,,COMPLETE
145,0.14073269367218016,2026-07-03 20:48:22.955110,2026-07-03 20:48:56.046603,0 days 00:00:33.091493,2.6413254113149174,1.1092474553209233,1.316091730885188,2.895469992246955,0.9704301740758886,2.4731089427140245,1.5684583481784689,12.389235224542084,0.8083347620793263,1.0786965912734612,1.8018946209909497,0.7378956295795615,0.6765572823506051,0.28683847579574956,1.1966776858687023,1.1014660473722209,0.7932276405204557,0.5516219374326454,1.0579928551240398,1.8304298159728745,3.6597373510377222,3.485130525764377,3.4891619786463597,,COMPLETE
146,0.14550375938415527,2026-07-03 20:48:56.047862,2026-07-03 20:49:29.047836,0 days 00:00:32.999974,3.0157447712294996,1.021584662724606,1.1510867399038156,2.744257605744613,0.9234990498845765,3.000306670370764,2.2865258676988325,13.516718365577637,0.7085824588650862,1.1762726501455216,2.1266461139247212,0.6168769331455175,0.7598584028847113,0.978348897412071,0.7254733001303785,1.2467450444936796,0.6344659581417803,0.6696480032984001,0.31259978922053305,1.426305929947817,2.5698461033403115,2.9957832306080596,2.3634262489241316,,COMPLETE
147,0.157106614112854,2026-07-03 20:49:29.048658,2026-07-03 20:50:02.148374,0 days 00:00:33.099716,3.3348617548002797,1.2255023957093958,1.1115457775990232,2.2624646111773665,0.8344031980150023,2.2884725926971297,1.7650336151977923,10.559894598224025,0.9673219405789135,1.4666232921322186,2.881303874445849,1.0842655374806407,0.5413202310468852,0.9211352213088918,0.7712361475908914,1.102159828100492,0.45392431785023685,0.7415613661833256,0.7666948870634959,2.1446204052227578,3.099396292591903,3.783781173575342,2.6973752136749907,,COMPLETE
148,0.15514253377914428,2026-07-03 20:50:02.149384,2026-07-03 20:50:40.904642,0 days 00:00:38.755258,3.2660711624241103,1.2193062700932342,1.3508900262765589,2.3107269918510602,0.812040036109342,2.279156165867648,1.7534893917352359,10.20300204134856,1.0717910226551186,1.2508144848950136,2.9063714733629276,1.164494095262273,0.5248018891744343,0.912827794454225,0.53608065880065,1.3877084052935684,0.8776757027157472,0.7205784507312009,0.7807435407490242,2.120207126356554,3.372550596882958,3.789515099031145,2.700153731887032,,COMPLETE
149,0.15218210220336914,2026-07-03 20:50:40.915719,2026-07-03 20:51:38.070124,0 days 00:00:57.154405,3.3586711196893844,1.353790316726685,1.3366276569726545,2.234252052922433,0.8533462933367006,2.224994803338503,1.697062583841318,9.498051043202441,1.0277015005026555,1.4683409353790136,2.915459464422697,1.1586170122404977,0.48194807519989924,0.8362741875439674,0.45732816910138285,1.4339489230148685,0.3985297140416651,0.7151661701397367,0.7723812553541488,2.0728632520554156,3.4722845060858587,3.5236146929102663,2.609194102818826,,COMPLETE
150,0.15011401176452638,2026-07-03 20:51:38.072004,2026-07-03 20:52:31.918869,0 days 00:00:53.846865,3.651627625426134,1.4272243548703163,1.2463887061850214,2.4781803811090364,0.7323253687818418,2.35849315704285,1.8703938193546774,9.971405057889248,1.0668173508822676,1.5825085279002942,3.1051486597212326,1.0137113958710164,0.5327095035534251,0.9090048511691189,0.3703451800693006,1.3814068168335627,0.7165466330974792,0.74188045225282,0.7296956026027208,2.154056461943676,3.2933667576303347,3.311798327119663,3.0226193950476334,,COMPLETE
151,0.15713787078857422,2026-07-03 20:52:31.920434,2026-07-03 20:53:26.382284,0 days 00:00:54.461850,3.185790764652314,1.2536773394346803,1.1395532044803771,2.1486759924619747,0.7886707187851119,2.6177893372440932,1.757822759093165,10.479323996759447,1.1671936791406876,1.2393797394587538,2.5469563766932737,1.043007791517365,0.5668763822715723,0.7795235915804334,0.7642391275660716,1.0769953470489781,0.5415103057971625,0.6502256196071577,0.6845857553078468,1.9145542624831995,3.189052982254616,3.8096589583649005,2.740401650767815,,COMPLETE
152,0.15740578174591063,2026-07-03 20:53:26.384610,2026-07-03 20:54:21.990309,0 days 00:00:55.605699,3.2843817014023826,1.2030920830546104,1.2032918209796772,1.931647446189337,0.8320817329281828,2.591698841547235,1.7882407247649394,10.474726535780267,1.3994537002230358,1.3009305669054738,2.8940103287728927,1.2515671174471668,0.558987108595036,0.7635877154837168,0.7942340413716424,0.950108067208313,0.4434290825556506,0.6528605157278027,0.7094204500468777,1.9326728833040403,3.0753224673810124,3.691519194008042,2.7161957405540917,,COMPLETE
153,0.15562820434570312,2026-07-03 20:54:21.993149,2026-07-03 20:55:18.491363,0 days 00:00:56.498214,3.462291779547226,1.2001513861374051,1.1683656252509782,1.9290089579302234,0.9140391271320156,2.534001319480668,1.5465184969015384,11.171039413793505,1.159546018655324,1.3982691175846116,2.5154472051469954,1.116286779638493,0.5836889532912086,0.7609422001331821,0.7696159211076022,1.0486433431090991,0.3723878579556267,0.6616943380615572,0.6498863972474581,1.8870275838356243,3.1449800256758773,3.458327886321803,2.4661653182625387,,COMPLETE
154,0.15713939666748047,2026-07-03 20:55:18.493008,2026-07-03 20:56:16.247706,0 days 00:00:57.754698,3.024666570645691,1.2020422609862569,1.0621695849241246,1.631536679123787,0.9880380380381913,2.6732504652549784,1.6142748527125204,10.82665889434448,1.4135060822489283,1.3366126036251427,2.5464270740552393,1.0689303259136826,0.5701935329189582,0.7641435694683194,0.8663309783072849,1.0674272058267473,0.46629162075294617,0.6465767170000025,0.5741768184240204,1.9582478384710873,3.8019550044594745,3.663944560066642,2.3893125870306875,,COMPLETE
155,0.15693135261535646,2026-07-03 20:56:16.277012,2026-07-03 20:57:20.476966,0 days 00:01:04.199954,3.471770638671107,1.171075220406262,1.1647299581272161,1.6658306855007647,0.9984569330366326,2.574024922592882,1.5150300876272378,8.538413887488492,1.436058498503282,1.3387373307924615,2.48923686523064,1.0980464330950188,0.5730657973253213,0.7796230761758263,0.8753116638405325,0.9589609892841509,0.44444203265334775,0.633433548490179,0.5667921348036542,1.9352605097619375,3.7247788887118767,3.4262913423704884,2.5040072989750506,,COMPLETE
156,0.1566741347312927,2026-07-03 20:57:20.485939,2026-07-03 20:58:22.270894,0 days 00:01:01.784955,3.497818515939662,1.1682378325048037,1.171945586603293,1.7605123771926452,0.9488158110111624,3.171152909290111,1.505615484364767,10.953246180704314,1.4324781188469615,1.344022984540529,2.459992492277228,1.0915785071087905,0.5697011480285242,0.7724514220266055,0.8808125766159779,1.055464890188467,0.4546744723735942,0.648832307199619,0.5674691990176515,1.6868466064298264,3.6728004646565275,3.6712388915718313,2.4457997631166863,,COMPLETE
157,0.1573689341545105,2026-07-03 20:58:22.286951,2026-07-03 20:59:21.179875,0 days 00:00:58.892924,3.416099886956949,1.193034196974643,1.2844749354073064,1.6401235728418546,0.996169865686786,3.1911452400754774,1.509432282631112,8.5647695173788,1.4123728137448157,1.5031621614565176,2.5374610317125477,1.0779955951969589,0.56592135475395,0.770733021628071,0.8407993688136997,0.962700535162995,0.4596189974554409,0.7728799738377252,0.5701594940022974,1.953758206245618,3.799275366783272,3.3300493291509135,2.4635345128444723,,COMPLETE
158,0.15374404191970825,2026-07-03 20:59:21.220071,2026-07-03 21:00:21.761431,0 days 00:01:00.541360,3.4738285672918683,1.3055525555308747,1.2786830951575872,1.7008925468598415,0.9880069438442921,3.1818144239763857,1.378094725797484,8.804958944003584,1.4308337365409818,1.4828229255163214,2.565862661003574,1.320051910434152,0.5731469129734714,0.6357892131112381,0.8494183513487988,0.9544825107582268,0.45743885604654744,0.7851401077025625,0.4958889488890443,1.947335982049862,3.7594707556842897,3.307436823368395,2.3653687189944734,,COMPLETE
159,0.12864477634429933,2026-07-03 21:00:21.790179,2026-07-03 21:01:15.385921,0 days 00:00:53.595742,3.9490568554161203,1.186371805310798,1.0480171671197156,1.5689078854993452,0.9570768183296104,0.5280128179022323,1.5160400489922645,9.39159028157862,1.2352236038252278,1.7305981791672227,2.5404521204896575,1.0894906992745523,0.5492356625530761,0.7597363199961141,0.7872095202674174,1.053671576671442,0.372157405492607,0.6890269199906152,0.5508497052194583,1.7010920795835447,3.913974140443341,3.523047512244656,2.3978424421759237,,COMPLETE
160,0.15500233173370362,2026-07-03 21:01:15.407959,2026-07-03 21:01:52.270459,0 days 00:00:36.862500,3.4906195560125273,1.2427613051409125,1.3912577185552415,1.4363302672434897,0.9038943025951078,3.1342700337354064,1.233477932602951,10.710002233672824,1.6433328771333093,1.6117786432249437,2.2037929085616956,1.0738866393854907,0.5890876405780294,0.7085746484168854,0.8438438073335521,1.0837897820877196,0.4889522164255904,0.6174863356940131,0.5903366442978752,1.9459512139854498,3.1195967862548963,2.921239702955807,2.462393534714258,,COMPLETE
161,0.1553133726119995,2026-07-03 21:01:52.272129,2026-07-03 21:02:25.519252,0 days 00:00:33.247123,3.772206414689802,1.143539437418582,1.2102077414573345,1.6887266478281342,0.9175217925755619,3.4210644119700477,1.638454978258029,12.194687931120738,1.179669081962826,1.3643263237474552,2.3961236221642097,1.224783574179956,0.4669443252145123,0.7684513592216768,1.0268316017904369,1.0247296655495486,0.4586541743644959,0.6363617867450844,0.6259311422276647,1.9075724188862855,3.6553251015916324,3.60352763601791,2.893124693404906,,COMPLETE
162,0.15295642614364624,2026-07-03 21:02:25.520903,2026-07-03 21:02:59.319395,0 days 00:00:33.798492,3.2629682726188194,1.08509187107006,1.1704311645623282,1.9221876532109994,0.9986814959826077,2.948168444920359,1.5245429500972099,10.640826458002524,1.3944009724184392,1.2859031278829673,2.7831395547449502,0.9779945537933061,0.6035697677432461,0.589106660782062,0.9455299562710635,0.9306681741710133,0.33970222357999047,0.5694508141335789,0.5609508885529416,1.680754602163638,3.7974800557506345,3.410214402206985,2.7839849296225427,,COMPLETE
163,0.11887075901031494,2026-07-03 21:02:59.324018,2026-07-03 21:03:35.334134,0 days 00:00:36.010116,3.3752777003598102,1.347988397292423,1.0320645713435257,1.8501587542164468,0.8677358139207845,2.714308060565131,1.440877837014376,11.326294845534244,1.5381488414145161,1.53901212119051,2.50497223960892,1.4024684802413234,0.5468511257779716,0.7550309953220093,0.7466763610928554,1.0966115894640935,0.3923790086149052,0.7494276263895383,0.4698688690937387,2.0154641608507347,3.9884710955583977,3.720482881179401,0.26113349969611993,,COMPLETE
164,0.13271594047546387,2026-07-03 21:03:35.336045,2026-07-03 21:04:10.639584,0 days 00:00:35.303539,2.9731506986619647,1.2090076288397682,1.2811512265134724,1.7266522890835354,1.106437329024184,2.6138081801706208,1.3457961334840212,9.940828009615327,1.3559528024481708,1.1601283168525436,0.5380371436032636,1.1110475055132154,0.5087276680233586,0.6860030455329506,0.6336638512183295,0.8664990583553741,0.505032528090007,0.6941012340121882,0.6599814363319125,1.6343550470402801,3.586467345943387,3.251213175068991,2.5417242311537698,,COMPLETE
165,0.15548646450042725,2026-07-03 21:04:10.641726,2026-07-03 21:04:44.976425,0 days 00:00:34.334699,3.66252651162526,1.429875047440862,0.9515542217034969,1.9779271372385998,0.9385453656772552,2.8947676481924796,1.6415337013085753,8.284713504473963,1.2703911291018026,1.370642035672126,2.6484723552603286,1.2941132457160072,0.5931203824656855,0.8007470096235899,1.0871151998142448,0.9133030026576803,0.43730134596348086,0.6465562824992237,0.5284631828742272,1.8822607587373041,3.1042379464172427,3.479710291281125,2.274826356749181,,COMPLETE
166,0.15876985788345338,2026-07-03 21:04:44.980366,2026-07-03 21:05:20.022673,0 days 00:00:35.042307,3.475786281573638,1.2838254140801495,1.1096293420693661,1.51973871822738,1.0210208418330002,3.3811656797321503,1.7533500139647933,9.116377863034174,1.866633354121281,1.462369243054383,2.3245786316833787,1.0408409270445462,0.5725371218113854,0.7233859522079485,0.8799436708834171,0.9984667475249478,0.5638656804236384,0.7706027913420983,0.6049236227634475,2.109815085159284,3.548945888476809,3.714781013019512,2.158357917417944,,COMPLETE
167,0.1579151153564453,2026-07-03 21:05:20.024632,2026-07-03 21:05:54.609463,0 days 00:00:34.584831,3.5232225738906857,1.3069536550667606,1.1117898414252476,1.4907141916998092,1.0174697330143643,3.4753061256104836,1.799737472640147,8.471614680476277,1.813687180613935,1.4649516921017436,2.1153829040873435,1.1257280321252017,0.5610538364192119,0.6511046116560748,0.8829039615588026,1.0053543804203517,0.5545123756513616,0.8686669194506343,0.6068079815402673,2.130006569278582,3.593787536996502,3.2504968545418214,2.1006696151620154,,COMPLETE
168,0.15725106000900269,2026-07-03 21:05:54.629795,2026-07-03 21:06:29.190422,0 days 00:00:34.560627,3.761728676878658,1.2826019880284796,1.085670769725191,1.3478210599286262,1.0230876924382815,3.7048934427277205,1.7754877175890456,9.232742622841917,2.064454120038577,1.50230244223772,2.0972523733788084,1.2244655736291294,0.5517302223850696,0.6444774878483656,0.8127246205014,0.9676800454302851,0.5284093655861306,0.9081958731682341,0.6087224163209594,2.1638010617551102,3.6027704725290657,3.0441021561427712,2.170619807594046,,COMPLETE
169,0.15682780742645264,2026-07-03 21:06:29.192269,2026-07-03 21:07:03.217949,0 days 00:00:34.025680,3.9814142935595505,1.300972928528423,1.0849193657998668,1.4607001066294054,0.9976357569234551,3.511194207155717,1.7250547363194222,8.416356031841618,1.9891564950798075,1.4861699386584752,2.115443899604775,1.2234401777371988,0.5014366112907275,0.6539989822477777,0.9026904101649699,0.9770307053206497,0.5485542753763973,0.8420780379039351,0.5976823965375891,2.135509837200075,3.609368205980432,3.0901705851497883,2.1142233291842936,,COMPLETE
170,0.15222206115722656,2026-07-03 21:07:03.220016,2026-07-03 21:07:44.440705,0 days 00:00:41.220689,3.9974258212326004,1.314168929846825,0.872129522524895,1.4530019250488435,1.0193639609525906,3.5716481931782944,1.7479719041267086,9.051278111931076,1.9991106666241973,1.644662113802925,1.9602669800152908,1.2407261871581603,0.41627953716718186,0.5283819430327651,0.878086520418377,0.9867986632666091,0.5679553129628119,0.913667125466288,0.609663339513972,2.1459775201533544,3.6111684934298993,3.1072311696264068,2.0591944740076387,,COMPLETE
171,0.15652523040771485,2026-07-03 21:07:44.444055,2026-07-03 21:08:33.497711,0 days 00:00:49.053656,3.768418294095273,1.285900701202943,1.086297106595937,1.2381384164056852,1.1242474686120778,3.7914102793224798,1.7804082145899323,8.383232223795055,1.943537494849963,1.5254373040131448,2.120229483486257,1.0668326729563917,0.4932252325966092,0.6518507027099748,0.8102771537603844,0.979576935791575,0.5464882408004832,0.8586571008807353,0.5836606460996318,2.328821875990423,3.782119854529253,3.070150687926598,2.1581838919357295,,COMPLETE
172,0.15524005889892578,2026-07-03 21:08:33.498826,2026-07-03 21:09:16.192951,0 days 00:00:42.694125,3.8136031405028867,1.2697407261672766,1.0822248102020402,1.617055099391229,1.0046489560201084,3.7104859909572405,1.812411565344238,8.375277791260581,1.8965861030528817,1.7791645728920134,1.8787276173966467,0.9519742731252148,0.4657708417613844,0.6591089203808569,0.8033949464597536,0.9701010109280487,0.5364064028391585,0.8427212357322019,0.5766361406685274,2.318717908081698,3.790763313528094,2.971794420420427,2.1540608140436333,,COMPLETE
173,0.1556618928909302,2026-07-03 21:09:16.229153,2026-07-03 21:09:53.970115,0 days 00:00:37.740962,3.6883172386863885,1.1429268415984912,0.9941176415220135,1.4989964784949932,1.081842653902006,3.4094992506387043,1.6583636498268493,8.538876784129812,2.1774020675867867,1.5122070520615076,2.062794232379151,1.034360491358498,0.4943391035147607,0.6215066272013925,0.9494284976775235,0.8831870325449341,0.5565857489463522,0.8907538957564238,0.5323546754406193,2.163953889252373,3.9821094891938023,3.1763416852741724,2.099562178969052,,COMPLETE
174,0.15443753004074096,2026-07-03 21:09:53.972509,2026-07-03 21:10:33.212558,0 days 00:00:39.240049,3.5698604491634187,1.3486072298890004,0.9369700223165086,1.382912421277357,1.125126489913289,3.7460645570211466,1.7852968512115996,7.838989796347128,1.6938193010385894,1.4624202966229947,1.6494994534753953,1.060818668011436,0.5402776817857986,0.6008900722829592,0.8836355353341775,1.1192028825462321,0.5079442586029349,0.7927260019561732,0.601640328789943,2.038938395765833,3.5782646406789964,2.920496062750868,1.9993652931078356,,COMPLETE
175,0.15750712156295776,2026-07-03 21:10:33.213301,2026-07-03 21:11:10.989658,0 days 00:00:37.776357,3.985736793311523,1.255914922351888,1.0871125505910226,1.2890526833906994,1.1469894159774372,3.3309930316588816,1.454618785789926,9.27928593519324,2.3668146992719286,1.5730139706441395,2.1379065680059046,1.4589858264627098,0.5193360756932501,0.7182388221927994,0.8210641914155029,1.205769265326989,0.4883966118130227,0.8781872534297138,0.6867911714915335,2.337991330008607,3.7291634524078567,3.3162184025462973,2.2200269301481113,,COMPLETE
176,0.15676529407501222,2026-07-03 21:11:10.990907,2026-07-03 21:11:51.607795,0 days 00:00:40.616888,3.789872287284094,1.2531393668491737,1.0880383295004596,1.3215233572760154,1.1791074755319508,3.936716544255914,1.460573620071308,9.4152986514553,1.8418634687323798,1.580608187589058,2.096665325986216,1.5081356475580354,0.5058329268939564,0.6831159693247036,0.8068309196408406,1.2160344920769313,0.486090857489843,0.9304014234835055,0.6853769693957799,2.3134420388202215,3.7888202158944817,3.274092910178859,2.240146482899848,,COMPLETE
177,0.15483216047286988,2026-07-03 21:11:51.610433,2026-07-03 21:12:31.100000,0 days 00:00:39.489567,3.993717424775618,1.2906798468827119,1.0912942588343264,1.2833155213934924,1.1639903355618206,3.867857055430729,1.2834953597840648,9.21566986216544,1.8893982101944522,2.1010728907870813,2.191343350262216,1.6090100408359234,0.4492855311645399,0.726108850970401,0.8371587952186968,1.2287060119522935,0.4822674340680789,0.9272780444295874,0.6756161779207779,2.3152081059364447,3.7731797900571253,3.3092811818599848,2.2912560855868698,,COMPLETE
178,0.1564162254333496,2026-07-03 21:12:31.101990,2026-07-03 21:13:06.061870,0 days 00:00:34.959880,3.850145565190189,1.2388870218419097,1.0266255879381236,1.3216746204032446,0.9927795107187903,3.9964890501034684,1.406745067131477,9.66404383854256,2.4985954608316163,1.5887315364355596,2.09640956112781,1.4662467591223325,0.4952722965395736,0.6646404253704863,0.8095731983109913,1.0206457880615376,0.5742822026014928,1.0303463343015056,0.6211806138819529,2.233087918194123,3.5330130768594414,3.0813189810667563,2.245777039426111,,COMPLETE
179,0.15588759183883666,2026-07-03 21:13:06.063823,2026-07-03 21:13:39.822260,0 days 00:00:33.758437,3.812046220172349,1.1130493505117414,1.0384627805475362,1.318252783901904,0.9805990507987719,3.987508016571673,1.5700302762003675,8.643219694826923,2.4068518339736813,1.9111985503468203,1.8318653040492285,1.528965858282918,0.4908523662224294,0.665598700128724,0.9270626973662152,1.0399051384408184,0.5616920308373501,1.0413483001319819,0.6162544163910944,2.3701192654021526,3.475624763872643,3.108407464886148,2.5489099992937585,,COMPLETE
180,0.14540867805480956,2026-07-03 21:13:39.823899,2026-07-03 21:14:12.700132,0 days 00:00:32.876233,3.7886175409424494,1.2281934685841016,0.927336605198279,1.2049844197655843,1.1616060605160436,3.4399781021489484,1.4333204289108785,9.609298578012108,2.538280158623082,1.6832799439922475,2.091062989466635,1.322322012755684,0.5136964783914141,0.5847269454681254,0.8325830912351104,1.1856029780128678,0.6585623193939784,0.9764129785932153,0.5134107930027504,2.0299290306220787,3.7616267365830396,2.8876110900520406,0.7414907091947834,,COMPLETE
181,0.15559685230255127,2026-07-03 21:14:12.701722,2026-07-03 21:14:46.160627,0 days 00:00:33.458905,3.5648746712416033,1.1680493003019345,1.0964393626375046,1.346936482854542,1.0265680352834163,3.508777937278052,1.4785341891799406,9.80518228268069,2.1580362332552,1.5608048274804904,1.967611325697657,1.4657944842760358,0.5503277661188057,0.7023585518875081,0.7352722330703206,1.0012974212086476,0.4986344126078338,0.8756840493061523,0.566334833631093,2.1904039035290825,3.5509872024821587,3.2797973524166513,2.2142904428214267,,COMPLETE
182,0.14908055067062378,2026-07-03 21:14:46.162925,2026-07-03 21:15:19.252189,0 days 00:00:33.089264,3.778645719124281,1.2408105351867538,0.9964243691339917,1.5412790023949252,0.9630690566242878,3.286401990601959,1.2302025292957792,9.187864206587056,2.849629832029109,1.5860695782795498,2.2720553058206256,1.246444353928515,0.47469823189035104,0.641243581963718,0.8789555987369331,1.2892311411759838,0.5371525736265735,0.879650060165084,0.6939570850985282,2.145673661913041,3.2462626973366424,0.48030958376305105,2.042073786704553,,COMPLETE
183,0.15649185180664063,2026-07-03 21:15:19.252871,2026-07-03 21:15:53.922147,0 days 00:00:34.669276,3.9872461361070846,1.3619522472924563,1.11574477335067,1.627159283855417,1.0760351882819574,3.77305106782838,1.6779692547909355,8.747354555621476,2.0069601177797134,1.8082211296380348,2.131842680233018,1.407243767391195,0.5170490174865784,0.7055541670750213,0.8020349861021534,0.9528918348586096,0.4701243160717638,0.9470055120923081,0.6315328484232213,2.23097374744884,3.96873761049352,3.122725987943376,2.2380492054619574,,COMPLETE
184,0.1569949984550476,2026-07-03 21:15:53.922889,2026-07-03 21:16:27.519196,0 days 00:00:33.596307,3.8989106329712486,1.3417723144262368,1.0555640851999875,1.6339505748220304,1.0673559753570636,3.823883671808727,1.6624056958833997,8.95652033166882,2.0014256634264953,1.7956350725813743,2.1124592954154466,1.3883830222743536,0.5091440710439942,0.7182224467300061,0.8197703924629189,0.9343773181111804,0.4703561821463759,1.1466445377801477,0.6398272057689439,2.3541384962979346,3.955908652960825,3.135646022734239,2.3047381172609414,,COMPLETE
185,0.15630087852478028,2026-07-03 21:16:27.520772,2026-07-03 21:17:00.784019,0 days 00:00:33.263247,3.5715955767885523,1.3397590256739655,1.1317618135817114,1.6655154059460957,1.075427100941093,3.756925112486958,1.6859682427286926,8.90081412483978,1.8003042270152565,2.0334425239060394,2.0044329179664357,1.1498639263383839,0.43275767805722926,0.7188778983335135,0.9894493993539298,0.9408246705266183,0.46697148125035437,1.194804689769665,0.6423540970421731,2.3585599818572955,3.9990456668970134,3.349572098814979,2.6722871977033433,,COMPLETE
186,0.15395578145980834,2026-07-03 21:17:00.784722,2026-07-03 21:17:48.231745,0 days 00:00:47.447023,3.977127842800489,1.3723111832517292,1.0593643929671275,1.5031608681755448,1.0894839865854606,3.5323531602286478,1.5896579200506293,8.131487813031873,1.958331520186577,1.8247290069319209,2.1618896819796456,1.3991808291854384,0.38285821752211263,0.793622673948479,0.7925268292016784,0.8241614046889484,0.43934006338245496,0.9352426184007161,0.584996540738131,2.0041378449236524,3.830817839655025,2.866418223601566,2.3416037350783014,,COMPLETE
187,0.1447901964187622,2026-07-03 21:17:48.232727,2026-07-03 21:18:45.183070,0 days 00:00:56.950343,3.9883119068015596,1.11008174176326,0.9778520450376132,1.616447841193577,1.034821100147937,3.2902080694821394,1.7383071149711957,8.513601018830972,2.0545335405546097,1.7088125361641666,2.255476328785917,1.7237669955079364,0.5268245306361642,0.6875830633294159,0.8951620777756134,1.1118463922454838,0.46948948942444796,0.7876476726831296,0.7084201739910819,2.5783867158948057,3.673930762556352,3.056337807890451,0.5998119381414715,,COMPLETE
188,0.15547354221343995,2026-07-03 21:18:45.185572,2026-07-03 21:19:45.102246,0 days 00:00:59.916674,3.459369312914986,1.1757442903639381,1.0914873742270108,1.2478265430029338,1.2028052775140046,3.6061774682729424,1.5047725275830752,10.273434984532633,1.594463442001552,1.446660231495566,1.8662380374571657,0.8852399452914474,0.5637629154722866,0.7201255354058475,0.9430021971308759,0.8768645982052663,0.44599800050590377,3.5930249385972237,0.4798154926483953,2.0828972555344345,3.9999786138517868,3.5018421832224162,2.5266230442959197,,COMPLETE
189,0.15500223636627197,2026-07-03 21:19:45.104513,2026-07-03 21:20:33.344300,0 days 00:00:48.239787,3.6458343794454806,1.2720990452231657,0.8132987975112174,1.4149824963694964,0.9454081697282612,3.1358885191057415,1.8522102412735841,7.39396472422729,2.27789192884429,1.9111524274111846,2.3116305207016823,1.1964682054869125,0.45370625392742975,0.6189903373217944,1.0451576416804826,0.9499133105497761,0.48615873810492577,1.1275804028397942,0.5450619627489297,2.3567558300794813,3.3708738946828993,3.2923683275708417,2.2384179887992923,,COMPLETE
190,0.1542815685272217,2026-07-03 21:20:33.350984,2026-07-03 21:21:22.413810,0 days 00:00:49.062826,3.6536171169376894,1.096009669370216,1.1289093352560584,1.7402060290148804,1.099133458874577,3.8025362059442354,1.6368725099650394,8.85601232322076,1.493732047071339,1.8062739139784905,1.4427507584893962,1.3644403223312722,0.5143146524602964,0.7953209099346747,0.671223674180474,1.0797580904673567,0.5250969452507086,0.8223961680174344,0.6780100054997981,1.9536446107600467,3.7336307823087846,2.7552867721722376,1.9621540536048618,,COMPLETE
191,0.15577179193496704,2026-07-03 21:21:22.417279,2026-07-03 21:22:01.804926,0 days 00:00:39.387647,3.8313583216572593,1.2366990586797488,0.989268206302455,1.1476300870674652,1.0238994075405095,3.9492147182552424,1.434436061515224,9.479328511901988,1.8235927501128302,1.514858047774464,2.087150676680059,1.0182722779332598,0.4768181060197578,0.6466354394887047,0.8140240004052327,1.0099901595012537,0.5830499512267724,1.0325404681136834,0.6189336350168124,2.23834389655209,3.5456700744106113,3.0352496424271886,2.2997839341735244,,COMPLETE
192,0.15494967699050904,2026-07-03 21:22:01.817001,2026-07-03 21:22:37.657564,0 days 00:00:35.840563,3.7698272194983597,1.300895610406432,1.0378405709554404,1.4742250157197128,0.9812171021813996,3.4443384308718774,1.3769213033104428,7.871742276692673,1.7590106054432832,1.63521451766763,2.114995383700232,1.4559503850846902,0.49987784313047334,0.6774577809747345,0.7953101684477711,1.1700084039817127,0.5470752354229275,0.9886829612451488,0.5787563609606425,2.264348402438427,3.504796559332099,3.164428767778115,2.1595384048140662,,COMPLETE
193,0.1568199872970581,2026-07-03 21:22:37.659801,2026-07-03 21:23:13.528990,0 days 00:00:35.869189,3.397562619753248,1.3888917498932332,1.03169478213591,1.2983437013419623,1.131725572529997,3.6623832513029337,1.695071280485105,9.782069012351986,2.4379064997923545,1.7214320324498484,1.9847289452811796,1.2593102759071255,0.5372421296025983,0.7447622287432006,0.8481045603296603,1.0186058439532248,0.4347195873994465,0.9261741880043785,0.6453880501051645,2.1290906788518513,3.210968842540075,3.460553929534307,2.7216494846852934,,COMPLETE
194,0.15511184930801392,2026-07-03 21:23:13.532527,2026-07-03 21:23:49.639275,0 days 00:00:36.106748,3.352679276420678,1.3979155887242685,0.9007319695033357,1.0833914106169913,1.2717176105168486,3.315165089040691,1.7123257672260954,10.430165340848587,2.084100016401983,1.6911309954739675,1.735113989247825,1.268690312626847,0.5439880399799805,0.7405596975940025,0.8672118497349618,0.9035503845321864,0.4081896123543984,0.917732067193639,0.644907581189288,2.077561725882892,3.2580030779893017,3.4759392244432576,2.7035968127194683,,COMPLETE
195,0.15761985778808593,2026-07-03 21:23:49.641644,2026-07-03 21:24:28.816692,0 days 00:00:39.175048,3.445514575085561,1.1796615335700384,1.1178383993000018,1.593060701445431,1.1411980752354105,3.6162800489323725,1.8079680045775472,9.080805048611142,2.3083918178154734,1.4462081997326575,2.3009333113860233,1.1063366482204289,0.5269863005245298,0.8434008124471604,0.7414246322746845,0.9608349739669252,0.4341431679271827,0.8230501316401405,0.5911343671207181,1.915252247872374,3.852286917217303,3.805460745762013,2.928393143007746,,COMPLETE
196,0.1566251516342163,2026-07-03 21:24:28.819701,2026-07-03 21:25:14.640012,0 days 00:00:45.820311,3.1199030512853523,1.1660027622929894,1.1666668296682592,1.3721138404744335,1.1671218803074672,3.5891616457226028,1.8746544939081342,9.381493980755918,2.3716420946692387,1.441254111534699,1.9453814274124581,1.1219287680283219,0.5600876601373931,0.8459459954923803,0.7506922703781004,1.1266679146926768,0.4355547671563793,0.8251303736110882,0.5879626944979568,1.9448383681606356,3.316488817549358,3.797466219199096,2.9069881458363174,,COMPLETE
197,0.1553196430206299,2026-07-03 21:25:14.683652,2026-07-03 21:25:49.724076,0 days 00:00:35.040424,3.101055970730145,1.1716950664885286,1.190787432884797,1.3718156813586602,1.2033155767347685,3.127329272551457,1.875240490866191,9.215383798420671,2.260201996982819,1.429362443296964,1.9721363453544247,1.11400887804956,0.5642541348407153,0.8486060347865291,0.7520831623414108,1.2081033775512666,0.43224008863301355,0.7607676951483989,0.5061242257375397,1.9422289129863315,3.2734362738717313,3.7954832355531174,3.0113398936690476,,COMPLETE
198,0.15911024808883667,2026-07-03 21:25:49.726245,2026-07-03 21:26:23.881260,0 days 00:00:34.155015,3.3609742462395826,1.1562419090397118,1.1596258528593768,1.5312485190802811,1.164200974071084,3.5371471032973787,1.5690907843931756,10.00053203173189,2.3170293700412667,1.432247241633973,2.321594513138625,1.1790330993643685,0.56090066311819,0.8294357459525399,0.927095933208046,1.13960564724763,0.43649563429731575,0.8122333148150154,0.6868397880385233,1.8291753681591416,3.389716815804055,3.7976969211204783,2.8635915955630282,,COMPLETE
199,0.1593293309211731,2026-07-03 21:26:23.941582,2026-07-03 21:26:59.938227,0 days 00:00:35.996645,3.42357460963492,1.133118525227041,1.2636495310115812,1.552941800237452,1.2828911295936505,3.351021172130928,1.5413556229854148,10.039518413670349,2.7069891464355673,1.3728345680645233,2.2854488417758865,1.1952116146324354,0.5284892605447575,0.7887937140262891,0.9220286026246188,1.0618577342294326,0.45353489401522673,0.7966600773920407,0.7077829331238513,1.8650021646200885,3.116655240755782,3.6057028877380444,2.8457524435639523,,COMPLETE
