number,value,datetime_start,datetime_complete,duration,params_BOUGUER,params_CRUST_RHO,params_CTD,params_DEM,params_EMAG2_LOG,params_FREE_AIR,params_GEOID,params_LAB,params_LITH_RHO,params_MAG_SEIS_MOHO,params_MOHO,params_MOHO_GRAV,params_REVEAL_P150,params_REVEAL_S100,params_REVEAL_S70,params_REVEAL_S80,params_REVEAL_S90,params_REVEAL_VP50VS80,params_REVEAL_VP60VS70,params_REVEAL_VP90VS60,params_SEDIMENT,params_SI,system_attrs_fixed_params,state
0,0.39108623266220094,2026-04-26 22:24:54.584781,2026-04-26 22:25:21.099155,0 days 00:00:26.514374,1.0,1.0,1.0,1.0,1.0,1.0,1.0,1.0,1.0,1.0,1.0,1.0,1.0,1.0,1.0,1.0,1.0,1.0,1.0,1.0,1.0,1.0,"{'DEM': 1.0, 'REVEAL_VP90VS60': 1.0, 'LITH_RHO': 1.0, 'REVEAL_S100': 1.0, 'REVEAL_S80': 1.0, 'EMAG2_LOG': 1.0, 'MAG_SEIS_MOHO': 1.0, 'REVEAL_S90': 1.0, 'FREE_AIR': 1.0, 'LAB': 1.0, 'CTD': 1.0, 'BOUGUER': 1.0, 'MOHO_GRAV': 1.0, 'SEDIMENT': 1.0, 'CRUST_RHO': 1.0, 'REVEAL_P150': 1.0, 'SI': 1.0, 'REVEAL_VP60VS70': 1.0, 'GEOID': 1.0, 'REVEAL_VP50VS80': 1.0, 'REVEAL_S70': 1.0, 'MOHO': 1.0}",COMPLETE
1,0.2700037956237793,2026-04-26 22:25:21.099912,2026-04-26 22:25:35.590156,0 days 00:00:14.490244,3.340131933082064,0.029724836370793994,0.01131259108591809,0.09431393356179678,0.025462855193622375,0.3665534591187187,0.13302916082178512,0.6957405651599218,0.8029567436419554,0.014162406098880987,0.023065952526212654,1.465769534189786,0.030007480829512163,0.3611979611557053,0.3909110418963917,0.025466535217967063,1.794082022364606,0.057252663282768894,0.23197848933532902,2.977252440242358,0.03568774478750982,0.06189514263316593,,COMPLETE
2,0.28418020009994505,2026-04-26 22:25:35.591010,2026-04-26 22:25:50.461898,0 days 00:00:14.870888,2.944808736192367,0.06203307382221114,0.014766179636293827,0.05756757051853189,0.21780550804702253,0.38095015276877664,0.020775467644626962,0.02777883318580174,0.1537168439661694,0.347935103963624,2.3233050560402,3.2556107931756912,0.017953482393100698,1.1042691903147244,0.012287994122381098,0.03307982168695267,0.013208903291488992,0.19430323280754822,0.13973435481809945,0.08980396145212272,1.2691074590224087,0.6031361827702159,,COMPLETE
3,0.2410990357398987,2026-04-26 22:25:50.462553,2026-04-26 22:26:05.125009,0 days 00:00:14.662456,2.504794286595654,0.013112458267449344,0.3595602002937009,0.04713690209606068,0.03026930036596885,2.7837652406547986,1.433589184554884,2.1300728049858955,0.06472781098280617,3.3336297877093815,0.25830199795545344,0.016992716001270596,0.07023102997897039,0.22555278332923134,0.0538280252973281,0.2645897066087625,1.0397815515249116,0.0847800284875283,0.0508237211190678,0.5295692135241444,0.03235632323363436,0.10265063139897682,,COMPLETE
4,0.3423157572746277,2026-04-26 22:26:05.125646,2026-04-26 22:26:19.470358,0 days 00:00:14.344712,0.015583629913406043,1.7613549849047592,1.0159953297230413,0.023264476670468645,0.03289047341086718,0.6906932535689185,0.06444580566252933,0.7887155174270656,0.015630945442467785,0.0103363898288143,0.4559978430558952,0.08565433161418981,0.4186577340062866,3.6977624987436277,0.7915512627905748,1.0219442812213726,1.3239743075238677,0.07016919788878147,0.01463466010990014,1.2228260128549349,0.020021575262768883,0.07261335641779498,,COMPLETE
5,0.28342065811157224,2026-04-26 22:26:19.470988,2026-04-26 22:26:34.247919,0 days 00:00:14.776931,0.01908710073598462,0.06576171359879222,0.01164506971141083,2.0350766965371685,0.2887200470605762,0.2291828846718431,0.11690712628017709,0.1295649042783456,0.020473467459225295,1.0141515379300494,0.01586011541944675,0.012072038911921875,0.21053846305990154,0.7176384918804164,0.039386424062303534,0.9541317262551526,0.19270179726520856,0.9246755813239991,0.04453211640424349,0.1693290859658773,0.45287471028515647,2.299018210227776,,COMPLETE
6,0.27822266817092894,2026-04-26 22:26:34.248652,2026-04-26 22:26:49.609937,0 days 00:00:15.361285,2.146264884823076,0.03918329619089782,1.261849974117012,0.05674801345779978,1.851794269227867,2.1013193506441943,0.01042533119618593,0.25316337066614586,2.624998533959882,1.2336812308262843,0.03783884290384859,0.06721467751926079,0.12922903127033172,1.2670031885723938,0.12193502488280102,0.444789547854295,0.030582042379819332,0.2133020953503124,1.736491308842504,0.026272866636817185,0.019335780609989174,1.344384494019861,,COMPLETE
7,0.286649227142334,2026-04-26 22:26:49.610628,2026-04-26 22:27:04.363764,0 days 00:00:14.753136,0.06066014054905271,0.38558751697263194,0.1967299324945739,0.020506751877592867,0.6749902600138209,3.194078606344438,2.3086724656212416,0.04520147829844476,2.8412380097890186,0.08834582690069664,0.18775237750024287,0.05510259529748392,0.20323615727991176,0.06934152975857136,0.02382457431409603,0.22383310575009013,3.377810471694853,0.0420101673086063,0.053095145628575674,0.07559532351648754,0.012473319589497961,0.013612904539273102,,COMPLETE
8,0.25894415378570557,2026-04-26 22:27:04.364415,2026-04-26 22:27:19.121229,0 days 00:00:14.756814,1.4911014908486375,0.01276730885258838,0.01717668685904471,3.6704694361958627,0.7849872913799296,0.4451253351612588,0.21502891266850244,0.2478094534209653,0.5609666162225636,0.09057196188690161,0.02842574846701307,0.0683422028389987,0.34477747648713447,0.9589145969264992,0.4772855711904911,0.0415285861453365,0.44187324278782786,0.03884683087635712,0.011044918764950076,0.04264246853679334,0.03057259854611157,0.5795129128967267,,COMPLETE
9,0.20470266342163085,2026-04-26 22:27:19.121910,2026-04-26 22:27:33.763336,0 days 00:00:14.641426,0.2783978128306901,0.01746863567064313,1.3380156438818027,0.6278580181094373,0.01973626235861821,0.04690072860750064,0.07623876546557255,0.5215765785224081,2.7379633243924455,2.547465249153097,2.1594080460121554,0.23888153403935386,2.160773412383061,0.022794902908646685,0.7744265389525659,0.07717472781466836,1.9181812003222183,0.08103343755381391,0.44398466740717546,0.10146320388635473,0.04259064037211815,2.202631277875863,,COMPLETE
10,-0.022729575634002686,2026-04-26 22:27:33.764022,2026-04-26 22:27:51.902404,0 days 00:00:18.138382,0.40425330634506734,3.8152101605436495,3.767749563413172,0.4358130189105798,2.3003729353727658,0.0399758078245521,0.7597985881459819,3.8210893112878783,0.576608209557043,0.3807144711781948,0.8594458763713801,0.5204617935861248,2.7188680243821035,0.07989632941578506,3.1856792353355625,3.528231553906276,0.1333718629852768,2.7286394535044707,3.9412041208557844,0.010365852620253746,3.754438913185465,0.3102683787254113,,COMPLETE
11,0.346627414226532,2026-04-26 22:27:51.903235,2026-04-26 22:28:06.284963,0 days 00:00:14.381728,0.07327229434489747,1.726173658806996,0.3293002369352767,0.012376514401168897,0.07798019431556898,0.9635178911654122,0.4511736826403997,1.1321373467062696,0.011780159275102307,0.01600161557858829,0.4497609990757277,0.6177524520080502,0.8819102081953827,3.876495734690077,1.8823669263097023,1.3592869348756025,0.5447699047471887,0.012424892457752525,0.8328679799259715,0.8390954018229798,0.15870955452138527,0.030342890920780644,,COMPLETE
12,0.21320466995239257,2026-04-26 22:28:06.285769,2026-04-26 22:28:21.441804,0 days 00:00:15.156035,0.09129490358740315,0.6422715509661222,0.12834332594616313,0.2504310665028856,0.08216378598876549,1.1716294802125449,0.5099953210350212,1.3595499183393414,0.04841647912768642,0.04006195453644853,0.13184453811356006,0.6589706100785817,0.951369546566149,3.3273485950580617,3.6010886534551707,2.758666845094831,0.4746562661374115,0.017974226398184096,0.779122767966095,0.5185993471517181,0.16417012656292881,0.010059529752440568,,COMPLETE
13,0.15354530811309813,2026-04-26 22:28:21.442843,2026-04-26 22:28:37.538063,0 days 00:00:16.095220,0.5640128108426801,1.0520756939341924,0.060110150170232045,1.2041277470174763,0.09988526263357828,0.09571194293612262,3.7963192961843895,0.011214030274788553,0.20928346744636997,0.034069092337581895,0.8154974893942907,1.1661551105775323,0.9719966596217484,2.229512728806505,1.394298198491014,1.4108868017213394,0.5465576980818052,0.8341508252165843,1.0965083599526217,0.5694195328497248,0.16513112689843112,0.042812187307174454,,COMPLETE
14,0.1267095685005188,2026-04-26 22:28:37.538719,2026-04-26 22:28:54.620228,0 days 00:00:17.081509,0.10473463890994938,0.18779192061886177,0.5025014979353757,0.0124542277436694,0.6494991620480157,1.167401492674652,0.4234525421337364,1.7947307869261717,1.1492337967567101,0.587370503575914,1.100504451511396,0.3777861571414111,0.7736704466510675,0.43687607021466973,1.7547976375146823,0.5138183143400588,0.06751299221107136,0.010780152913579602,2.7156845241922123,3.437076408462978,0.3869320036089839,0.17027742583488165,,COMPLETE
15,0.19019986391067506,2026-04-26 22:28:54.620964,2026-04-26 22:29:14.773467,0 days 00:00:20.152503,0.7864754373603994,3.0977809413110187,3.9831033598568566,0.13588621954454594,3.9398195712628548,0.12936267050419786,0.868347752995728,3.8472611868088387,0.21533303730604075,0.14420568044479637,0.1166631019155511,3.876774645229277,1.6754175242110203,1.8186810584892976,0.2136945941347542,0.11264360639270778,0.3183667077678576,0.6638379210668481,0.41602289263924824,1.3125401802906784,1.2172068962744174,0.02424585836249016,,COMPLETE
16,0.28076701164245604,2026-04-26 22:29:14.774147,2026-04-26 22:29:29.570826,0 days 00:00:14.796679,0.05042499336263688,0.23394292151772078,0.08953779843499085,0.6104148447311681,0.0952127778280546,0.012809222403145387,0.31553257721755096,0.11144718626561971,0.044689056820376334,0.028773922508094983,3.7672106585043807,1.242002773092581,0.48646938527141464,3.973102068930777,1.7503431830350171,0.010567898448605667,0.8249644610278921,3.4745880342697086,0.8513967463861438,1.4268473907990549,0.07913431009071867,0.79818852524301,,COMPLETE
17,0.13341007232666016,2026-04-26 22:29:29.571468,2026-04-26 22:29:45.937222,0 days 00:00:16.365754,0.15877902403384306,1.2641095351683143,0.5076261539843296,0.2172106272595649,0.29645114339939677,0.8824767667462639,1.3666486591265354,0.41951913781389744,0.010840501965188475,1.472126309047123,0.06636934833890534,0.1546768750350071,3.3424762347766657,0.010558245087074678,0.14992860788843165,2.2605117338223644,0.11346263413044887,0.326449312510275,0.15574279213698666,0.37117615729198356,0.6649859809315929,0.2686104193767871,,COMPLETE
18,0.1160680890083313,2026-04-26 22:29:45.937893,2026-04-26 22:30:03.582812,0 days 00:00:17.644919,0.04132080694114399,0.6382258192629217,0.0421188344229561,1.319644826611206,0.061947453798653906,1.6654261278146274,3.9590754606896956,1.140267417312295,0.10807976866984981,0.23968671481070827,0.5670619548925041,2.0975401403892113,1.246839621192968,0.5472767834877391,0.739404268391609,0.513537111568549,3.775455537957368,1.8327116144433258,1.703620316454085,0.2777043372248742,3.652270525578723,0.024668823277103694,,COMPLETE
19,0.36744401454925535,2026-04-26 22:30:03.583482,2026-04-26 22:30:24.823829,0 days 00:00:21.240347,0.9920577521644426,2.180679642795752,0.3101698591239469,0.37394830603446894,1.280071182821224,3.990434179120454,0.8317320343278195,0.36267636393556346,1.1858992514212865,0.6302200535313919,0.31622542970846745,0.6986012020345889,0.06696283250377551,0.10819380207374073,0.2761250281415036,1.6162170229295743,0.29434447245961315,0.4806277837321549,0.42237555749096634,1.8684625860673714,0.09294722346603926,3.3472135332538615,,COMPLETE
20,0.25983903408050535,2026-04-26 22:30:24.824453,2026-04-26 22:30:45.270353,0 days 00:00:20.445900,0.9948044277185298,0.2104933854007668,2.1841458656730057,0.5021196312547225,1.4980809356251041,3.1817711254835928,1.630927397695486,0.0759356008602698,1.41208179656328,0.721900376399397,0.27954954430373796,0.24313892684147922,0.05932908950240441,0.0913856856478877,0.2598204813137563,0.7284233515675428,0.04881518453398019,0.4177748551867667,0.33630122204837254,2.1275291786370736,0.08009274870282883,3.544999501106838,,COMPLETE
21,0.002328324317932129,2026-04-26 22:30:45.271069,2026-04-26 22:31:04.650041,0 days 00:00:19.378972,0.34221170346846314,2.283532096427114,0.3725478679219561,0.30917751823740336,0.010010284481846113,0.6595617181161039,0.691670039892493,0.381660544835515,0.3569492514954461,1.838079725645363,0.3721880501233412,0.6011126030532425,0.09982523262851756,0.17120831199595937,1.3032539432936319,1.6874722075323312,0.2687203361209029,1.3485431408194084,0.5857741760748828,0.8910674637375211,0.09088421114967173,3.85192622736849,,COMPLETE
22,0.3445984721183777,2026-04-26 22:31:04.650739,2026-04-26 22:31:27.208659,0 days 00:00:22.557920,1.1953825087899197,1.0094374623065905,0.7669665230784178,1.1495341090320115,1.3216487151034164,3.939257416979963,0.2663399741544139,1.2466040473041746,1.5595794079555232,0.5361530202661328,1.1358035505110506,0.9046935885208185,0.6159878507004249,0.0403801407805131,0.09432046316096436,3.746639951742468,0.7138867521841107,0.46492499330037745,1.3699457656621716,0.8542448003736597,0.2117083315641528,1.2400034613029274,,COMPLETE
23,0.2932405352592468,2026-04-26 22:31:27.209320,2026-04-26 22:31:47.981674,0 days 00:00:20.772354,0.18632643079692987,1.901632806813965,0.2431906611667343,0.1251858133670635,0.41401339166515927,1.6240777848728958,1.0167624883191895,0.8066614681315543,0.3232923093283263,0.19094143748976625,1.6441945091337178,0.3817701789827974,0.036849796355964706,0.17176545237357851,0.3836628063461971,1.550339715521062,0.2535181369287416,0.19833332805451784,0.22675869908071616,2.4351471022957845,0.27252091883284435,1.6115381690843136,,COMPLETE
24,0.1758725881576538,2026-04-26 22:31:47.982383,2026-04-26 22:32:05.450847,0 days 00:00:17.468464,0.026478676971063136,0.5727314668503803,0.23264497344335958,0.8327112999269571,0.14440678462405096,0.23294974732718254,0.3822625262489114,0.33438598828993266,0.8284588678161626,0.9360736842387195,0.5102775900295445,2.5923329740326255,0.012168076737156976,1.7196455943066584,2.603561379680878,0.3955672907176747,0.1547896923320201,1.5056650633960262,0.6522915392169458,1.9877368497069479,0.11815124227761747,0.8608078001849745,,COMPLETE
25,0.25513577461242676,2026-04-26 22:32:05.451526,2026-04-26 22:32:26.335647,0 days 00:00:20.884121,0.5327678811207011,1.3329853415070092,0.13912788582191057,2.3890484775904657,3.95272686616932,1.9317923781652597,2.077836199045243,0.13344985142411492,0.02716375415574416,0.3738437953187532,0.13571014489822478,1.7409764337160327,3.9649226870048695,0.291448867310425,0.8542816395654722,0.8561260437699512,1.3719265299989398,0.13058621005466906,0.11652401340229204,0.17147472920848442,0.9142527547813837,0.4781210778365508,,COMPLETE
26,0.2873208403587341,2026-04-26 22:32:26.336301,2026-04-26 22:32:46.900560,0 days 00:00:20.564259,1.7650913110319086,2.6176777511629195,0.7113695582812283,0.31501801039790117,0.9156563181220281,1.1223228370665868,0.6433049709314975,2.45901092287144,0.10086009771039689,0.08389439282708397,0.06536965189715017,0.8508491734881843,0.3043673064215191,0.13421232098133884,0.517751284600134,2.1462501507909937,0.3918397474697998,0.5554126299516011,0.31516606485791343,0.7729777005751761,2.1025918829312635,0.14487414770119414,,COMPLETE
27,0.1412392735481262,2026-04-26 22:32:46.901218,2026-04-26 22:33:02.917069,0 days 00:00:16.015851,0.7469094371042544,0.37656135574608024,1.9422425019476937,0.010677298441924742,0.0482562007143549,0.4691470337226846,0.13415070999774745,0.594373090610352,1.745772120738401,1.7842193505799904,0.735497003477554,0.1421789530725934,1.528857140532711,0.03956562192906536,2.1402760101792584,0.14528005364873678,0.7082812195252878,0.020565426071821467,2.1974545268334986,1.565958985563758,0.05947203755193223,2.1161814463811623,,COMPLETE
28,0.23048839569091797,2026-04-26 22:33:02.917693,2026-04-26 22:33:24.143987,0 days 00:00:21.226294,0.15423324269206573,0.11220519794800947,0.33293785994498953,0.13526889916026846,0.455670877054486,0.1326811262847488,2.451081664011589,0.18475969200641054,0.49504873829535906,0.05711172209769034,0.32410325549792124,0.3279922819423322,0.1398548449052518,0.6943047372846258,0.2761823898510235,1.2548642538452548,2.342162973940873,0.27921182058085425,1.1404114411531645,0.2896640998407351,0.35166407585165144,0.4042199298124605,,COMPLETE
29,0.22348239421844482,2026-04-26 22:33:24.144606,2026-04-26 22:33:40.729948,0 days 00:00:16.585342,3.6204840454150475,3.934132564218569,0.6831320217316286,0.02830519117532197,2.612007242073268,0.6372533946612913,1.01907005270503,1.0306947968979372,0.9310414581177838,0.021054483055318124,1.362525845608879,1.680709209603503,0.03445540101593082,0.33499962997881977,0.36908663322506374,0.6428804413141896,0.09000282005304035,1.283840258912036,0.5657700321612839,2.4734751284955774,0.6144226388227083,0.048569489309582006,,COMPLETE
30,0.19294523000717162,2026-04-26 22:33:40.730616,2026-04-26 22:33:56.634949,0 days 00:00:15.904333,0.010876425666552622,0.8135909526042744,0.03131098646971446,0.08619762570923244,1.1267928567636403,2.2777248594270114,0.18451597265720066,0.7539229982734814,3.6370308708089385,0.015558623209628584,3.932396889662951,0.9532025350219915,0.060806576641091924,2.8567301445497377,1.0939722825678568,0.3293824167752245,1.1863539271608001,0.13149733186580972,0.24253447571738115,1.000362142133227,0.1253728500959054,0.9914979156300936,,COMPLETE
31,0.3273345112800598,2026-04-26 22:33:56.635616,2026-04-26 22:34:18.462716,0 days 00:00:21.827100,1.3191915692942033,1.5565950778050746,0.8432756881971868,1.7533533722131016,1.3073327733531304,3.9897852882412566,0.2650439532388969,1.641994142965153,1.7416348191413142,0.5031794839211274,0.6288046177885696,0.732761498891068,0.58185425875391,0.03894238617274994,0.06906539113289487,3.4302251006813345,0.6795045234645916,0.4716813076370997,1.2792167984009788,3.44975597985578,0.263073350276738,1.1612422252546188,,COMPLETE
32,0.2875620126724243,2026-04-26 22:34:18.463417,2026-04-26 22:34:40.311774,0 days 00:00:21.848357,1.116777981155876,0.9600491432427837,0.5766874879337716,0.9250627427405425,0.17338177932151255,3.7097602076131517,0.4913477151663056,2.7390070604897123,1.8731392568463332,0.7172853946203013,1.1355268174739395,0.5029941568185526,0.6858910287093682,0.045831383401262235,0.09318049208804396,3.6722224303003848,0.887599807325759,0.8385386980302638,3.709176622305383,0.7299650863279279,0.26153540843347056,3.258175059676037,,COMPLETE
33,0.25567578077316283,2026-04-26 22:34:40.312412,2026-04-26 22:34:58.599106,0 days 00:00:18.286694,0.2555237609562042,0.3979733184612277,1.9236009097189581,0.3843635152638898,0.48980764729120574,1.3915162397500112,0.04091040632119755,1.2737885537600286,1.1095808473646505,0.21825394968455616,1.9152309007813837,1.1491640241252297,0.30786977970225643,0.11768237585052232,0.029637265793902,2.0921797361084815,0.34330526756744095,0.37661203974652924,1.0220449790808628,0.39100201740802626,0.05279951673333079,1.5567076953654546,,COMPLETE
34,0.2724355936050415,2026-04-26 22:34:58.599882,2026-04-26 22:35:19.614424,0 days 00:00:21.014542,2.2043366649638814,1.975828190417563,0.35484890239117467,3.6469838454288257,2.144171606132533,0.29990727956347696,0.24925295613430654,0.5663347940258187,0.618099735326893,3.731324918246059,0.2079751600314564,2.5812298875173383,1.2209880614897215,0.022382337108799014,0.11861604492279114,1.1404198605017601,0.5802696315862341,2.054001978855295,1.6124454748030763,1.6613098203501782,0.18697095223896223,0.7048642288002137,,COMPLETE
35,0.19203845262527466,2026-04-26 22:35:19.615218,2026-04-26 22:35:37.352186,0 days 00:00:17.736968,0.5357812137826997,0.8293575652848074,1.0555707060966077,0.8149310657303391,1.057127002798673,2.598315357192005,0.1303890078073528,2.0264830272264365,0.3617591110792662,0.3120171133805396,0.40166356067653014,0.9189710087969134,0.023189438965467,0.019636831405275335,0.06384437062084379,2.5892546387036597,1.5390229060128768,0.6299685264846301,0.10439502648297568,0.9535035305378617,1.8531787983877441,0.11708078907712904,,COMPLETE
36,0.06546765565872192,2026-04-26 22:35:37.352889,2026-04-26 22:35:54.572149,0 days 00:00:17.219260,3.979920240164652,1.3010630135097196,0.14865320560561213,1.293777536639984,0.23509237642994688,0.8077616523601826,1.288059124031322,0.837020609865882,3.90215177146262,0.5174380403406293,2.7221675383491473,1.5501109413206746,1.8131928278474307,1.1851945900370653,0.011035708551119409,1.7213357685227024,0.011689755164604432,0.12949048920078252,2.239128593729754,0.6743279989019537,0.5696693212985006,2.7044145824664887,,COMPLETE
37,0.22693991661071777,2026-04-26 22:35:54.572794,2026-04-26 22:36:12.913352,0 days 00:00:18.340558,2.67011961481813,2.6415875916579665,1.3982504656585986,0.038113468011603625,1.5124187082010252,2.8129172541793244,0.5298514235787528,0.2826720705397168,2.2908057501955996,0.13986738588636527,1.0823375194196665,0.03782551173494491,0.46498993181700576,0.05713964189538063,0.18441588843325207,1.0032601642255157,0.22531174285026773,1.1021835126907922,0.5257307638514129,1.2033479039700843,0.12743026005247865,0.0711859370386887,,COMPLETE
38,0.12346675395965576,2026-04-26 22:36:12.914025,2026-04-26 22:36:29.054937,0 days 00:00:16.140912,0.8504910114694607,1.77803386366108,0.30121807023873765,0.08350729481606428,0.04054637040584612,2.052721226433667,0.33547493512256316,0.4501178762179318,0.151125439998849,1.1300789075031605,0.011414561249112448,0.45625412806189064,0.16551432574189243,0.2361426936788316,0.6307387565797312,0.6390090837544701,2.5072752442619044,0.25334572708679637,0.714230857200291,0.4478225099965226,0.026601803541116298,0.24143224102442346,,COMPLETE
39,0.195042622089386,2026-04-26 22:36:29.055616,2026-04-26 22:36:46.600564,0 days 00:00:17.544948,0.10464452544869521,0.5497201930528711,0.4273609098760325,2.666731042284959,2.903702563722543,0.5042816743365629,0.06779198964567906,1.0169897497820934,1.3335166180679983,0.31052608883637434,0.2338949828896415,0.25419475020118065,0.24111587921456523,0.03058071950643926,0.016564195616224135,0.28181254201979994,1.0229425185119134,0.046456543250132425,0.0768602992554436,0.21709378247966862,0.9182234993946221,1.8262235542287346,,COMPLETE
40,0.1120147943496704,2026-04-26 22:36:46.601421,2026-04-26 22:37:03.740055,0 days 00:00:17.138634,1.5109351391159065,0.34036242366880576,0.20116433071475048,0.1775188398354172,0.021812045601476128,0.31729034847199517,0.18747125125494515,0.19884624611846743,0.7522249168046883,0.8808569119847346,0.53435400845824,0.7751761820111297,0.09307283044482247,0.9171977117044131,0.10155399987060243,3.007580396694945,0.4276074657441268,0.02912523183368028,0.3300589228098075,0.11615369624739891,0.05362866588813458,1.3640135695083273,,COMPLETE
41,0.37991622686386106,2026-04-26 22:37:03.740668,2026-04-26 22:37:17.827406,0 days 00:00:14.086738,0.012081966740031954,1.085891171460792,1.134385713121447,0.01706845437543349,0.03278432409428111,0.7083852374344776,0.03061635860117231,1.5180969200180483,0.01463160768442504,0.012112627624499914,0.43809806687638425,0.10763891921713238,0.470301510709293,2.9323811310747367,0.9693729390520126,0.9381737886701157,2.0295159295683014,0.07273830353364345,0.01219493258385548,1.139894995321281,0.010677272822130908,0.07084126325101882,,COMPLETE
42,0.3612691879272461,2026-04-26 22:37:17.828074,2026-04-26 22:37:31.886686,0 days 00:00:14.058612,0.032230111102752486,1.0444144960579895,0.8577876909482539,0.01829743838760043,0.030222262681106254,1.0187392950474043,0.017042523844343228,1.6123021802329864,0.010509107788472126,0.014652366504170102,0.39829090050796834,0.115679527514498,0.7342844474174549,2.2665143257300557,1.1252054699593645,0.9117853161392948,0.022185723238976697,0.010451901676149074,0.025117545877892247,1.09507995983903,0.012300387821084714,0.024657050622728015,,COMPLETE
43,0.36195156574249265,2026-04-26 22:37:31.887373,2026-04-26 22:37:45.672836,0 days 00:00:13.785463,0.02370270077312641,1.4385070969945464,2.831387008457286,0.01541356639483173,0.012183574768573641,0.9533818261842791,0.016483830827943236,2.7481295737227645,0.012092615941530757,0.011082261668661702,0.16860238149411033,0.10564378173586166,0.968697301629674,2.4736027880108478,1.1330861462596602,0.8716985342642486,0.019654017327088453,0.010708613603813458,0.02155026473079012,1.1299070760743417,0.011916434576446784,0.028142359992564824,,COMPLETE
44,0.3711370587348938,2026-04-26 22:37:45.673501,2026-04-26 22:37:59.602136,0 days 00:00:13.928635,0.023335826548899003,2.9758847793394296,2.7801501434298643,0.015356804466029765,0.01459399206833605,0.5899368631246661,0.013826554381697985,2.9498070399453002,0.018485207864181414,0.011751901861967392,0.17084304523308774,0.105838889470406,2.441669282362441,2.5918810933213536,1.0892258859750332,0.897963203097811,0.01937755051903078,0.015169161305082642,0.023236979220929186,2.778773554557224,0.010196904466353152,0.018027880669791017,,COMPLETE
45,0.3834673881530762,2026-04-26 22:37:59.602759,2026-04-26 22:38:13.545964,0 days 00:00:13.943205,0.01556061631651547,3.3139458745508663,3.0227757305121856,0.015912441758334898,0.011744042184401338,0.6048988810954423,0.0244581216785289,2.9957854701005804,0.025245058469249775,0.011820457475387102,0.17266625784624917,0.042513825232664816,2.4245126769362404,1.4977799870553619,0.9873163721781526,0.21928313929383994,0.015224498930857523,0.015675432308604517,0.022219093225517496,2.8360873743939274,0.018742392320681023,0.01599701650362923,,COMPLETE
46,0.3573746085166931,2026-04-26 22:38:13.546638,2026-04-26 22:38:27.503258,0 days 00:00:13.956620,0.014158278260930876,3.0391298060978857,2.7333177067647134,0.032921419984591235,0.015754717864443896,0.37989160966142993,0.032653585454105495,3.1359610176392017,0.021999490657501366,0.022762119708712017,0.06730360194864454,0.030933109966701556,2.480720372034281,1.3932857181824354,0.5576736302858066,0.04252115180491894,0.04600774960154025,0.016161702958758083,0.010396823059478397,2.7605805307641664,0.017337585890129046,0.015560381333162858,,COMPLETE
47,0.35363543033599854,2026-04-26 22:38:27.503953,2026-04-26 22:38:41.456471,0 days 00:00:13.952518,0.010466685341764466,3.054571529745507,1.6337549980320685,0.04908432791650332,0.01594974590185788,0.5562422191131501,0.01024838451999284,2.037943578871092,0.01699026370901771,0.010259295982973473,0.09422574443672216,0.053977424018914096,2.0295024981064214,1.7245068740033118,0.9013564092789743,0.1826767396974824,0.018867694823297355,0.020936293917942352,0.017969003780337216,3.5935140697640966,0.016237168336354146,0.016469031549706567,,COMPLETE
48,0.3343355655670166,2026-04-26 22:38:41.457091,2026-04-26 22:38:55.848102,0 days 00:00:14.391011,0.015456363529296227,3.7965177295548536,2.908997904403837,0.021026215309913273,0.025787759071818437,0.19171713656847147,0.028593505763708203,1.5775276542520578,0.037974116749298674,0.023641769815156578,0.2800861557687595,0.019518795004606248,3.034987764070818,0.8258515065741441,2.4025925320846753,0.06398491277297833,0.01391465106114471,0.028313323160158554,0.027071067026082668,1.7867053605464207,0.025659454200428793,0.042238848073561625,,COMPLETE
49,0.2644405484199524,2026-04-26 22:38:55.848726,2026-04-26 22:39:10.327668,0 days 00:00:14.478942,0.02020044994217985,2.3898484122556383,1.312010468864992,0.026925062816187277,0.017003815224240392,0.758539674803312,0.01409007952901612,2.999140357520412,0.026807688012468522,0.04273631294618322,0.16983407960218405,0.06948350498511147,1.2863343592508882,2.881797566958677,0.3371112713303316,0.3911127326584083,0.0284039922186892,0.058173700344318006,0.04613677379979967,3.1343464615909093,0.036031253634256195,0.09266101852412134,,COMPLETE
50,0.39822001457214357,2026-04-26 22:39:10.328367,2026-04-26 22:39:24.201518,0 days 00:00:13.873151,0.01293173397444975,2.4376761780164644,1.0828063402118404,0.015620315516732187,0.010243288697186577,1.4374065252495032,0.052930726426829305,3.3712014250951428,0.07349440745702743,0.018867314498604328,0.049485857873306095,0.04019325274313115,0.3905259604543384,1.4580268896723438,1.5536206906680896,0.022728994291916427,2.8805648701032585,0.030984843872333044,0.01541713007823722,2.1114213390218306,0.015009730674425875,0.010287689135840036,,COMPLETE
51,0.4048417568206787,2026-04-26 22:39:24.202250,2026-04-26 22:39:38.100260,0 days 00:00:13.898010,0.014376662145438443,2.1143981417603555,1.0814860001067625,0.015270474640168015,0.011639422769219684,1.559565958341873,0.04778376137327623,3.770604019412162,0.05703968005128478,0.01899008204110388,0.03326785987461559,0.04231600769263599,0.3856587495272846,1.2924752171836587,1.5147762846356772,0.015221364158030687,2.9435217356182575,0.015213073838648174,0.014021075634517518,2.1284440751937725,0.01064722776004347,0.011101930684499378,,COMPLETE
52,0.4131824016571045,2026-04-26 22:39:38.101056,2026-04-26 22:39:52.009129,0 days 00:00:13.908073,0.01399956221964642,0.029110337645030984,0.972723376397156,0.015192449541054694,0.012394062339866547,1.3962597834506612,0.039390065547966216,3.652335378771678,0.0652686791350594,0.019552097236037926,0.031566793371814936,0.03473661967257294,0.35339485205753196,1.4283116742477866,1.5478568243540354,0.014120101967970897,3.135075098416979,0.014338172436895377,0.014095802193930636,2.5559418056532466,0.010821460366265277,0.010644358481202602,,COMPLETE
53,0.41522152423858644,2026-04-26 22:39:52.009778,2026-04-26 22:40:05.835338,0 days 00:00:13.825560,0.01252727080241211,0.027640060581525953,1.0892525391944012,0.014122936225665458,0.011395729290618793,1.2918049134242782,0.05038508659794071,3.5725105610939574,0.08625439606645591,0.019897778928075604,0.027778897890894837,0.023696099377667916,0.37301750124847893,0.6086518839732291,1.4795596214540188,0.013839939387075229,2.9473901285297948,0.02722435880164734,0.01360144745307227,1.4255274226732186,0.021446724356530174,0.010082960227318107,,COMPLETE
54,0.40445542335510254,2026-04-26 22:40:05.836019,2026-04-26 22:40:19.726539,0 days 00:00:13.890520,0.0182082491847993,0.02632385756743652,1.0018214395869849,0.010275825283015716,0.010509101930860769,1.3688177729655293,0.04991002069499943,3.886272354947346,0.06422027312103942,0.029517840171754874,0.02564104330162583,0.010492078299241937,0.36842932050187976,0.4807456581245932,1.5129283499190664,0.01331043398861692,2.9549240433873187,0.031385815149150696,0.015055986724714723,2.140519000627048,0.021377967266219915,0.010713591181817328,,COMPLETE
55,0.3794189810752869,2026-04-26 22:40:19.727214,2026-04-26 22:40:33.547404,0 days 00:00:13.820190,0.03099581805961193,0.02138449903183354,1.57671322261638,0.011003367127346439,0.01052390456403102,1.4488737228259456,0.04973999957302048,3.9639561896238087,0.06550345462115835,0.017911068872159187,0.03221061032087349,0.010115775542953042,0.3794813192751146,0.5300990357302356,1.5774593749228532,0.015817798285801342,3.089071658095913,0.029260016767948656,0.03558551146678558,2.1747109760005356,0.014011157707421906,0.010251017865168084,,COMPLETE
56,0.333165180683136,2026-04-26 22:40:33.548023,2026-04-26 22:40:47.724798,0 days 00:00:14.176775,0.018405414830559925,0.039134208833914975,0.9673875048555265,0.02368023436236395,0.021059062745140928,1.7687085750684792,0.08839032132360324,2.2533050662958205,0.07247336170052666,0.030298310168625827,0.02054306544752505,0.01785706189811729,0.27927539213240404,0.6532611602279309,2.9510608194182875,0.020620951100573912,3.011193973169912,0.03718993867407235,0.015013582268417302,3.9470529526997,0.022086530540505512,0.011770441290457609,,COMPLETE
57,0.3621095657348633,2026-04-26 22:40:47.725683,2026-04-26 22:41:01.772187,0 days 00:00:14.046504,0.041624826694966685,0.05568403803632507,0.6059574602418192,0.013229899554339742,0.014432822983024826,1.3983029119088197,0.05159244519667613,3.945357482228653,0.08668688909886975,0.0507238569323333,0.042784865603302094,0.023234798964689135,0.20542999525147077,0.4888059473813544,3.845176960808772,0.010612207208771152,3.894299034655314,0.024583411495627268,0.01399740396746921,1.50357074190572,0.014385128444919458,0.01889353739549764,,COMPLETE
58,0.3620226502418518,2026-04-26 22:41:01.772848,2026-04-26 22:41:15.977117,0 days 00:00:14.204269,0.012922224374609504,0.015587390960820971,0.47348949741799984,0.010286746634311384,0.02506087151554728,1.2403638331917504,0.09471078645489174,2.096797159375759,0.051740851957086914,0.02640132691236963,0.02231681597887878,0.012472915818414802,0.3717732398681323,1.0070535440131627,1.4962050124053392,0.027949564974005615,1.7008697528509427,0.013215996242656519,0.030974737482399265,2.146069275094364,0.03475746262298419,0.01284198462830807,,COMPLETE
59,0.3449775218963623,2026-04-26 22:41:15.977784,2026-04-26 22:41:29.786056,0 days 00:00:13.808272,0.01797999413077471,0.021485444750408582,0.9850625942953506,0.040942737208812106,0.013065537889360435,2.4101550174603354,0.054820002752341404,3.380421541188096,0.13795240108293008,0.0357510376987678,0.045682041310348455,0.028858086443556367,0.6092011151765214,1.1336109571253807,2.0006270876570644,0.014241853166113549,2.490859258319031,0.10030703160926323,0.018406636936005655,1.4682981561258135,0.022285002881185928,0.010080144595906596,,COMPLETE
60,0.41949068307876586,2026-04-26 22:41:29.786661,2026-04-26 22:41:43.397461,0 days 00:00:13.610800,0.010316896512907034,0.010693969507242222,1.7029259740249252,0.013153646537142594,0.0193930197001918,0.048938831266478834,0.04038500457674776,0.02478875456609852,0.035216795394171115,0.018048581943845458,0.017767496706771847,0.015252104260565521,0.23539004917764147,0.6326487493241781,0.6779908684159962,0.019138051005842642,2.085992183315309,0.037038954654530616,0.037086793759859946,0.04352782155050507,0.015435113581102406,0.021047233196482478,,COMPLETE
61,0.4188291668891907,2026-04-26 22:41:43.398110,2026-04-26 22:41:57.167231,0 days 00:00:13.769121,0.01011561529817284,0.01032969614171271,2.2351577326331595,0.014145392102441045,0.018754774408339076,0.028910421531777353,0.03970195299474908,0.020010496658506457,0.052953200486472146,0.018068270904013438,0.014378147250060218,0.013004031108714694,0.17530398350670717,0.39988558703434907,0.7055693803550421,0.02070862124339604,1.970201144452722,0.03511993077916085,0.016606205321498202,0.044722879590621496,0.014342064163422204,0.02083497879233846,,COMPLETE
62,0.42109739780426025,2026-04-26 22:41:57.168013,2026-04-26 22:42:10.993283,0 days 00:00:13.825270,0.010322448686719048,0.011036962205640839,1.6375462975564379,0.012577386967025952,0.01793567703196456,0.03100726917042563,0.038930210125608745,0.01772132532102188,0.03567351124996412,0.017602624080365073,0.015967102440434162,0.01426418839416119,0.1713091237081656,0.355336688551683,0.742936161148973,0.0187643316121401,2.037476107737384,0.049174086710453827,0.016424975303821317,0.04385896631909799,0.014052787022866973,0.020759750214537093,,COMPLETE
63,0.4278229594230652,2026-04-26 22:42:10.994055,2026-04-26 22:42:24.905662,0 days 00:00:13.911607,0.010340456528854727,0.010499887689365205,2.268354955974684,0.020469748858438674,0.019444521325266837,0.02393242556480829,0.042523735605796614,0.019383627912274045,0.035148664556761355,0.017679740885955003,0.014424074480866902,0.014164830535938056,0.16767046450544035,0.39796516624735145,0.6887400505297112,0.016518382449100043,1.9981684337780274,0.05232339941538595,0.011911861189080782,0.04102870995434548,0.010092114354214893,0.021223807770820797,,COMPLETE
64,0.3962915539741516,2026-04-26 22:42:24.906337,2026-04-26 22:42:39.110007,0 days 00:00:14.203670,0.010259276816007011,0.010760383659890231,2.2965102994918527,0.012938581091644877,0.0430757174663278,0.024493504690866124,0.037168743601870995,0.01881147620287993,0.032688788093863407,0.01881841905057975,0.015496171343324426,0.014215595156238698,0.16632546850602994,0.2714825261572741,0.7049078613829778,0.017682644495707684,2.0046357004295725,0.05227385866313136,0.03661800390688718,0.036712089087330826,0.012848018432703221,0.033064502477102437,,COMPLETE
65,0.42039003372192385,2026-04-26 22:42:39.110632,2026-04-26 22:42:53.066952,0 days 00:00:13.956320,0.01031965803101878,0.010196869059804332,1.6489311716462758,0.02050077401094458,0.018046400414427368,0.032365059115044705,0.021289582896873747,0.030757948330827886,0.05373059133820003,0.013781304656245939,0.010993825021069084,0.014652635984299882,0.11343993579465618,0.4109420079557623,0.43538234869686415,0.030834319235272956,1.3262360492696426,0.03927150694645219,0.010265933567175633,0.01882077339830382,0.010168367415939898,0.0205958885617353,,COMPLETE
66,0.41594672203063965,2026-04-26 22:42:53.067627,2026-04-26 22:43:06.960377,0 days 00:00:13.892750,0.01008877263304465,0.010005380794971963,3.6353845210415456,0.021147100352212293,0.01750378753503902,0.0377593431972512,0.02140707303097121,0.02854581123979057,0.03473505055287104,0.014115971574816706,0.010396156139623266,0.022690790082594673,0.10913772367170774,0.3566789599616077,0.505499435936982,0.03761487073388066,1.2563392802895121,0.03893538650573516,0.011406216681472554,0.016447182538560597,0.02701589621361483,0.02004524696323532,,COMPLETE
67,0.3952529072761536,2026-04-26 22:43:06.961050,2026-04-26 22:43:20.942645,0 days 00:00:13.981595,0.010057175571779752,0.010114359308233345,3.8163660808461533,0.02317306038240898,0.02586228051101552,0.03951100173625382,0.022076073353907197,0.030828303919467278,0.04132700750812359,0.013267592063136694,0.012005690467495894,0.014513890566832862,0.08638109083414995,0.3767327618789555,0.4467283577164294,0.0408975937286204,1.229706924876154,0.062441921244858485,0.01061430535610388,0.015778818158163923,0.027466167647651776,0.020911022614542956,,COMPLETE
68,0.36310765743255613,2026-04-26 22:43:20.943432,2026-04-26 22:43:35.264542,0 days 00:00:14.321110,0.0218517599787991,0.014007579583801645,2.2247491206181893,0.06102158875402603,0.018511975148024745,0.02050399579496558,0.019852045412382505,0.01135029908737243,0.03615464528423053,0.01566809897363764,0.016585678495896077,0.023024394911627222,0.12249993107412802,0.3693026592716235,0.5479726778023406,0.031055472067366238,1.5591120254228341,0.03843428767122914,0.018831811119134935,0.05833042913938555,0.017536146293288188,0.03560607153707854,,COMPLETE
69,0.34169005155563353,2026-04-26 22:43:35.265649,2026-04-26 22:43:49.708778,0 days 00:00:14.443129,0.031034620429914225,0.011842684411536318,1.7146171232138372,0.029928406539719416,0.05744693942353634,0.04962783368246506,0.026747196859153895,0.02088320200771111,0.031025452287838304,0.06901797679865987,0.017370098717606034,0.021698672258944646,0.17383513025496264,0.20191655120906368,0.6775085068282269,0.036643854301932455,2.165879986985152,0.0915314206113451,0.01176172348356773,0.022113086941431388,0.03921036088481102,0.021997562622701448,,COMPLETE
70,0.3663506031036377,2026-04-26 22:43:49.709501,2026-04-26 22:44:04.096966,0 days 00:00:14.387465,0.011794414569701426,0.01786722003179704,3.4330760525893256,0.020505991250945762,0.021211941511732956,0.06377775515095398,0.07467569615328523,0.04314367510595558,0.04840608505148264,0.024930492708322916,0.01349034737837487,0.015363717099653727,0.1186345556618947,0.6109199183701642,0.3381621391612301,0.05279161913633346,1.2811561111897283,0.04352637389278438,0.05356333281789498,0.01119534186855313,0.02913484086691398,0.05133639926042359,,COMPLETE
71,0.37792751789093015,2026-04-26 22:44:04.097793,2026-04-26 22:44:18.146008,0 days 00:00:14.048215,0.015896894954505504,0.01337810573965545,1.9576718747234827,0.018952250246532104,0.03652855003412099,0.02742871332168891,0.03832458167229699,0.015292210652851211,0.11476297915661979,0.01356464747136633,0.010412138552678541,0.028645057260519153,0.241431948071469,0.2986067436766442,0.8289956042368689,0.020135514185891667,1.8637372317087686,0.021317628009219575,0.01315797084387338,0.03324905972041768,0.015894777713895154,0.013697811468973671,,COMPLETE
72,0.4251388430595398,2026-04-26 22:44:18.146707,2026-04-26 22:44:32.074276,0 days 00:00:13.927569,0.012939824400233401,0.018849815741426128,2.424711704840074,0.01326521355496048,0.01912249833512198,0.015865914482648655,0.035216979587083974,0.033610238032080235,0.08352019902781672,0.016298480795591406,0.013951990115809512,0.012250760820783541,0.08136255340868265,0.43940602328791445,0.4791850712937634,0.012042878863737201,3.9199230580076243,0.05180765133383636,0.01880890362521701,0.057057735512952804,0.010117947591597906,0.027300950918460045,,COMPLETE
73,0.42157543897628785,2026-04-26 22:44:32.075072,2026-04-26 22:44:46.763695,0 days 00:00:14.688623,0.01164883307257965,0.017734577314573913,1.5062753218714833,0.013161255746079818,0.018852529195461105,0.011269412409882763,0.022113605568392283,0.02959085781274784,0.04435776878946622,0.015716862472515573,0.0189912964937186,0.012766419557718414,0.055174408458497734,0.4141870921992252,0.4201945689877217,0.025401011770068767,3.867708237853979,0.03643668693156021,0.01809048668336103,0.0575934295858822,0.013581101920678343,0.028588492646937046,,COMPLETE
74,0.43884249925613406,2026-04-26 22:44:46.765934,2026-04-26 22:45:00.990579,0 days 00:00:14.224645,0.010119271334713409,0.017638087384541364,2.3996029811086856,0.01188689428259443,0.029199748413398584,0.010093173713410212,0.018686200670279002,0.03104737939764993,0.04348392525547728,0.010024498311864827,0.013354848435459464,0.012844093372817736,0.04764538940813866,0.41807456239756613,0.44741282811984573,0.02382636432917935,3.8374215156817812,0.050408976870440575,0.017490728940710618,0.05909574708131256,0.013371612416632012,0.038259638512062,,COMPLETE
75,0.3998736500740051,2026-04-26 22:45:00.992288,2026-04-26 22:45:15.378778,0 days 00:00:14.386490,0.017741061777105625,0.017127199515722898,2.418780166767086,0.011845816299820624,0.030425729035436732,0.013704058220219086,0.01741221192707259,0.03640897304495649,0.05548386262807933,0.016472598864643025,0.019352485224702363,0.012096772302897695,0.05178971437584853,0.4260779932017704,0.42789826683234045,0.02545210600865532,3.497469335315576,0.0725577490729532,0.018120357735243703,0.0653120811848524,0.013260258657444497,0.028152668871655198,,COMPLETE
76,0.3961271047592163,2026-04-26 22:45:15.380303,2026-04-26 22:45:29.723251,0 days 00:00:14.342948,0.026104006991053395,0.02083881530358174,1.6015675906016826,0.02570643061877832,0.02241830371204415,0.010174641338809432,0.024698744039906857,0.061728821427393395,0.046188717546597605,0.010408787894256035,0.013779011410183683,0.017535033952727604,0.044714392483277375,0.26007170082946807,0.21624601732111648,0.0112991761687825,3.954406706666208,0.04658824762780306,0.028055881068354525,0.05185992541129076,0.012288502357939157,0.03838575404969522,,COMPLETE
77,0.4033965468406677,2026-04-26 22:45:29.725023,2026-04-26 22:45:43.936075,0 days 00:00:14.211052,0.01238558371353944,0.037252190543762,1.438479178741179,0.012356230116304587,0.0559198883054206,0.01742638714192741,0.011837274263993877,0.02305866893983036,0.020884757856861984,0.031225984505871177,0.014235759526979206,0.012907300082697906,0.14721416434724371,0.7921766896067894,0.6067708932459156,0.01832736886560822,2.418083388297324,0.10537481685524978,0.03555387006762186,0.09309742575272892,0.019529938770161827,0.05491611453641409,,COMPLETE
78,0.35805171728134155,2026-04-26 22:45:43.936794,2026-04-26 22:45:58.447984,0 days 00:00:14.511190,0.016260570749502355,0.012196438643120935,1.9869475070375808,0.018927183126300963,0.027782477386365908,0.03154013504154861,0.03233083700865979,0.014347645096352115,0.0425178659701979,0.022942794262893418,0.02461659658512749,0.010115391488711871,0.07654964525742948,0.42343099816353824,0.30213458533672605,0.02532844543592241,1.5386742250715844,0.0519769475028518,0.020625859111192614,0.04475095222711685,0.01553997002615733,0.028970245318390077,,COMPLETE
79,0.36377582550048826,2026-04-26 22:45:58.449534,2026-04-26 22:46:12.404190,0 days 00:00:13.954656,0.02111866701579027,0.016247188553242142,2.4533106951960457,0.03286427174357305,0.018967500357049537,0.015180062236397706,0.013579145935631578,0.06510666669242621,0.030231339234832944,0.04168114205707859,0.018506071048334634,0.015838623300046463,0.08006654289225323,0.19535609569024145,0.4022950374711481,0.09164801110356471,2.515055583900585,0.03609678678309871,0.016994592412739717,0.1177977440181569,0.01167884625548207,0.02421407390732484,,COMPLETE
80,0.4217521667480469,2026-04-26 22:46:12.404807,2026-04-26 22:46:26.371897,0 days 00:00:13.967090,0.012293577425325388,0.013906179540599407,3.226745571125039,0.012590658738276786,0.03582151498637177,0.010745802441036718,0.06048444198672851,0.024667281694998242,0.09184025329249089,0.010005493682393927,0.013495263646560786,0.019522901951443954,0.027115520371030787,0.3179089670102449,0.24045132407519085,0.022022979825069757,1.787106766121847,0.06141258005369214,0.010161555586457384,0.07865754532306224,0.013964750171780975,0.043155570929632514,,COMPLETE
81,0.4326732993125916,2026-04-26 22:46:26.377927,2026-04-26 22:46:40.432850,0 days 00:00:14.054923,0.011584558692812908,0.018761795472014106,1.8352812239937695,0.010020247662168845,0.038735030802027615,0.010498062964341982,0.06625026128406887,0.02310847920441884,0.08637753149122088,0.012475251289015355,0.011920175836667674,0.011746061982795764,0.019117767284254027,0.3151919961772787,0.2522123527410193,0.030492068225046944,1.7894264433805038,0.06464730771811564,0.010381417439100718,0.07888119643847742,0.013184553192126091,0.044031759632047696,,COMPLETE
82,0.45512678623199465,2026-04-26 22:46:40.434642,2026-04-26 22:46:54.522983,0 days 00:00:14.088341,0.01152785235371434,0.02381384374939843,3.33465396298093,0.010210665476356467,0.0704802011720533,0.010669718459044237,0.06279295899779706,0.024953942050512774,0.1258298485150028,0.010084207800552037,0.012403048990148676,0.018171013612348904,0.025160623162109277,0.32291054855366935,0.23337279114646584,0.029133776447592175,1.0466304334041956,0.06379948292548802,0.010492442700695161,0.07844698996427792,0.010445522545357244,0.045474681490657524,,COMPLETE
83,0.45925686359405515,2026-04-26 22:46:54.523961,2026-04-26 22:47:08.691672,0 days 00:00:14.167711,0.01177564909293716,0.02404274906864017,3.253128695530874,0.011555608908698828,0.07412244946739331,0.011260866062857172,0.06304078372381562,0.03538126734385102,0.17083664098665988,0.010006577831716906,0.011832052010169979,0.018390875744858023,0.023021623735267095,0.30575167740876674,0.1708444876379875,0.05061073339231761,0.8417114669010418,0.06336494068305376,0.010859759316620225,0.07658306873694223,0.010626396244329456,0.045939810816259155,,COMPLETE
84,0.4778324723243713,2026-04-26 22:47:08.693894,2026-04-26 22:47:22.714749,0 days 00:00:14.020855,0.013717871664966963,0.025062720780799415,3.273823260773412,0.010031374560386956,0.07397550386651904,0.010739663982065228,0.06072962434711006,0.04001472294999113,0.12627544468007065,0.010399041029554735,0.012349479646313664,0.01980090100745106,0.01747106959050755,0.3096631982034953,0.16978033124072187,0.053969109357442216,0.857302442420731,0.06421222781728367,0.012025220525396035,0.07233467500010528,0.017716460700473266,0.06360514916458992,,COMPLETE
85,0.4760897159576416,2026-04-26 22:47:22.715422,2026-04-26 22:47:36.879513,0 days 00:00:14.164091,0.013554486269527854,0.048959255849145886,3.310648169826223,0.01149955724228133,0.10091093782934829,0.011262957783674445,0.06386166358586079,0.04631476852784823,0.26560050641528155,0.010498355962841608,0.01247278511345033,0.019463979281437872,0.01603021790802725,0.1687009338949801,0.17783316754168518,0.050938312578904764,0.8349526558922737,0.061704512558561166,0.011714536563742835,0.08268671971846836,0.011991373879677929,0.05901334592642369,,COMPLETE
86,0.4521858811378479,2026-04-26 22:47:36.880248,2026-04-26 22:47:50.903013,0 days 00:00:14.022765,0.014031521554198399,0.033266038649797276,3.088030959061501,0.010322595261193408,0.0792590445876144,0.012328393203255923,0.06263380758456755,0.039183773336627016,0.24309884594639886,0.010040762665582032,0.012809330863826778,0.019115541013814717,0.014284844185575902,0.1695552919227318,0.16155247866151526,0.05054121474772635,0.8773994418959569,0.17130991906998402,0.011848797591404494,0.07793540392308307,0.01856221968430908,0.08466471518108405,,COMPLETE
87,0.39146974086761477,2026-04-26 22:47:50.904139,2026-04-26 22:48:05.399594,0 days 00:00:14.495455,0.026867862017183546,0.04756753816214726,3.3232030932431065,0.010071212751671116,0.11516876558714874,0.018688240870953984,0.10522632109302653,0.05083519923096792,0.16622781745555568,0.012260313446639826,0.011903494412422465,0.026417302383435145,0.016234999050538226,0.15820597664512023,0.16060325467343778,0.051780821780549616,0.9192441370976737,0.08246708583004514,0.011900530003700081,0.13281126674233043,0.018504821224725406,0.0867966685297682,,COMPLETE
88,0.4186479330062866,2026-04-26 22:48:05.401408,2026-04-26 22:48:19.459298,0 days 00:00:14.057890,0.015005475720567877,0.032234072184036774,3.974959859534412,0.017702001567008872,0.07517576957500952,0.012728645392864002,0.07993857881256954,0.03692961413339302,0.2404373863338805,0.011672008817477259,0.01240854330892119,0.018448902200810857,0.012978678216918211,0.1455948650398537,0.13363088635490214,0.07546936025610644,0.6072726661857166,0.15457162918589912,0.012103506695400097,0.07740950324254976,0.023996274628800225,0.11861465457880037,,COMPLETE
89,0.42101861238479615,2026-04-26 22:48:19.459909,2026-04-26 22:48:33.670193,0 days 00:00:14.210284,0.01708159254627304,0.07367225494722883,2.5924944273170767,0.010255898744656853,0.11247489416642326,0.01595895593944619,0.1562391114107902,0.08821481009022693,0.24088338313038182,0.010139224701719041,0.010085300639915074,0.01113876489709457,0.010018390440570978,0.2300581289112245,0.16534553126810775,0.047637576452834285,0.8123676414648187,0.16485576598391422,0.012739729912875098,0.15038555975399157,0.011903205868932712,0.05397218381551672,,COMPLETE
90,0.3864152550697327,2026-04-26 22:48:33.671143,2026-04-26 22:48:47.979998,0 days 00:00:14.308855,0.013707204704542834,0.023357971450013046,2.978346735778316,0.01135498156045246,0.06851434120645764,0.02217421897347901,0.06784214690293393,0.04960987419286001,0.12814372921367154,0.012497989965212777,0.023926132047259827,0.033796476390907576,0.02080713556915734,0.19708242952047092,0.10674881872729307,0.06068434914297572,0.49485341099048263,0.11349996550707148,0.020601768849003645,0.06854618191667528,0.017610248189294773,0.06410940447297604,,COMPLETE
91,0.4501193642616272,2026-04-26 22:48:47.980714,2026-04-26 22:49:02.006384,0 days 00:00:14.025670,0.012541299880255938,0.02477202979905344,3.190196023051381,0.011764649796182402,0.0980260977410635,0.010160800806025234,0.11452910525500055,0.03688208426550103,0.17987309561061854,0.01012819102333797,0.01296029262680406,0.019824152243414883,0.029005401890036652,0.3016973702991115,0.2201324473015603,0.09469729303598945,1.0284386407169441,0.06395010600928099,0.010149561034995447,0.08199266393405162,0.010255626522403487,0.04040269102076662,,COMPLETE
92,0.445433521270752,2026-04-26 22:49:02.007374,2026-04-26 22:49:16.011348,0 days 00:00:14.003974,0.019866659934726194,0.03289838317361171,3.2670841927450316,0.01678392175362327,0.0870725340252281,0.012345279251827736,0.0607200038690786,0.03655075831335749,0.18354044663856572,0.014513840956455078,0.012440705689622404,0.020908847771222896,0.01703068611226258,0.12159726724779747,0.1987616116241096,0.10057415365355779,0.7639955313654794,0.06880490029565997,0.010140103779095152,0.030852853239589015,0.010111165867636945,0.08161801687980409,,COMPLETE
93,0.44315128326416015,2026-04-26 22:49:16.013245,2026-04-26 22:49:30.019768,0 days 00:00:14.006523,0.019762592883820967,0.033233550103663384,3.2887066597632586,0.017104942751421402,0.08785820082398768,0.012272648019577793,0.06109516314845048,0.040042298724566563,0.17582682836058927,0.013808254307989761,0.012304786147099109,0.0204334763496447,0.01776456036471178,0.12053755000393991,0.1960815464395702,0.12954242404287042,1.0321163581366006,0.07004878077467308,0.010142337741393576,0.030424231877173132,0.011634762896677368,0.08648367282668552,,COMPLETE
94,0.4371262311935425,2026-04-26 22:49:30.020423,2026-04-26 22:49:44.093524,0 days 00:00:14.073101,0.02087255117898125,0.03476055538927468,3.341765273710394,0.017077169995210556,0.09020105017570325,0.011974763943914378,0.12166176460588084,0.04154498955168839,0.16914429231412492,0.013922288078131721,0.011999733506645573,0.020370892507191346,0.016400254846997097,0.09606720439288181,0.20040717501466665,0.1285986573230811,1.013520611303001,0.06619210623044292,0.010765659641012759,0.028680928653256013,0.011630550931998884,0.08521984397236346,,COMPLETE
95,0.43089401721954346,2026-04-26 22:49:44.094168,2026-04-26 22:49:58.071395,0 days 00:00:13.977227,0.039645045967628564,0.032767654353071475,3.0791071584892804,0.01746092707492987,0.08717795310816141,0.012574706345658037,0.11598436232134848,0.04178705475362524,0.2937506736867063,0.010025323102249436,0.02091984535233586,0.026166785987167283,0.015189201054782676,0.08427633966731346,0.19602252100112189,0.12661209529135978,1.085850536334949,0.07859647727219872,0.013222724671126526,0.02756158045306478,0.011741858231463733,0.08210096600769091,,COMPLETE
96,0.4146296143531799,2026-04-26 22:49:58.072071,2026-04-26 22:50:12.157391,0 days 00:00:14.085320,0.024077952159887752,0.04627682641688191,3.95299982246393,0.011523798669242365,0.14301660352971812,0.014471023368227611,0.093585053945103,0.0571468662439175,0.1794375781547164,0.01399125754751637,0.01620325332705368,0.019215593456378362,0.026576073252216184,0.10342742776323312,0.08268673507408907,0.09418370610749828,0.7697678055608278,0.08930475783547528,0.01023849045620001,0.03147112596154488,0.020073663631596815,0.10853391690931125,,COMPLETE
97,0.41478451490402224,2026-04-26 22:50:12.158006,2026-04-26 22:50:26.207542,0 days 00:00:14.049536,0.021168864701923782,0.025140896876698723,3.1817688948910843,0.01679287502594693,0.1039175806352757,0.011935382694802633,0.15713836316027832,0.037904532647744446,0.1955821029497735,0.01234701913164475,0.012206466897783852,0.055729167922733566,0.03162885685766305,0.067099642537024,0.1433311556091312,0.14329171615105452,0.9645571189881602,0.07033715752167846,0.015177686435602225,0.10584760424881161,0.01613689364864064,0.1726098383354616,,COMPLETE
98,0.3700703501701355,2026-04-26 22:50:26.208554,2026-04-26 22:50:40.312398,0 days 00:00:14.103844,0.06305407984938302,0.07962380693747889,2.755664199097586,0.024462875436407717,0.13197507466891736,0.018212071336750613,0.08130631970735816,0.08402001044293965,0.2586361380456721,0.010977046654966719,0.010361484759879046,0.020458175601339192,0.022163945300889398,0.13854938577198922,0.18085854004589952,0.18127515318069817,0.6455234048369735,0.11319610888887364,0.010026443498264809,0.08851331402734627,0.01152985889869344,0.062050092550261914,,COMPLETE
99,0.4002273201942444,2026-04-26 22:50:40.313053,2026-04-26 22:50:54.375008,0 days 00:00:14.061955,0.034332902602144236,0.03425366813026507,3.432794236709616,0.015240765458664284,0.17904872761111693,0.01354390446423656,0.060496728886734054,0.04693537999707107,0.3521230780290318,0.02172936314542816,0.022133783510828915,0.02597739612100662,0.014350001891093846,0.09841228107524548,0.12328634950244265,0.09883900012753576,1.036891639892959,0.09304809936313811,0.01249486400588315,0.02588878446547979,0.01687192159098626,0.12998244896793437,,COMPLETE
100,0.41887153387069703,2026-04-26 22:50:54.375635,2026-04-26 22:51:08.294573,0 days 00:00:13.918938,0.020123819618538645,0.04593631764454531,3.5529071401982093,0.011832175450016726,0.04911368096007866,0.01166075125244763,0.11971748785386102,0.07277587066932142,0.46089237416482054,0.014398214072123309,0.015845810833649793,0.01670353906359,0.017219431673786995,0.12458138347820286,0.292624652584236,0.07850662547975712,0.5202752472953865,0.06771588420938322,0.02355061448909024,0.09225599492430997,0.03109225541919447,0.07500573203324017,,COMPLETE
101,0.4659703612327576,2026-04-26 22:51:08.295182,2026-04-26 22:51:22.220547,0 days 00:00:13.925365,0.014569084255259636,0.02482630409821108,2.6392463610593637,0.010926338906871832,0.08758365379949629,0.010912605748735192,0.07292170707883323,0.02515424363632129,0.1491666677421149,0.011936858490473051,0.012480357052371242,0.031221913069920965,0.019278706120736604,0.07115585684408424,0.23805319228094643,0.06640640604764904,0.857981863239523,0.06301791672422558,0.011503088936759415,0.06654528356609196,0.012379088079393608,0.047046248189858766,,COMPLETE
102,0.44210190773010255,2026-04-26 22:51:22.221320,2026-04-26 22:51:36.127145,0 days 00:00:13.905825,0.014916830870876696,0.024497350231981945,2.6023830554319898,0.014158724307019532,0.06764294611197932,0.010069308105077154,0.10597801502339116,0.054293577761314535,0.1472432676489987,0.011289498813111174,0.012731398561797072,0.01733883332312237,0.011251496899581876,0.07020294338383887,0.2126205049500735,0.06246531854734697,0.7076485561554211,0.07720388521268859,0.014398591996618483,0.06573121112921021,0.011925143151822692,0.09708253491826445,,COMPLETE
103,0.4549385666847229,2026-04-26 22:51:36.127837,2026-04-26 22:51:49.933856,0 days 00:00:13.806019,0.014827520396424982,0.024350155700333696,2.6743150918050045,0.014120128416605319,0.07430815071116462,0.010292821519344113,0.10149890989321443,0.052874689033975186,0.14342357134372685,0.011332088752413863,0.010081772463104882,0.033611238744435445,0.010358464462509282,0.0673650477513122,0.21922969167519607,0.06540464359040045,0.3800643093626194,0.07882728527766157,0.014812429437894412,0.06801537655598082,0.010066213309804282,0.05840725521708783,,COMPLETE
104,0.4139301896095276,2026-04-26 22:51:49.934444,2026-04-26 22:52:03.891440,0 days 00:00:13.956996,0.01544669497158789,0.02420271051326693,2.008427559629009,0.014448255040139324,0.06798660272347648,0.016703141580911945,0.10426840542507868,0.05374356205354587,0.12211212599279941,0.011388298835638067,0.01768933402302997,0.030235578195526504,0.010065675679664732,0.05311986335141372,0.22492560867573688,0.06943238937671538,0.7105753266214289,0.07871776740042612,0.015026906112202698,0.06948262051976377,0.010834585092796408,0.057990407835145114,,COMPLETE
105,0.4329959511756897,2026-04-26 22:52:03.892035,2026-04-26 22:52:17.747820,0 days 00:00:13.855785,0.01865044449705881,0.028015976480641323,2.6603842809880742,0.014243637358052313,0.07925083636062902,0.014078333653380718,0.14684220431557735,0.026345744944100875,0.15215691256368308,0.011267615864727703,0.011111899900239927,0.03491423509741548,0.012370471112127789,0.06915202831323254,0.17153560036119575,0.0558688018061507,0.8686168980609674,0.059650561511657874,0.0134873690806882,0.22135938075303077,0.01012962987667232,0.10082119862816559,,COMPLETE
106,0.39362183809280393,2026-04-26 22:52:17.748473,2026-04-26 22:52:31.810938,0 days 00:00:14.062465,0.027093176964712026,0.05676088610262339,2.886941978447036,0.011071423254184884,0.0672392727658273,0.020108757333676754,0.07827507797965333,0.11962042534360247,0.19968306165074298,0.015276035501359682,0.015526125446925375,0.047956449965710114,0.01951818112691733,0.11581274493318838,0.1399619230241953,0.04645184764458811,0.45079045411774016,0.1250917178213743,0.011862861675506953,0.05225822416953042,0.012726444996729234,0.06699138830981499,,COMPLETE
107,0.4248965859413147,2026-04-26 22:52:31.811666,2026-04-26 22:52:45.759417,0 days 00:00:13.947751,0.014255516892875532,0.04140696622899564,3.967072520781715,0.010022478349339154,0.05040586407423563,0.013086568184267644,0.05887899014390327,0.03497232181223704,0.10089719716677938,0.013258158894191949,0.020446748362193345,0.024815311903170455,0.024050790246750945,0.08128757775903674,0.24062939420834475,0.07834333065205844,0.5831727635386725,0.15166986950327455,0.014114527689886238,0.11061764380441072,0.01888641209989829,0.07375560558931644,,COMPLETE
108,0.4061582565307617,2026-04-26 22:52:45.760199,2026-04-26 22:52:59.674980,0 days 00:00:13.914781,0.016915875376510858,0.029555535283951592,0.020620221247543116,0.022383552446177346,0.09297527037659745,0.010127996263409933,0.07113718132339698,0.15559686187188723,0.28881247831653356,0.011370882734294667,0.027533763891061776,0.01705039208913194,0.038552753659363344,0.059818399563303405,0.3240563644228217,0.10393670576218166,0.34892090373609497,0.07929142474175675,0.015229653721549821,0.14017853332989885,0.023386310844936174,0.14447446304730208,,COMPLETE
109,0.37687541246414186,2026-04-26 22:52:59.675645,2026-04-26 22:53:13.769872,0 days 00:00:14.094227,0.013976339134051823,0.022537901951596738,2.0583981865959187,0.0186398093163655,0.12283597158243714,0.015533962098265021,0.08606155845906449,0.06508891834592706,0.13790756807747667,0.021114307287059177,0.013015931043489987,0.033167123950170165,0.011100921927788873,0.17215607119001658,0.1582069172687724,0.08386980088503251,1.1417248252148373,0.055996557722587936,0.02075336816444303,0.16926579313833592,0.015986066212889904,0.05818630705483423,,COMPLETE
110,0.4326871752738953,2026-04-26 22:53:13.770496,2026-04-26 22:53:27.903949,0 days 00:00:14.133453,0.0238437181279636,0.10036890737828251,2.6623783151860096,0.014513779532491127,0.10299765362594251,0.011534242026350682,0.04581366875193877,0.0396291024014754,0.2267679351137401,0.014909783854010525,0.010192033296142954,0.028724968889503245,0.01398669306078697,0.2656146602075043,0.2727242741826623,0.06598271179761823,0.8232131767742704,0.23454237329295716,0.0113835180845941,0.08736983187939999,0.014762506020414222,0.04681369784572313,,COMPLETE
111,0.43454005718231203,2026-04-26 22:53:27.904611,2026-04-26 22:53:41.854286,0 days 00:00:13.949675,0.016361636722782784,0.026187589753094428,3.131715186033134,0.011519215348212002,0.1618716525341355,0.010223122853378501,0.20728580265756755,0.03236919512646137,0.19149247818328,0.0111191445294831,0.012859584050010704,0.021288381638071837,0.027131394580505525,0.21463478981274497,0.20202336692823974,0.03637772565717631,0.19781618591239034,0.09939259736894207,0.016934006341845914,0.06864116377755136,0.01218815189900107,0.034089760780871954,,COMPLETE
112,0.45374670028686526,2026-04-26 22:53:41.855234,2026-04-26 22:53:55.885334,0 days 00:00:14.030100,0.011416394728966696,0.02023104408877802,2.4450701734569513,0.011893364854197251,0.08132180474532959,0.014348460044958277,0.10355322870277835,0.04448589086153448,0.43589924931799967,0.010067591671644657,0.015411447120711541,0.01687770359735421,0.018199663758076023,0.17631493054576397,0.128443545953856,0.11448624688000489,0.7650734241395989,0.04457496696094229,0.012944922089902626,0.06128183328786417,0.013191184534829923,0.039323166050094116,,COMPLETE
113,0.44669843912124635,2026-04-26 22:53:55.886131,2026-04-26 22:54:09.822518,0 days 00:00:13.936387,0.011681810933575556,0.02028043571854478,3.5260863162099185,0.013831856208644572,0.07581283820117582,0.014224109651963291,0.11030450173166406,0.047312409646863285,0.40349520624194257,0.013253352554972477,0.014915079831537356,0.01719461244062236,0.018364617690445822,0.045097785666119175,0.11577467227085232,0.11413614056680832,0.7221015061916529,0.04381514979532357,0.012307856780626503,0.03744803289887407,0.011458783480945912,0.04948970700897992,,COMPLETE
114,0.4439717173576355,2026-04-26 22:54:09.823183,2026-04-26 22:54:23.824208,0 days 00:00:14.001025,0.011915330622183659,0.03144712378825768,0.07791902659925569,0.016966490845885345,0.07880449965715634,0.013860781501170483,0.09388691497097454,0.0473451589543877,0.40747958451769795,0.013154795008521155,0.015711379055645104,0.02257987144987037,0.018232927999071665,0.04749723517166081,0.1021636898465751,0.11608984600043884,0.38601913279828004,0.04521024245958873,0.012551027154044728,0.037132672406310276,0.010207816415330808,0.05052281344571561,,COMPLETE
115,0.39364352226257326,2026-04-26 22:54:23.824824,2026-04-26 22:54:37.826635,0 days 00:00:14.001811,0.01181834551649517,0.020756636965159517,0.11146359063636616,0.016116864635583924,0.0777409021658579,0.01902592299066367,0.09459917210157706,0.04882112541558385,0.42568842489308084,0.016474084385693585,0.015301439787520155,0.02407582877969083,0.023286747967367932,0.03277179489946362,0.07852558124436089,0.11200171830143002,0.2726758358006186,0.043569693123736646,0.012051903717680125,0.036203037135878774,0.010387747372411587,0.048525306781440514,,COMPLETE
116,0.4427907705307007,2026-04-26 22:54:37.827659,2026-04-26 22:54:51.598069,0 days 00:00:13.770410,0.013260846585956198,0.04131725011371804,0.0750185086412921,0.01131422194815229,0.05488421339103754,0.014499307045472355,0.1719172215541742,0.02750943131900273,0.6228556213605357,0.012432014510044956,0.010047360892410095,0.03855608790740054,0.013568271367865599,0.17819948141231062,0.05701862711716705,0.15809422058609635,0.39469502587748395,0.024573738307921877,0.013136936478197777,0.05304975165259823,0.01452750560468042,0.03994146419312151,,COMPLETE
117,0.41883734464645384,2026-04-26 22:54:51.598670,2026-04-26 22:55:05.762284,0 days 00:00:14.163614,0.013070969469851342,0.03036573442138903,0.02400295332799851,0.013707765299484297,0.10450614104996685,0.013801516752282682,0.13086110371948692,0.0452751339104114,0.42333534788091676,0.1315495887815407,0.017987159743016307,0.015722884155424718,0.019873037629385474,0.05094941929126045,0.11400901412898719,0.0876110063919973,0.7761228395897773,0.04509158316338345,0.015506379080307876,0.048763680440032396,0.017751037202651684,0.03354174165668423,,COMPLETE
118,0.3897975206375122,2026-04-26 22:55:05.762968,2026-04-26 22:55:19.925449,0 days 00:00:14.162481,0.016702526354567822,0.015338713290872559,2.2314447523287377,0.012289039087688393,0.22852408192618354,0.022216828293131537,0.07342985096690305,0.08985236401580529,0.31160384710623773,0.012842311644255457,0.015095953752590659,0.02243493384792914,0.030368098658707876,0.040437959810568226,0.09731608791718614,0.07165276331056107,0.5485269733421084,0.05759910640637607,0.011212303755350171,0.035112785888760926,0.020217166868338306,0.04936095319374107,,COMPLETE
119,0.37164539098739624,2026-04-26 22:55:19.926177,2026-04-26 22:55:34.002027,0 days 00:00:14.075850,0.011927381658004511,0.15471615517425524,0.05107384900392831,0.019305579018821545,0.06369720268022194,0.016308550154788572,0.05558612785585565,0.016239458877593014,0.5318684548876766,0.015884046355944575,0.011316646792023214,0.18570697766776734,0.015185763462772173,0.04670092108009874,0.12098565810061446,0.11069558010049782,0.1460658150260822,0.032837851283568295,0.07774570082234673,0.0394627186132503,0.013245208314233668,0.06250260800373413,,COMPLETE
120,0.4418160319328308,2026-04-26 22:55:34.002634,2026-04-26 22:55:47.893509,0 days 00:00:13.890875,0.12902556109156274,0.03750106556859223,3.6316822195759926,0.015887093187334302,0.044607946985941234,0.01148787837800564,0.1046265685979743,0.07374299412496817,0.36345812846004516,0.01042064067643633,0.019644503669295287,0.02721493950803146,0.018207029128929204,0.23785194027619036,0.04365087437155673,0.05611438648150103,1.4093378821363043,0.0423205317095343,0.013032290741923308,0.023896424482714656,0.010388462823610667,0.04465950018390653,,COMPLETE
121,0.4776076674461365,2026-04-26 22:55:47.894150,2026-04-26 22:56:02.039934,0 days 00:00:14.145784,0.019071819611819963,0.020131104796404068,0.012898204949383547,0.012783598362028461,0.08534385384353045,0.01261274625738693,0.06432040310937656,0.044609940393143574,0.11204131342659876,0.013628021666895484,0.017440600931637625,0.018809884765615983,0.017011307667660278,0.0331813185964243,0.14857377751155454,0.13837824112778765,0.9168445186649382,0.06825981509457685,0.01115285096628511,0.09884323362432065,0.011425494960291575,0.07629696621709971,,COMPLETE
122,0.439973258972168,2026-04-26 22:56:02.040596,2026-04-26 22:56:16.108499,0 days 00:00:14.067903,0.011184525471710055,0.019719617731410333,2.951492843907382,0.010962807633980262,0.07568603272963081,0.017278932235682245,0.087032660316788,0.05755996615285828,0.21240444810753234,0.010033246903332665,0.015055786381597309,0.018602837501931493,0.021109810967212615,0.02708082864485196,0.13608054638448244,0.04548713840881825,0.6590638043392131,0.05892372855955315,0.011525510203937458,0.08434603643301687,0.015297612109492823,0.07425317059588459,,COMPLETE
123,0.41993399858474734,2026-04-26 22:56:16.109161,2026-04-26 22:56:30.177673,0 days 00:00:14.068512,0.01493435447619838,0.02662369031076392,0.013281711342649763,0.013015058131610998,0.06061067367111944,0.013205702359191612,0.06676606227537042,0.033504688684187545,0.2699824889753795,0.013201013493092191,0.017737073315748666,0.030866009346778963,0.02540236341630512,0.03412237903446577,0.15273559101748083,0.16412600318361717,0.9023951571681043,0.04925392624787794,0.016236281938009727,0.10007238309546945,0.010007679716305793,0.055345304010490926,,COMPLETE
124,0.4120381236076355,2026-04-26 22:56:30.178308,2026-04-26 22:56:44.381009,0 days 00:00:14.202701,0.018316265108959652,0.023049317706618343,0.010340170439152977,0.013298147502698787,0.12302526192165288,0.01515075529875271,0.04590300540728123,0.02736074882534527,0.11264593859080324,0.016582793371643235,0.02352826311087852,0.01696075487308174,0.012066276606625624,0.02621796244098304,0.08560836290434005,0.2568409612980268,0.7641866304501933,0.29721225378022165,0.01973541146632154,0.0723894361237613,0.013195422115530962,0.03968008062208712,,COMPLETE
125,0.5041802406311036,2026-04-26 22:56:44.381658,2026-04-26 22:56:58.349005,0 days 00:00:13.967347,0.013443210719377178,0.014986186615833548,0.035190207908608113,0.010077803513140342,0.09558436079730272,0.011444542579856089,0.07592559113375252,0.04385001902131881,0.7047697417985918,0.012076607176895276,0.011130407248092665,0.02402364272158463,0.03473930467844722,0.037729759607459515,0.17895855429955043,0.12591081493418793,1.155070094816174,0.08812129238474219,0.010008894731986854,0.12290087883642711,0.011472323743390599,0.0666157442832392,,COMPLETE
126,0.4282252311706543,2026-04-26 22:56:58.349894,2026-04-26 22:57:12.422342,0 days 00:00:14.072448,0.0139231853699267,0.015231126514850672,0.029734132087945498,0.011304986568440555,0.148566489850414,0.011598562362426899,0.0726321022916938,0.02125393152457895,0.6940160527902681,3.003285203767453,0.011228220918900512,0.025057939939005427,0.03839612802929066,0.159117532836553,0.17742386233695454,0.14574566649897625,0.926771884554721,0.0901062792473007,0.010036772322809974,0.12382304793398793,0.011484596509000796,0.0661727590422654,,COMPLETE
127,0.4604127287864685,2026-04-26 22:57:12.423016,2026-04-26 22:57:26.526383,0 days 00:00:14.103367,0.01794519825173952,0.019688714803068805,0.014493694437856286,0.01035835191413916,0.0937883632732264,0.011429090381883677,0.05788067191079429,0.03594027650784908,0.9334729508189377,0.011788413574596594,0.013662304831044903,0.019418793303222204,0.034082118130247384,0.03819342681958785,0.23931615062617884,0.20927842672163524,1.1209944648877652,0.08617069818052255,0.013873169356450712,0.1003813838501651,0.016746839018610755,0.07866574494134779,,COMPLETE
128,0.45406595468521116,2026-04-26 22:57:26.527800,2026-04-26 22:57:40.518921,0 days 00:00:13.991121,0.01706441789269125,0.014877805680423344,0.016076610933883857,0.01019727180448503,0.09921117791686122,0.011102598237636912,0.08149474416832368,0.10109805298680959,1.0288872226745722,0.01159789129353363,0.01386229222269285,0.013752438870666663,0.035270003533610234,0.012654300642054962,0.23649335483401687,0.22457090272899172,1.1637174238643568,0.11015546130725114,0.025548335344819137,0.09848087795332904,0.016508134548876185,0.0358509966068119,,COMPLETE
129,0.4445668697357178,2026-04-26 22:57:40.519540,2026-04-26 22:57:54.415562,0 days 00:00:13.896022,0.017216973161360075,0.01401490783131711,0.01564592769580671,0.010406893714746122,0.09921639451993712,0.011052750925402683,0.0523115409271191,0.06651422159868467,0.9596250940902817,0.011456109351627214,0.01379059589038127,0.014048635727102039,0.032588587990827665,0.01593652732953025,0.2561324148194689,0.21620126316009383,1.1434103975394818,0.11418925640495992,0.027540634424492626,0.1013133025577323,0.02365859245436353,0.03237050230582297,,COMPLETE
130,0.4091714143753052,2026-04-26 22:57:54.416313,2026-04-26 22:58:09.163399,0 days 00:00:14.747086,0.42469425786647164,0.016753653265802537,0.012724709164571904,0.010066046417540454,0.11398938592702748,0.01742628059887639,0.06554602896180978,0.040797956698395206,0.8538284640655718,0.019746886501386424,0.011215009670923693,0.015437743252154822,0.04136052320023719,0.02230841796451619,0.22372596255816526,0.32745896035195426,1.4587337371065665,0.14138194146117394,0.014150511740957583,0.1597813038848614,0.01677808275007206,0.05793278127779382,,COMPLETE
131,0.42543978691101075,2026-04-26 22:58:09.165687,2026-04-26 22:58:23.531289,0 days 00:00:14.365602,0.013299496159169137,0.020015258606375878,0.015444875312501096,0.012206904384789096,0.07292185833493058,0.010027166959644727,0.08062323408724778,0.10797716478184084,1.098879544755019,0.012105746121963202,0.016962309775577968,0.018292000799006742,0.03542753623756383,0.010784069802956498,0.12881520761423612,0.2501413376859863,1.1810902908471295,0.17978311049103574,0.1518610409958036,0.19240469898808912,0.014711014654541648,0.044513304349972554,,COMPLETE
132,0.43056275844573977,2026-04-26 22:58:23.533333,2026-04-26 22:58:37.912820,0 days 00:00:14.379487,0.015475779948067295,0.02191281521500817,0.018731318681116018,0.012460956972997752,0.058959870782204965,0.012822756061829086,0.11091889173048632,0.04444889475155384,0.7407424035626418,0.010014023695868578,0.013574928223248425,0.019098458023417756,0.03002643312197317,0.036831732955797634,0.15564396190109417,0.18989485588214455,0.8599496739081971,0.08797237372318574,0.01637825398540605,0.062399669019494876,0.013037548904934469,0.03791330969468148,,COMPLETE
133,0.4547723889350891,2026-04-26 22:58:37.916703,2026-04-26 22:58:52.393406,0 days 00:00:14.476703,0.01325189771503521,0.0197879439440217,0.012156428223659324,0.01453754317972499,0.09717258332248743,0.01140584891285346,0.1405800579400506,0.0343325572843359,1.4282533974269613,0.014783130217176735,0.010030714228664488,0.011303619768581819,0.02800259286449902,0.018185614616864642,0.177685022681045,0.306562695052742,0.643381879481809,0.1062838191761741,0.011486335909766453,0.08113315147239775,0.020014039442033827,0.07030655155889541,,COMPLETE
134,0.4684248208999634,2026-04-26 22:58:52.394514,2026-04-26 22:59:06.691733,0 days 00:00:14.297219,0.022929092103544865,0.012581960498011845,0.01125500502777355,0.01000633760428691,0.09445130185844501,0.011366899116237858,0.14383491649696276,0.032669699788997086,0.13351219077467036,0.011194884262381436,0.010063308902640435,0.013720728741773875,0.024186505487151982,0.013580146014473611,0.2409988706723063,0.32572308650738596,1.3168816721902532,0.10339835165591774,0.011315124311005502,0.07966687940205458,0.01941675595831804,0.06899439808601164,,COMPLETE
135,0.45767816305160525,2026-04-26 22:59:06.692436,2026-04-26 22:59:21.542816,0 days 00:00:14.850380,0.0227391058674929,0.011875693817887887,0.011994901034069631,0.010044006947679231,0.12983809923445772,0.01181772967864097,0.13389007752485363,0.023209375942642017,1.3765182925466908,0.01568913843350412,0.010116745023261082,0.010942451211870548,0.022918788842266946,0.013141695180865755,0.26269587390419735,0.48764864035086397,1.630543334451386,0.10406614797783925,0.014035130521766555,0.09716221705178538,0.02008145010447003,0.0775250979784205,,COMPLETE
136,0.4153724551200867,2026-04-26 22:59:21.544598,2026-04-26 22:59:35.888486,0 days 00:00:14.343888,0.02849733358399863,0.013130324310786316,0.011901714694688708,0.014765484839410637,0.13706147158692492,0.011277575400582314,0.14485054981645729,0.023050351121138218,1.448370919804417,0.015041307295757199,0.010050903389628916,0.010621526015258884,0.023083059354963985,0.014608429858252432,0.3106511136582055,0.5141970690722847,1.332584716508764,0.1046194696531325,0.02399076808138998,0.09806672949385177,0.02209587147626423,0.07622564734481131,,COMPLETE
137,0.4043288707733154,2026-04-26 22:59:35.889477,2026-04-26 22:59:50.533594,0 days 00:00:14.644117,0.02184881530344703,0.015204461384595733,0.010059529098765242,0.16375030502421292,0.12168328773448917,0.014960886452147912,0.17781820639534918,0.02884953609845514,1.6786877216362128,0.02626915558572973,0.011412618783282705,0.01358531005864934,0.025048183068568472,0.014233038011491833,0.2598124973111638,0.3103127160668437,1.5585612662340877,0.13168308852473198,0.013872709165130066,0.12349984378798788,0.025343176863675692,0.1097780493666518,,COMPLETE
138,0.3869336605072021,2026-04-26 22:59:50.536012,2026-04-26 23:00:05.215609,0 days 00:00:14.679597,0.02352944273571996,0.011740452440047075,0.013565337068517251,0.010143960866705324,0.19066251420382888,0.021166672778017558,0.13707361754655134,0.0317161308951467,2.4990108829760036,0.017537062582877423,0.01014205629492086,0.011424451365235,0.02110857926575847,0.017749865817015063,0.3647197106813545,0.40362721017544473,1.2557381535022045,0.11990225138183426,0.018765995503515633,0.11312571304298713,0.019044107198104374,0.0674747571005414,,COMPLETE
139,0.46650424003601076,2026-04-26 23:00:05.216309,2026-04-26 23:00:19.595364,0 days 00:00:14.379055,0.01885400741193415,0.0127300671791402,0.016870902508442743,0.011466030892153218,0.09248160270347953,0.011787748891335617,0.0969474118365294,0.025337361545318585,1.2015633879906624,0.011883375148279545,0.01112828965678033,0.012269697751375336,0.034198778551099485,0.010593879677841861,0.2777203717367922,0.2386989097653537,0.6313240517552458,0.10435569268440317,0.01609856947827627,0.13936769035160657,0.016402279920238922,0.057675121274720166,,COMPLETE
140,0.39548341035842893,2026-04-26 23:00:19.598194,2026-04-26 23:00:33.984613,0 days 00:00:14.386419,0.01937811286832224,0.01244478687796999,0.016927139938058267,0.10281477624171681,0.15576391406475806,0.011583177087984406,0.08839266373795561,0.025783865871476797,1.8582348708426493,0.01208637276074293,0.011186366669009084,0.011254259192304251,0.04119285527302853,0.01151535901452742,0.28098764434021906,0.46495309406256813,0.6152465815142304,0.10246205815758029,0.017218519067772595,0.10426005663218796,0.04859497252291195,0.059336157377809264,,COMPLETE
141,0.4499232769012451,2026-04-26 23:00:33.985257,2026-04-26 23:00:48.450567,0 days 00:00:14.465310,0.018054193570440864,0.014266204394120664,0.022467524599122945,0.011481613614888295,0.08834971724792103,0.01308078417852858,0.09866013445955533,0.02386515013553129,1.2216239036252017,0.015160725940060599,0.010065031608808237,0.010025314964790727,0.03439642421539411,0.012771585036949588,0.17667965244030498,0.27872315602226877,1.0894762360069228,0.08230423121988314,0.014989059659818107,0.13083234809977898,0.02112128132327813,0.09551104843600769,,COMPLETE
142,0.4409902930259705,2026-04-26 23:00:48.452349,2026-04-26 23:01:02.841720,0 days 00:00:14.389371,0.037597619724364935,0.017441163478058345,0.011935296557373312,0.01333512767851877,0.10808997978897163,0.01633177170692512,0.07482240311963195,0.03355368831697627,1.1098241089414782,0.011640400629553594,0.014118657646931359,0.013618908647193822,0.02847258202377618,0.01891512297000622,0.2271266253501224,0.21900504994410597,0.9618075445990191,0.09497144025680404,0.011259501318377947,0.07305103598499586,0.016538154633883317,0.05333490861020494,,COMPLETE
143,0.36555889844894407,2026-04-26 23:01:02.846394,2026-04-26 23:01:17.382188,0 days 00:00:14.535794,0.024882722293301872,0.016067205664903748,0.017850396246211167,0.01004712255630241,0.09472330157871549,0.09270192105247886,0.2195489508384337,0.018609745611782864,1.269373213536094,0.01411588351878336,0.011419204836064198,0.015490419727509008,0.04735424366174827,0.012446998037185818,0.189911878985946,0.37561686989125836,0.5058458714484849,0.07347472964877051,0.01325225244361291,0.1439231022945585,0.014954346371770379,0.06745811801350111,,COMPLETE
144,0.46260414123535154,2026-04-26 23:01:17.384288,2026-04-26 23:01:31.675426,0 days 00:00:14.291138,0.046091420000401596,0.018534260984627276,0.014263821734664417,0.012307028641022929,0.08337493409517899,0.011185317016944038,0.05544774141027022,0.021392648970448076,0.853514949357892,0.012225356892423286,0.011981044382657588,0.01215031366021568,0.024614223936909353,0.010129140902130213,0.35385780896515734,0.23545587409218785,1.6614463802455182,0.08435631019231957,0.011246184467582175,0.08808821784735392,0.032537231415961425,0.07370880210958447,,COMPLETE
145,0.4483744382858276,2026-04-26 23:01:31.676250,2026-04-26 23:01:45.985772,0 days 00:00:14.309522,0.22321628663996138,0.018575084516062,0.014526965053757189,0.015095919353651156,0.12964421867325757,0.011182101189983295,0.05439912241277025,0.013197916819910293,0.9620027351897092,0.017485157348182102,0.011703351361774765,0.012149094220538198,0.06496327756281811,0.010312605245903292,0.36651447235042134,0.24393399454861836,1.7101549821550799,0.0858123380849499,0.011200569578958212,0.09013916727050902,0.029566357647808707,0.07656643036447919,,COMPLETE
146,0.4436445593833923,2026-04-26 23:01:45.998546,2026-04-26 23:02:00.152953,0 days 00:00:14.154407,0.04444572970807632,0.012106178681575897,0.011500712712789924,0.011369896873334973,0.09619232139928258,0.010021401368980904,0.04345661850082969,0.021243465371555487,0.8215135018756213,0.012530900749726976,0.012820197350103023,0.012831484480889655,0.02542810690596218,0.01659058834053909,0.2878703676472946,0.2941668493092604,1.3807762348975043,0.11055687713657608,0.015768799514627296,0.08279256790704416,0.03623572044571009,0.09624106841606916,,COMPLETE
147,0.413912832736969,2026-04-26 23:02:00.153704,2026-04-26 23:02:14.623523,0 days 00:00:14.469819,0.029635462222880795,0.014235671310519263,0.028568286102748093,0.012625804604540374,0.0667537886510184,0.012453159261806537,0.08276111526837768,0.028748960622655754,2.157488334157272,0.019646491840513022,0.08899865790212394,0.014573100291533782,0.03241330573007216,0.012552385604366698,0.2433479580805075,0.591704432652998,1.574091425958176,0.20312404581060786,0.19178501685985455,0.10980183740272169,0.06367769999298119,0.06684523809295426,,COMPLETE
148,0.3940817952156067,2026-04-26 23:02:14.624151,2026-04-26 23:02:29.095772,0 days 00:00:14.471621,0.055057116881532926,0.012431117516713362,0.014353277130539834,0.010059879483046449,0.11227832312610062,0.018475850584152922,0.12421136958002583,0.02544332306175186,1.4216640710057495,0.011417614553190214,0.013930753770882418,0.011285740016550002,0.021466916346790266,0.014286085858941427,0.3312302328307311,0.19959451271355882,1.1138884633071262,0.1334808940964773,0.021399122353627818,0.09247532298638408,0.020001565428146642,0.1273739853420253,,COMPLETE
149,0.46339643001556396,2026-04-26 23:02:29.096643,2026-04-26 23:02:43.367866,0 days 00:00:14.271223,0.015776772346032187,0.016140862863106585,0.03697901356907399,0.013954078217826474,0.08562209840854132,0.011523854866080563,0.06423299179089258,0.016811020318729872,0.12898260199868583,0.014837539944401857,0.01703321186749986,0.013679939411777368,0.015806736574995813,0.021102205059414045,0.263143917475524,0.1710318780641231,1.233883235417929,0.099393746212168,0.011324673720483396,0.19030365151254733,0.02636270494857098,0.06005103946764561,,COMPLETE
150,0.4194486737251282,2026-04-26 23:02:43.369676,2026-04-26 23:02:58.012026,0 days 00:00:14.642350,0.020585465382516693,0.017568934406183997,0.039991626438655455,0.5893498719122914,0.052552985066757,0.0129670878291069,0.049106562306167986,0.013177188000649032,0.12988653540658734,0.015477868269272846,0.0114044671802748,0.015572045837418703,0.015549708961095591,0.021336793843129205,0.2654561740279965,0.18099284651298164,0.6356404770709824,0.07489068493912429,0.01124316700559413,0.20833968238193243,0.027611222696372086,0.3420218228461108,,COMPLETE
151,0.4389428496360779,2026-04-26 23:02:58.013232,2026-04-26 23:03:12.243910,0 days 00:00:14.230678,0.0156222823922642,0.015185231418215357,0.019298599056634003,0.013839378022933752,0.08617823916606368,0.011418788776955837,0.06638857802172625,0.018076869010954708,0.10649387117399615,0.01348477394568033,0.0168295608276517,0.013494096149639192,0.023533057985142002,0.02709966093465015,0.21534649704954462,0.33652842277160694,1.219204757755747,0.09077292629020105,0.01394570048882828,0.17788983603729086,0.024839221627843872,0.0567170793255056,,COMPLETE
152,0.4705025315284729,2026-04-26 23:03:12.245674,2026-04-26 23:03:26.450324,0 days 00:00:14.204650,0.08377937655249774,0.02328746843234006,0.016778787534029976,0.012626021665403232,0.09747242294118323,0.011130443374690019,0.057792841811772654,0.01741013860085202,0.1435715195947815,0.011488500565466396,0.010055508455398956,0.011322417727665521,0.028621230629875066,0.010106323444073764,0.3066606411031982,0.21144089387441992,1.0070774060515892,0.10264945116187972,0.011393363813396193,0.07720430847449636,0.01768283207420639,0.07919528412361336,,COMPLETE
153,0.4411486268043518,2026-04-26 23:03:26.450965,2026-04-26 23:03:40.853101,0 days 00:00:14.402136,0.09401427173408283,0.023473927666539402,0.010603045421597413,0.015360145868017327,0.06994722509745954,0.015297259299065061,0.05677248911292332,0.02179140560609947,0.12117844520246353,0.014185891024516117,0.01009421151747234,0.01163866870197066,0.027167857710501574,0.010101672540536394,0.3102478494651154,0.2548555912103064,0.932255968750921,0.06423907400399187,0.011386760869708893,0.07734025563443013,0.020964874783913217,0.08318961764511705,,COMPLETE
154,0.44719997644424436,2026-04-26 23:03:40.853963,2026-04-26 23:03:55.287158,0 days 00:00:14.433195,0.08745738489750515,0.028080164503666585,0.024544788538091916,0.012606652265331402,0.06096883971580352,0.012712280235597395,0.07176000617710931,0.012643329468486527,0.1322308242048458,0.01700306754936663,0.01215996034106877,0.011292855803854788,0.02891487132355803,0.015171702484805458,0.18198124835218668,0.17495448504215794,1.3451224620816924,0.09975698194851701,0.012570864616381301,0.06502732905790735,0.017738384971213394,0.0717780534580661,,COMPLETE
155,0.48161797523498534,2026-04-26 23:03:55.289361,2026-04-26 23:04:09.397659,0 days 00:00:14.108298,0.022660712028720525,0.018272586373522717,0.01235346475704516,0.011663984782322301,0.09080224060017793,0.010051273105890135,0.058460265392768926,0.010304728482038587,0.1555076563818887,0.012688223886316085,0.011235161000716929,0.010162452230002705,0.019889538301592884,0.01951727018072214,0.3720193484310954,0.15180306132153548,0.9947678410098733,0.08460300533246491,0.010074535565085165,0.12867963184326953,0.03147152730582711,0.06092933327186335,,COMPLETE
156,0.4471201181411743,2026-04-26 23:04:09.398316,2026-04-26 23:04:23.677286,0 days 00:00:14.278970,0.03363439719517293,0.022241989687181548,0.01376129741054852,0.011768570355801046,0.08093932039280613,0.010041067085868691,0.04649887431251259,0.016101017207698486,0.1557170146034551,0.011267043415215963,0.012338238735719943,0.010473757872422076,0.0202311452215526,0.02448810861054598,0.3688101886033366,0.14968514574668873,0.978193671515839,0.08168279498690063,0.010201898653214194,0.2950844471401335,0.043671144469361545,0.0610052034194802,,COMPLETE
157,0.433898389339447,2026-04-26 23:04:23.678590,2026-04-26 23:04:38.291772,0 days 00:00:14.613182,0.07326997068373028,0.01669071633968327,0.03493542567703428,0.011250168013554262,0.08643992977494182,0.013517347858703415,0.05814771572780397,0.014531226426731322,0.1034399016930986,0.10990023692304128,0.016391505397738596,0.01606245824422246,0.015645935523480616,0.011610677004734563,0.2928532496557466,0.134366165095111,1.6661413311299569,0.06823778032405317,0.014558996026603774,0.15012572151056466,0.030745458019124573,0.05207290985393802,,COMPLETE
158,0.4211682915687561,2026-04-26 23:04:38.292547,2026-04-26 23:04:52.657914,0 days 00:00:14.365367,0.04515461251939182,0.025070127590296268,0.02017011958745824,0.013138939418734626,0.11344798042623028,0.01571095604805224,0.0521839893651967,0.018101054056666278,0.14180095189189398,0.012616722956472972,0.014224664499651214,0.012760115709008516,0.012968061035199452,0.030196348710114184,0.3303084796342862,0.2088034027311515,0.8266931075128245,0.054385718220251095,0.012531858700742492,0.125920797087077,0.035252250114132314,0.08866061154543105,,COMPLETE
159,0.46091537475585936,2026-04-26 23:04:52.659930,2026-04-26 23:05:06.847070,0 days 00:00:14.187140,0.022594205364234864,0.013062333400854945,0.01711503412828647,0.01590986314223967,0.07154902919458414,0.012279546810614586,0.068300217932368,0.011187967366746156,0.1592888794004158,0.011114317123152185,0.018302071698891496,0.08907174218320202,0.02265823576061443,0.020614762629700092,0.2669983007383096,0.23264314004182532,1.0501535577723393,0.07654032386192346,0.010079236131381149,0.25087302218071544,0.040746360402839105,0.04703047922683101,,COMPLETE
160,0.4198183059692383,2026-04-26 23:05:06.847721,2026-04-26 23:05:21.194993,0 days 00:00:14.347272,0.023316054861870404,0.013113270672095763,0.017693042754317725,0.23910519669939792,0.1340267923102423,0.012669164924466111,0.06927861872220767,0.011037352676918329,0.09593284586959437,0.012901061765915555,0.020017493861001313,0.010120462628304405,0.022401984388631696,0.020347914623276963,0.4020984681389328,0.2324696600943796,1.065129597226685,0.14489724550721791,0.010202642153422882,0.2500375643672586,0.034009094326682456,0.0457231772733613,,COMPLETE
161,0.4654915571212769,2026-04-26 23:05:21.202114,2026-04-26 23:05:35.471539,0 days 00:00:14.269425,0.0270400743844966,0.018158128447116794,0.01490454142856144,0.011390500155282455,0.07079647298545694,0.011105928424560952,0.0624585633672773,0.011112120672745768,0.16173859052835082,0.011387505798115876,0.012639636072801904,0.020815610533862158,0.01694369217640482,0.016799508643351422,0.2628886835790528,0.16528756728078522,1.255874370551131,0.07502679306766767,0.013002716981488615,0.3150437676122584,0.04075082022422319,0.05320909342192631,,COMPLETE
162,0.4493840217590332,2026-04-26 23:05:35.472441,2026-04-26 23:05:49.616789,0 days 00:00:14.144348,0.028226244525968537,0.011356026061065738,0.015959698875664747,0.011233198902277185,0.06304239545826978,0.011388592603171918,0.060397445602929874,0.010442771792594044,0.1645061329395541,0.011210974754234463,0.018122051514018037,0.3024315715422896,0.01653562624107353,0.01646542882476748,0.2630208539640823,0.16720291898762737,1.4410938199029912,0.060627381141183455,0.011525081361011526,0.34624681041664074,0.04194487476894691,0.05098220176991196,,COMPLETE
163,0.4627055644989014,2026-04-26 23:05:49.617533,2026-04-26 23:06:04.238350,0 days 00:00:14.620817,0.035425501714373475,0.018466499152498053,0.01330556868035247,0.012599865061366433,0.08608245352523636,0.014027485186143373,0.06416236541263085,0.012220344263679662,0.12007257362097051,0.01291676541626443,0.01278333052217791,0.022413490772057496,0.020256312714350144,0.013209861284599644,0.3508188998982232,0.19259040564177152,1.2504447497467488,0.07123207663401772,0.012824422074437377,0.3032771155570005,0.027834952632555653,0.062641221631724,,COMPLETE
164,0.3995929718017578,2026-04-26 23:06:04.239052,2026-04-26 23:06:18.792511,0 days 00:00:14.553459,0.034283700850285155,0.018677881549027088,0.01261193994429281,0.06860926893073678,0.0869032688463398,0.013608266988292568,0.04243361995462833,0.010093293990115977,0.11398603602456303,0.0164000037811203,0.012958500349655852,0.1320382104502374,0.01915153173949016,0.013306118841378129,0.3578882069650389,0.19739716464130055,1.2584203309040092,0.08619102795478173,0.013187537619107292,0.43494202748377747,0.02763919041511353,0.07591116135013865,,COMPLETE
165,0.39624972343444825,2026-04-26 23:06:18.794544,2026-04-26 23:06:33.299642,0 days 00:00:14.505098,0.026351573172825677,0.013405406846557446,0.02213938718570936,0.01674779000633049,0.2612852415375422,0.017008934346080022,0.0536296064111223,0.012104955604054151,0.07515350438251767,0.013062249210266932,0.015009160214055146,0.08774629439321581,0.020631465058210216,0.011338281941499342,0.30455514548132073,0.1885535378399178,1.5070326194696773,0.07258523628416678,0.01599234233334267,0.3043030104036222,0.04591610458183739,0.05834393078447634,,COMPLETE
166,0.43033777475357055,2026-04-26 23:06:33.301973,2026-04-26 23:06:47.714112,0 days 00:00:14.412139,0.051060793541461535,0.01653355347378759,0.014051683261960646,0.01272016122089577,0.10349877922076835,0.014839094552641185,0.0727075915830447,0.014642646561352838,0.16054845373320753,0.01476751345169622,0.011442718641400897,0.02085883540440569,0.017534792880921017,0.017379985149371578,0.4941573094944363,0.16004700499780944,0.08942608496571981,0.09562532775135252,0.012439072029210315,0.2517885865768962,0.06485977483844971,0.06395856196099253,,COMPLETE
167,0.44727191925048826,2026-04-26 23:06:47.714807,2026-04-26 23:07:02.036052,0 days 00:00:14.321245,0.030489004858999556,0.0176628337842425,0.011117485348967797,0.018709355399493435,0.08173183762724343,0.012216885589010129,0.06475727079924322,0.011744737142149892,0.14527220752632602,0.012512152017072184,0.017158200693332647,0.07088847904245285,0.014205631075307121,0.014237562087671922,0.27992057666347164,0.2660792945733719,0.9112185331352576,0.12491610157128695,0.010034058978090345,0.33259568367121006,0.03254320322967834,0.10778891413473785,,COMPLETE
168,0.4416265249252319,2026-04-26 23:07:02.038056,2026-04-26 23:07:16.317872,0 days 00:00:14.279816,0.021991885656846934,0.01213018816355585,0.010027046741550022,0.014879620230114856,0.09413875854854514,0.010041076776060183,0.07892971697750956,0.016602229523373833,0.11588460671081696,0.018701274027468042,0.021335547978367165,0.023082311537491847,0.024910024376440455,0.023570731405906615,0.3968868219193522,0.14239044507251813,1.8184994125874938,0.07662997167251927,0.013561393175993515,0.24729897545779425,0.025017740302008394,0.08939949611467576,,COMPLETE
169,0.44602289199829104,2026-04-26 23:07:16.319958,2026-04-26 23:07:30.758921,0 days 00:00:14.438963,0.036699593877440956,0.020550279022597047,0.015304089743275963,0.011357367697727135,0.07112778298880362,0.014374462256460883,0.04748606809350569,0.013558731136254835,0.19179653936566865,0.011181745309572774,0.013538157304443894,0.015768069633313144,0.02296711349997232,0.010058086118192207,0.2039168794265562,0.04044770463240072,1.2009910219854325,0.056385702686015726,0.016686523399252966,0.3842546477024021,0.040733600488988324,0.07876506848320097,,COMPLETE
170,0.4588221788406372,2026-04-26 23:07:30.760754,2026-04-26 23:07:45.308006,0 days 00:00:14.547252,0.023823009765538146,0.016015619564271732,0.026475864469796842,0.013043699006555241,0.10929342638960245,0.012236025618298675,0.056122131529256235,0.01507355769420877,0.21480303960545669,0.013874407432024996,0.011579402822333214,0.025456122991320943,0.016529646801041423,0.020798435518192913,0.3320488749704498,0.20761616219124063,1.0088679978923885,0.06915994317418771,0.011607625440809618,0.4981097685434541,0.03794872014895069,0.06494414507202813,,COMPLETE
171,0.4608264446258545,2026-04-26 23:07:45.309034,2026-04-26 23:07:59.669412,0 days 00:00:14.360378,0.02629094891507711,0.015741892864689074,0.033878828836054344,0.013099238617612963,0.12336923809142794,0.012024222041249819,0.0598950380760809,0.011998111190533282,0.20757736434235693,0.014050071752531415,0.011048780626608912,0.02221616393496936,0.016238427581404626,0.02110842281212496,0.2625683503054952,0.2365560861371722,1.0611387004246071,0.06980116424220772,0.011624680578993,0.707053488959557,0.03748191683513493,0.0637652762281008,,COMPLETE
172,0.44809420108795167,2026-04-26 23:07:59.670196,2026-04-26 23:08:14.041989,0 days 00:00:14.371793,0.02579885464732817,0.015537640657540442,0.027352400403531926,0.013175520723578832,0.11611626055828923,0.012607079163788816,0.03505680921070112,0.01163536027935585,0.22457910510436407,0.013399166325562465,0.011486431041123034,0.027146972597707913,0.01596199239399129,0.029293052597893405,0.34078224677600183,0.22376159314836758,1.004088455512674,0.06709112690803995,0.011592860506341396,0.542077917025883,0.0530924829453025,0.06267515523437588,,COMPLETE
173,0.4732040524482727,2026-04-26 23:08:14.042914,2026-04-26 23:08:28.469092,0 days 00:00:14.426178,0.019483360266397413,0.019593003982644866,0.03525681000320821,0.015973582059257575,0.1029754857439688,0.011013743160594116,0.05705696832551312,0.014811658691560004,0.2052139782215047,0.011134255304039525,0.015044545037234595,0.024259086820967064,0.012047927324508519,0.019211961420767993,0.4506672885640917,0.20722878082236165,0.8705932660870203,0.07103531894080638,0.010022228702909726,0.6472326886744793,0.04046072100442415,0.05226430753573119,,COMPLETE
174,0.47452993392944337,2026-04-26 23:08:28.471095,2026-04-26 23:08:42.860536,0 days 00:00:14.389441,0.018971739549779678,0.020948468641185946,0.038981639188372,0.016101342010004144,0.09058884094059579,0.010026822187137062,0.06570778123706483,0.010103772204303066,0.17073462824513275,0.011039660631461196,0.0153029664482261,0.02163165734585501,0.011780877617432226,0.02472702632289036,0.46115655334514566,0.1637165938666626,0.8352484428862121,0.08303586027231674,0.01013659483564191,0.1826671996192231,0.030864608505643862,0.05297302253975693,,COMPLETE
175,0.47376739978790283,2026-04-26 23:08:42.862500,2026-04-26 23:08:57.119600,0 days 00:00:14.257100,0.029905881805761817,0.01882751608251341,0.04809852700735825,0.017538404552361782,0.09206349231983181,0.010897345832112834,0.05094724450919688,0.010089791719837551,0.15527080009097166,0.011361916302133016,0.015615797696233972,0.024143522989491163,0.013721137040153998,0.01913764223093991,0.4969096425066159,0.17284398349922883,0.8391988075125485,0.08463772490488994,0.010001345227301364,0.8022555596618318,0.030863195532775535,0.05249609363923007,,COMPLETE
176,0.447641921043396,2026-04-26 23:08:57.120252,2026-04-26 23:09:11.474532,0 days 00:00:14.354280,0.03295752657795674,0.017916742608319637,0.03495539778849396,0.0196808512641219,0.07903571822258051,0.01001224766271212,0.049068459710562985,0.010179062999127863,0.15478243644195713,0.011224422495823349,0.01860042182582465,0.030032021798866246,0.01152241408172741,0.024018790851868674,0.5900175955657596,0.12734707658840025,0.8391735768962605,0.07734185981598188,0.01022652072258614,0.6658141424242178,0.03215423997008796,0.050820137016468314,,COMPLETE
177,0.42484149932861326,2026-04-26 23:09:11.476063,2026-04-26 23:09:25.880044,0 days 00:00:14.403981,0.020137152827879905,0.0216745654374852,0.04982670914556104,0.021173303182373947,0.08854524742366102,0.01409341865399348,0.06753964910886158,0.012097616605183882,0.13140769699232535,0.010020899262702167,0.015746115340508418,0.022298434182143306,0.012631810891873204,0.018976558253622263,0.4493483859322727,0.16663665724550733,0.6937088358973645,0.0930460437351496,0.01007267833441491,0.7846695692805997,0.037990378910480446,0.056562380330126234,,COMPLETE
178,0.4359499096870422,2026-04-26 23:09:25.883271,2026-04-26 23:09:40.300068,0 days 00:00:14.416797,0.028328430941114265,0.013502887134041314,0.041405865552453985,0.015011614681931988,0.10495119864251633,0.015840022293297194,0.04514346102512623,0.013460062510116106,0.18121286213468846,0.012709568599622063,0.015003043982891484,0.023416259974253055,0.013823902787980387,0.02021998293575057,0.5420117898715232,0.352303254064543,0.793352514152351,3.674083357687656,0.012314081878309352,0.9351929123797215,0.048235218115464475,0.04546244088211362,,COMPLETE
179,0.3658329725265503,2026-04-26 23:09:40.301363,2026-04-26 23:09:55.019718,0 days 00:00:14.718355,0.041030004039295666,0.018717838327996308,0.0552953200393698,0.017264147710295507,0.05506966223014505,0.1495298693396827,0.07628980537372962,0.010192565043353394,0.1627605588709173,0.014657510662253738,0.019735640485043473,0.021242385259579975,0.012119773074160576,0.01592688198636819,0.477195338533587,0.17650345663403694,0.94750374102858,0.05572977759638578,0.011267299352176338,0.18774089576192252,0.029711164440584723,0.053969880126795614,,COMPLETE
180,0.4595205307006836,2026-04-26 23:09:55.020566,2026-04-26 23:10:09.407554,0 days 00:00:14.386988,0.029863152214059725,0.015615597086527792,0.033758507160787946,0.01758771503037233,0.06522327742173518,0.010969785216851661,0.05318126550044642,0.011678368273359524,0.09927913365393594,0.011277608484269315,0.016551144694987946,0.0278945553463901,0.01451790732490002,0.0221626704535058,0.43675199334117004,0.1530138509455036,1.3646954712170218,0.08179892779077881,0.012421153211730698,0.6741357847015464,0.03993690923679831,0.043493519908636306,,COMPLETE
181,0.4431448817253113,2026-04-26 23:10:09.408587,2026-04-26 23:10:23.888897,0 days 00:00:14.480310,0.019305213273095412,0.01947584824093848,0.04598446217972583,0.015321261893398207,0.09631565143900744,0.01139864039477741,0.0606748016378472,0.016204886871342583,0.20441564912935503,0.01206783528149381,0.013306297491847321,0.018702546188623128,0.019514858427706516,0.02566889463800394,0.39017981403421503,0.2384061200568607,1.111059663972774,0.08365426469024205,0.013528621432068611,0.2084743614402709,0.03433140924245791,0.06934659795108883,,COMPLETE
182,0.47456127405166626,2026-04-26 23:10:23.890545,2026-04-26 23:10:38.229384,0 days 00:00:14.338839,0.01844243261981821,0.021104895973351124,0.03765115137749607,0.012371316579332131,0.08604197823254575,0.012704117761563358,0.05717915802891128,0.011232058295120771,0.14142929038496826,0.012217818840279834,0.014058498909485916,0.023330190708883185,0.011414647735359024,0.030012398519345625,0.2489121409249462,0.2851643468692157,1.1897401958479954,0.09613783982068519,0.010022790872237985,0.5739233374456992,0.027052493010708955,0.051395383340354685,,COMPLETE
183,0.4517170190811157,2026-04-26 23:10:38.232293,2026-04-26 23:10:52.485385,0 days 00:00:14.253092,0.026037680149417573,0.026446068136266012,0.039182128208127734,0.01346721391724459,0.08551308247491045,0.010005131968432598,0.06536257847138204,0.012910961645862471,0.13447057150756087,0.013550277779987695,0.014403562078824098,0.024399572954043415,0.010807596978335096,0.028443000412119904,0.30999300454733186,0.25770395654685063,1.2673629292273936,0.09573814102436752,0.011158897474429014,0.7421238454843259,0.02753750323009184,0.05052424276642812,,COMPLETE
184,0.4384645700454712,2026-04-26 23:10:52.487981,2026-04-26 23:11:07.048031,0 days 00:00:14.560050,0.022108077777399305,0.01710738000991006,0.03713512165765777,0.016217630011782898,0.12095124198826508,0.013397993059475814,0.04157303881748226,0.011142396173768939,0.11978435091881907,0.010975066879655214,0.012386491498117208,0.025974369682773814,0.013209879586397952,0.01837990868761422,0.5171427384411711,0.2933274245211048,0.8592499036885339,0.07336055190956195,0.011110480289078023,0.6512131943699481,0.03145069728716938,0.06109691620757612,,COMPLETE
185,0.4466472387313843,2026-04-26 23:11:07.048732,2026-04-26 23:11:21.498439,0 days 00:00:14.449707,0.019727911773510364,0.022261907332365743,0.04547708851647127,0.014076870812996765,0.07388201645110642,0.013199175512227272,0.08771074200481029,0.010007939438524363,0.1579719594538717,0.015797256791272148,0.01582471797202973,0.03277386842214525,0.015386243497555631,0.03473171673115798,0.38673264853185524,0.18994281918237926,0.7491454098953559,0.117524075717667,0.01006925286939447,0.45206696687927805,0.02541437589698154,0.055673440531578626,,COMPLETE
186,0.49034600257873534,2026-04-26 23:11:21.500086,2026-04-26 23:11:36.003353,0 days 00:00:14.503267,0.016921893721473524,0.013833721986393458,0.03272358860020678,0.012083284387781555,0.10423371415900058,0.011908299942179559,0.07244239817650214,0.014056476385407964,0.143901462771382,0.012357479614015668,0.0226817628438275,0.020748059216849028,0.01770613316076054,0.016035275795889,0.2827358016634819,0.27365198400494395,1.0230375667433529,0.06959268959802346,0.01245683797740254,0.2315584407105936,0.023056861398140498,0.0476578787642197,,COMPLETE
187,0.4353139281272888,2026-04-26 23:11:36.004821,2026-04-26 23:11:50.749384,0 days 00:00:14.744563,0.017027028992640504,0.30679534938934744,0.0178198458339697,0.01223815226106527,0.08184138005621441,0.01473063325999957,0.07220443201911719,0.014558992813311992,0.13601750306630353,0.18811416045230267,0.022967121075673832,0.020515357997799397,0.011168882385660007,0.015558040670101091,0.2828176813257024,0.2791401962444214,1.1888871121746578,0.060959368464359266,0.01289280939906376,0.23553207417826838,0.02312737341603872,0.040976324597232924,,COMPLETE
188,0.45055036544799804,2026-04-26 23:11:50.751593,2026-04-26 23:12:05.151043,0 days 00:00:14.399450,0.016830100472548546,0.013857519770605198,0.06663798840374432,0.0115225543978226,0.06128148508264254,0.011021224987417892,0.05085888392905445,0.019320462858332277,0.10870040213631309,0.44670227667406726,0.027181780203937946,0.01636569191162531,0.01814687068913821,0.011965567811044494,0.34269064069505883,0.19459432013754346,0.9168772653119339,0.09381022782909335,0.010036059357109987,0.17386015497337998,3.1984328964579247,0.04772268657207513,,COMPLETE
189,0.40329489707946775,2026-04-26 23:12:05.153719,2026-04-26 23:12:20.063575,0 days 00:00:14.909856,0.13427594499938011,0.02808464403421787,0.18402830263071268,0.01607096604144906,0.1020876386387946,0.016958087076317817,0.08242988729691496,0.016998091742265284,0.1722308207364375,0.012324697834145503,0.017800335534669545,0.04494088631209357,0.014029387015291273,0.03172947446913184,0.018811053934888685,0.15889025642057375,1.3403379535496427,0.08390735351986167,0.014620894845518507,0.15643445635203018,0.030105230552329023,0.05387743489919463,,COMPLETE
190,0.43480499982833865,2026-04-26 23:12:20.065839,2026-04-26 23:12:34.681160,0 days 00:00:14.615321,0.01851483997335981,0.0213124015743987,0.03098077482555993,0.018886823357231203,0.09375646621737227,0.01315923435051038,0.07168402414596627,0.013610218282287933,0.15242720358698064,0.010150717584173763,0.020542957166919583,0.02904134505313987,0.012084006411915512,0.01715256805608221,0.23776375293897897,0.12777368054668872,0.9888448435418798,0.050599857134222055,0.01247209796944659,0.2801144451248478,0.023533672563278898,0.04297476629388424,,COMPLETE
191,0.45432946681976316,2026-04-26 23:12:34.682973,2026-04-26 23:12:49.401160,0 days 00:00:14.718187,0.024851878716846902,0.015072189408950115,0.033118716008209814,0.012155343174287403,0.14704160488175352,0.012107223229619416,0.05972279896030854,0.011853453010838465,0.19008886895601812,0.014106460357706166,0.012940835151595591,0.022719494512086956,0.016782632558365297,0.0227722073997574,0.2568952872267249,0.23579344534968869,1.1257758286920623,0.07002133265393179,0.011257502443946922,0.620929743686335,0.03529642999342946,0.06504379700545655,,COMPLETE
192,0.4794921398162842,2026-04-26 23:12:49.412279,2026-04-26 23:13:03.793677,0 days 00:00:14.381398,0.021740903788990403,0.011021471266523464,0.042827013969946176,0.013938133308878525,0.10669655356449327,0.011033221718929766,0.05597312408382033,0.012560912166113162,0.13839709453230367,0.012427207184254652,0.011092474324615078,0.02096112314210878,0.019850648867615544,0.01428811424761436,0.2067147461307848,0.28292681374687056,1.0405615459808562,0.06508450674138345,0.011752334121205821,0.2210603967417004,0.026673317364835906,0.06032178496703821,,COMPLETE
193,0.47435160875320437,2026-04-26 23:13:03.794333,2026-04-26 23:13:18.089478,0 days 00:00:14.295145,0.021292529406609594,0.011077619417450373,0.04090757077513455,0.014459736028309873,0.1081493683358156,0.01091214486376189,0.05501975879614427,0.014903325136537722,0.12312821466484729,0.012225199712445735,0.014558856600032137,0.01813049389223481,0.019589147837071313,0.013344947107759863,0.1948135696817035,0.36280181001290146,0.8506395661989175,0.06157424322323636,0.010071460837455576,0.1904696386877575,0.027108974962047182,0.048930638363685955,,COMPLETE
194,0.4788821220397949,2026-04-26 23:13:18.091809,2026-04-26 23:13:32.437197,0 days 00:00:14.345388,0.02078496429194706,0.010719673601750662,0.044378985957559965,0.011238158671140528,0.10877226899615698,0.010637460557622765,0.05400225761075889,0.014799012672605983,0.09195625504977678,0.012476539254231733,0.014905425984751586,0.017120601434963356,0.019634358831965737,0.013698856825225625,0.20458269493021597,0.32334542024089546,0.7355982332233,0.06081013793924159,0.012589486574487703,0.8498613138405633,0.025411204852541967,0.07045162546278443,,COMPLETE
195,0.4416337966918945,2026-04-26 23:13:32.438877,2026-04-26 23:13:46.802589,0 days 00:00:14.363712,0.02039526875755445,0.010193011181651404,0.04735743177711938,0.014162232143180329,0.10928733466234983,0.010013503512310609,0.04923335952925401,0.015606636651851078,0.09070851173529927,0.01688706450743139,0.015547974129127142,0.017846725068853375,0.017293154687144808,0.013974824012664536,0.15272001146368364,0.3942710051102465,0.7225654553054693,0.05867515618156451,0.015187500339998012,1.0054894859472385,0.02758533034106922,0.056732520391018205,,COMPLETE
196,0.4774129629135132,2026-04-26 23:13:46.803226,2026-04-26 23:14:01.142676,0 days 00:00:14.339450,0.015734224145273916,0.010814124414829063,0.05459946849695222,0.011323378964068572,0.1633000280287155,0.011038123551202502,0.04284477106162313,0.013732035644997113,0.12394556706411285,0.012453673417052566,0.013350857606630285,0.020674404597523843,0.019927443859526116,0.015622738816968879,0.19590360290081577,0.35023449230836945,0.8292417478144335,0.06285052768858383,0.013033712084038368,0.8681741051065874,0.022610709264690783,0.05104085622235988,,COMPLETE
197,0.45993632078170776,2026-04-26 23:14:01.144860,2026-04-26 23:14:15.426676,0 days 00:00:14.281816,0.015980518265937244,0.010708454263142349,0.05662794836171289,0.011050482305547478,0.3760245818021088,0.01094683689375648,0.03640910755619035,0.015537993854698718,0.13893876688374104,0.011080835082828953,0.014275824742850973,0.019749982575016575,0.019178934663545946,0.01578996759036413,0.20485676813027634,0.373080341990463,0.5893694198262999,0.06310275631923777,0.01283578742639688,0.834893077728649,0.023605827627867018,0.03728598914338305,,COMPLETE
198,0.4730093598365784,2026-04-26 23:14:15.427367,2026-04-26 23:14:29.670076,0 days 00:00:14.242709,0.014729924143945278,0.011255881704922959,0.04219344907044546,0.010023350444484271,0.16453569339242027,0.011011596947040818,0.04402884952684727,0.013832517450287877,0.1038097706710586,0.01258858122596275,2.8850912014480206,0.01821589569888686,0.01460294912112483,0.018708384926242196,0.18916245942528453,0.3509686692257408,0.8038008961860187,0.05167537448589292,0.014511195602605284,1.044647459852061,0.022976943316973312,0.050504082917823524,,COMPLETE
199,0.4444239974021912,2026-04-26 23:14:29.671043,2026-04-26 23:14:43.921215,0 days 00:00:14.250172,0.018069056443834476,0.011354150165134538,0.04140225937348869,0.01005709816672984,0.2088980512186696,0.01001228112117878,0.03868018732548179,0.014110137110407471,0.10110847335468556,0.010044390063193014,2.4462250616400425,0.01707115920242495,0.01861875570875933,0.017573389503833824,0.1908423702648831,0.4184188478718153,0.788589661790264,0.0545270621840978,0.017570347279762095,1.239962227055038,0.10565817863910304,0.04908058587105615,,COMPLETE
