number,value,datetime_start,datetime_complete,duration,params_BOUGUER,params_CRUST_RHO,params_CTD,params_DEM,params_EMAG2_LOG,params_FREE_AIR,params_GEOID,params_LAB,params_LITH_RHO,params_MAG_SEIS_MOHO,params_MOHO,params_MOHO_GRAV,params_P_DIFF_40_60,params_REVEAL_P120,params_REVEAL_P210,params_REVEAL_P40,params_REVEAL_P60,params_REVEAL_S100,params_REVEAL_S140,params_REVEAL_S200,params_REVEAL_S220,params_REVEAL_S50,params_SEDIMENT,params_SI,params_S_DIFF_200_220,params_VOLC_DIST,params_VPVS_DIFF,params_VP_120_VS_140,params_VP_40_VS_50,system_attrs_fixed_params,state
0,0.29330938796995104,2026-04-12 23:25:36.755736,2026-04-12 23:25:39.632161,0 days 00:00:02.876425,1.0,1.0,1.0,1.0,1.0,1.0,1.0,1.0,1.0,1.0,1.0,1.0,1.0,1.0,1.0,1.0,1.0,1.0,1.0,1.0,1.0,1.0,1.0,1.0,1.0,1.0,1.0,1.0,1.0,"{'MOHO_GRAV': 1.0, 'MOHO': 1.0, 'DEM': 1.0, 'LAB': 1.0, 'CTD': 1.0, 'EMAG2_LOG': 1.0, 'FREE_AIR': 1.0, 'BOUGUER': 1.0, 'SI': 1.0, 'GEOID': 1.0, 'REVEAL_S50': 1.0, 'REVEAL_S100': 1.0, 'REVEAL_S140': 1.0, 'REVEAL_S200': 1.0, 'REVEAL_S220': 1.0, 'REVEAL_P40': 1.0, 'REVEAL_P60': 1.0, 'REVEAL_P120': 1.0, 'REVEAL_P210': 1.0, 'LITH_RHO': 1.0, 'CRUST_RHO': 1.0, 'MAG_SEIS_MOHO': 1.0, 'S_DIFF_200_220': 1.0, 'P_DIFF_40_60': 1.0, 'VP_40_VS_50': 1.0, 'VP_120_VS_140': 1.0, 'VPVS_DIFF': 1.0, 'SEDIMENT': 1.0, 'VOLC_DIST': 1.0}",COMPLETE
1,0.28388169924333306,2026-04-12 23:25:39.633078,2026-04-12 23:25:42.171187,0 days 00:00:02.538109,2.962151658830349,1.0952662748632553,0.18410729205738682,1.7524101118128137,0.18408992080552522,0.1255111517297383,1.5958573588141265,1.040166367988731,0.31245650712608714,0.17258215396625,4.123206532618726,0.432845022129388,0.4192159350410975,0.7790143126276238,0.541828231953324,0.20492680115417347,0.32877474139911184,4.44475416669081,2.595942550311263,0.22948683681130555,0.20366442026830908,0.10838581269344748,0.7475992999956502,1.0502105436744278,0.3135775732257744,1.0150667045928572,0.21839352923182975,2.157696745589682,0.5954553793888989,,COMPLETE
2,0.3080546396746179,2026-04-12 23:25:42.172034,2026-04-12 23:25:45.017037,0 days 00:00:02.845003,0.3292529363110524,0.20609249413202357,4.09381360859878,0.1948567125127257,4.370990468130502,2.3628864184236402,1.4537555576161922,0.12897950480855533,0.8488762161408708,4.439102767051396,1.0769622478263126,0.11992724522955164,3.946212980759093,0.3385226783451977,0.7648565112369945,0.27520696850790527,1.3353819088790582,0.16119044727609197,0.6938901412739394,0.11439974749291269,3.5067764992972172,0.5595074635794794,0.1413663700812185,0.1465352103067214,2.074566765675251,0.21526280972215278,3.683296438423419,1.0370844668954533,3.3134836155089475,,COMPLETE
3,0.26804080554936993,2026-04-12 23:25:45.017746,2026-04-12 23:25:47.889993,0 days 00:00:02.872247,0.8356499023325523,0.4064644058668375,2.558586885593424,0.45745782054754014,0.4037506188440754,0.3001230180898044,2.306261812167793,0.28907721743726744,0.13359790328445564,0.15734685129393672,0.35704789209099796,0.11935477742481386,1.1454201562599386,1.7320535358459537,2.043455498416139,2.4290950368254953,1.5882886211970033,4.749974771378395,2.051259942215136,0.21757649801197562,0.10218376758008087,0.13386261584543913,0.3568426123255424,0.17355056469855074,2.9267581150621287,1.7361170890393296,0.3375589571206083,0.12822825454807552,0.36491004518573583,,COMPLETE
4,0.28845498528167846,2026-04-12 23:25:47.890922,2026-04-12 23:25:50.540686,0 days 00:00:02.649764,2.0410334065257048,1.9215811115723025,1.6284765129487637,0.6342770438858341,1.9613313824155445,0.8986552644007192,0.7728716861851782,0.15965665886173755,0.49799877736850856,0.24474916579073802,3.216235469207419,1.2111307195599326,0.3106554858581908,3.482797436617689,0.26517954410462846,0.3420435321164826,0.73121711727864,0.11045524260304719,0.15251209898002926,0.11308297976636,1.2057081573389115,0.5325732706437204,1.1916095713775827,0.6901506581791922,0.13514082247401413,3.024025177405686,2.360327600127808,3.797767944247853,0.1878927968546051,,COMPLETE
5,0.3052619562365072,2026-04-12 23:25:50.541507,2026-04-12 23:25:53.062959,0 days 00:00:02.521452,0.1538065811598201,0.7610438922351125,2.3540549916739844,3.284210350911731,3.3299080375866614,0.34695916603302895,0.5316714274124602,0.8247575333443021,0.35408871584750534,1.5646172845245514,0.20748033175894867,2.3196088229293594,4.477427984113195,0.37462611558389586,3.999220074578463,0.23842649129817403,0.1598260858385584,2.899715852166587,0.10275701058256682,0.7374699809816788,0.5118807219845012,2.453480159918335,0.32447648098898546,0.24392426447067803,0.4147589698454849,0.30474420508418104,0.699536365395908,0.26777533310313256,4.31687113842961,,COMPLETE
6,0.305288985603324,2026-04-12 23:25:53.063813,2026-04-12 23:25:55.594064,0 days 00:00:02.530251,0.17626741740706342,2.625148553475693,0.2974486379287082,0.7145565133513968,3.4923398229690443,0.25527510672017345,4.727053921131418,0.12230968684637636,0.14236381287235736,0.3507484078994471,1.0855042274745075,0.1155233613914713,0.11729398526129194,1.1921968649009667,0.8133268642646567,0.42155331669491175,1.1865024511462618,1.3865582968261485,1.9677452882613438,0.2533605885076776,1.7267033554444338,0.25777728526856764,0.7413627235366395,0.6785245383889537,0.2074384957294224,0.2425546071605745,0.10670437436886865,1.416320452869399,1.0090423315981845,,COMPLETE
7,0.3011111170152019,2026-04-12 23:25:55.594909,2026-04-12 23:25:58.208571,0 days 00:00:02.613662,0.15587917868879184,0.3767050528609561,3.903697468383557,1.492390555251755,0.17125527562127538,0.3797182755664948,3.0943771470831383,0.45399571411797673,1.1902012049596233,0.3920095005479951,0.19780776349405252,1.2477547117579695,3.3432081915002594,3.3445882537423945,3.3867510216238226,0.25757267464272166,0.1439391089327091,1.3221876538695285,2.445884838854264,0.8775452610882297,0.7940730292120066,0.27430586177787175,0.13897967017840054,3.7241461894928167,1.7115000764688548,0.1881925110523379,1.2325158377757162,2.113416820082882,3.2146465264678445,,COMPLETE
8,0.25865227568226945,2026-04-12 23:25:58.209497,2026-04-12 23:26:00.659508,0 days 00:00:02.450011,0.8556226023737441,0.4214422962057286,1.3405085969289574,0.1036634157292471,0.10199983732585115,0.18758929697854748,1.2813348073648008,0.1487294964712418,0.14426155883642527,0.2822090051553566,1.0722715472299058,3.36214634822542,4.498997443951861,1.3099797385674432,0.9237177101041923,1.2697166345350421,2.7720757993795844,1.621702307943825,0.25297586129952526,0.35714479620010053,1.8546693963465997,0.24045113403355006,2.2405805612946135,1.4979909410671277,0.25973536453725443,0.7144393131097432,1.1810970754652488,3.2776331220237247,0.46543736260056773,,COMPLETE
9,0.2509181810978328,2026-04-12 23:26:00.660393,2026-04-12 23:26:03.473638,0 days 00:00:02.813245,0.19994278254364248,2.7929018550910776,0.2999327032958846,0.2146406524604869,0.10997959032388707,1.2492175283159117,4.1753803075184335,1.6882022447363862,0.45109653340121175,0.34549437457269533,0.6867090776580449,0.9553057578887411,0.8830568083719574,2.81343883728721,0.31641701954844287,4.38851454510497,4.336720537130749,0.42548918777106237,0.1062332156990954,3.7773340393735215,0.5339148796046899,3.583662952414401,0.1462513716989619,3.961055478182881,0.19407209432804684,1.1088653955197347,0.9300725537404403,1.5224174271071171,3.89492303883841,,COMPLETE
10,0.27788550898583253,2026-04-12 23:26:03.474326,2026-04-12 23:26:06.076390,0 days 00:00:02.602064,0.38471569858573823,0.1411475375744899,4.694587995591945,0.24592266640710253,0.9591306586964499,4.271906202534824,0.18074074732332313,3.8364834250811493,3.301643616195548,4.9759253777463925,0.10237384946561917,0.3006266993930878,2.194309355738222,0.10570905089825085,0.11186259266452868,0.11165481730607958,0.299390907409177,0.10354983379808327,0.47277268411994716,2.1245986901363914,4.882950331441303,1.00739266866336,4.922686868821581,0.11447689083124304,4.868571330735698,0.13592684560311952,4.845805299341187,0.4653693802103219,1.822145599469548,,COMPLETE
11,0.29525721815098804,2026-04-12 23:26:06.077320,2026-04-12 23:26:08.621528,0 days 00:00:02.544208,0.34452590988896264,4.078173982345347,0.47430137697113445,0.374664403578959,4.908267283569983,3.3088555142988096,4.883827310709064,0.11051158946165518,2.713916521689966,4.672553729801875,1.9135605088838479,0.10116148148868637,0.10625556226593508,0.36245843422430474,0.5415243811475672,0.5367720088609034,1.5551821783887179,0.3917750867535228,0.8425124754124721,0.10887995298124047,3.584829348240464,0.43068002442276226,0.33585137688922484,0.3629092415676978,0.7211295584283746,0.35361377419940165,0.10852543171450915,0.7237158835153942,1.3677052768780333,,COMPLETE
12,0.30642190852187445,2026-04-12 23:26:08.622210,2026-04-12 23:26:11.368974,0 days 00:00:02.746764,0.351709954324241,0.13346795039233209,0.10529096108845992,0.10256899912949333,2.07453198221127,2.5981168684058553,0.34264798083024633,0.3006868156531187,1.551154353418854,2.4316469786803747,1.8876513253530876,0.20429781711770043,0.101501658431785,0.3569553386586243,1.5825696392355095,0.4099993204480416,0.4370235555834694,0.24304502865536418,4.939700593732622,0.34013055588342356,2.562734480318982,0.2518892983548897,0.4976822974191909,0.4397482273879362,1.5234400721507122,0.34863173285790217,4.832259207239229,0.38419907416983695,2.0961949094059205,,COMPLETE
13,0.2989527126471011,2026-04-12 23:26:11.369812,2026-04-12 23:26:13.825724,0 days 00:00:02.455912,0.4344759255959666,0.1033528853534306,0.10901312288398804,0.1106198992733577,1.8215980917220378,2.144294889749604,0.3489344821287616,0.2927056040374204,1.7143295697396068,2.367176431315815,2.1530997124588245,0.2228750438560285,0.2681294433004453,0.2836219594607184,1.7361662759490577,0.11762302532254444,0.4441638392894503,0.2435375439520972,0.4448514453646972,0.43039448896484384,3.0905633075783303,1.3080781969353894,0.2564219898043445,0.3565349447689046,1.4839008161633727,0.44714857189397234,4.853846679767199,0.328503449147539,2.165205954208912,,COMPLETE
14,0.28434272167362423,2026-04-12 23:26:13.826655,2026-04-12 23:26:16.412499,0 days 00:00:02.585844,0.1035478113099931,0.1808559424638677,0.7001203563466535,0.18084537142653817,1.7692499862492705,1.9182268332937737,0.1425779663991945,0.2741626291067073,4.915301506662266,2.6166598359141884,0.5696572565636993,0.2005239281063061,1.6806444817664092,0.1903094061672556,1.6987886730233817,0.756577682486808,0.5035507894745244,0.24318330792911041,4.407412965793335,0.15505679842647643,2.4220238328882955,0.44566228442287564,0.10225041334238645,0.10579248993606635,2.3013760028391856,0.1035044697124402,2.118810638592363,0.1599393152497496,2.394872373572391,,COMPLETE
15,0.3088512977704615,2026-04-12 23:26:16.413280,2026-04-12 23:26:19.124553,0 days 00:00:02.711273,0.5362612588596554,0.2066066047667093,0.13594146452907233,0.15843623254905936,2.9210529554209588,2.3187122454449587,0.3150545053029457,0.457763930096061,0.7770124013045979,0.8610286782274048,2.0202001286378013,0.4296491952099692,0.5377644567142932,0.4461700918642478,0.3195957045022981,0.17771724835057892,2.1281094345957396,0.189880017604651,1.0526688105574167,0.519021474148709,4.308488374779874,0.6894364792221,0.21635105951498795,0.3834918195661984,4.245797219334227,0.5160694392373987,2.5010967277498293,0.5322354284298381,4.58976208550703,,COMPLETE
16,0.29450212842823864,2026-04-12 23:26:19.125257,2026-04-12 23:26:21.775792,0 days 00:00:02.650535,1.4320558649952642,0.2539895905663853,0.5617796579565599,0.31769088144609625,0.5026960246578991,0.5406127874228773,0.2589909929376795,0.5545349359867842,0.7583000780874661,0.609764836198339,2.5390575371397306,0.5396250749236621,0.6183160077295631,0.5706669642612222,0.22502954791541482,0.17202334507454084,2.5713483396535244,0.14642650997964757,1.277629878503749,1.7051919576194896,4.685942844211122,1.5927465157837761,0.20157864732318492,0.1956335012305437,4.797727692785037,0.5257152847273063,2.455156339654898,0.6747280670468467,4.9273706051770585,,COMPLETE
17,0.3151598660088173,2026-04-12 23:26:21.776721,2026-04-12 23:26:24.290783,0 days 00:00:02.514062,0.5731712012190633,0.24846529663299013,0.21371593396114438,0.15777222591563492,4.819579494612539,1.3751221060627097,0.48768345913168454,2.018838811558495,0.6711775496093682,0.7135154445662872,4.931535578780688,0.4039833070571085,0.4973222488597627,0.1775796652421519,0.4290311755600537,0.15954546872866976,4.613805446769346,0.5562447673901625,0.5549349785179124,0.579379971711997,1.505533121608753,0.694066765194083,0.18353073594716932,0.25615312940888785,3.169486541630274,0.20006028835557943,3.0936939373386654,0.22086612247028015,0.11152272414171292,,COMPLETE
18,0.2895493612258247,2026-04-12 23:26:24.291724,2026-04-12 23:26:26.916967,0 days 00:00:02.625243,4.899130072587948,0.295281334013045,0.17932947890240925,0.1601178482125902,2.670379143275841,4.822298132326869,0.5203633518492554,2.154717524250109,0.26827014793262544,0.7299667068913216,4.078445499731221,0.4488913444984818,0.1996667485394907,0.11725527548945465,0.16004791704192903,0.14623628615163792,4.9053686477700165,0.5763528389893083,0.3485613633370402,0.5139835303597724,0.3506992803116066,0.8409054412534691,0.21719323776476412,0.2458007447390899,3.2777646926735398,4.642491946671225,1.6118411191319801,0.20799769523786574,0.11562032329478213,,COMPLETE
19,0.3039141794735463,2026-04-12 23:26:26.917786,2026-04-12 23:26:29.420412,0 days 00:00:02.502626,0.5808803763118876,0.5587882305129338,0.17584234946330432,0.29174501160803257,1.017057654789277,1.4456977918861869,0.10261731850625408,4.162085208520946,0.5720575671329103,1.0790146298565053,4.645142042996751,0.6814273491102459,0.48961035289512395,0.17805644689703506,0.40004684989331035,0.10056885984669577,2.797245586038953,0.6658505718052288,1.4201353788512359,1.4840819229384137,1.4692534377004034,1.6605116744337107,0.5668185741213718,0.4630198944832034,1.0383450704113706,0.640221055824937,0.4802776376317293,0.1059609461372389,0.26055745535518654,,COMPLETE
20,0.3077578295728918,2026-04-12 23:26:29.421363,2026-04-12 23:26:32.211387,0 days 00:00:02.790024,0.5591441130035115,0.25286247212500174,0.32566778842696087,4.685829677099449,1.3081373370079268,0.7993408258595464,0.23824194473196128,1.791372146876866,1.7036071595430324,0.5424003258467135,1.5214827326691756,0.3292615457950185,0.17841968578516287,0.5628721538934656,0.17220799945699353,1.9340912875361111,2.308048704721361,0.37691016720258896,0.65598028131951,0.5710214832154459,2.0308920800036185,4.661142481797667,1.8808618027439086,2.367032743983539,3.5109542130513307,0.16125670899509784,3.2941836094572405,0.5229513250099894,0.1020019125385911,,COMPLETE
21,0.29679395744789694,2026-04-12 23:26:32.212057,2026-04-12 23:26:34.835192,0 days 00:00:02.623135,0.2861318929463818,0.19845582080956942,0.1439297953205091,0.1590860389433453,4.194485091475907,1.6064708153699405,0.5127554565461254,2.5171632525060788,0.8170298745993142,0.1070302428171855,2.902924337774324,0.1582963824501164,0.7160840389528821,0.22314912555616145,0.44017030412691066,0.2934618854764352,3.9485006272124843,0.16115230715639556,0.6503770931893327,1.0941319457663734,3.463413463072255,0.6424420105755092,0.10430246447335129,0.14753612912880346,2.1496363490456893,0.23376601790346357,3.1334632967905693,1.082912015560149,3.042177807436134,,COMPLETE
22,0.303111766996128,2026-04-12 23:26:34.836144,2026-04-12 23:26:37.394046,0 days 00:00:02.557902,0.2512507606574903,0.10382005614298548,0.23222752772665417,0.15562893858660837,4.835456843615299,2.9108683481939908,0.8050121457501632,1.301546142709516,1.1831995679669016,1.391817198001206,1.403279052100924,0.30922328925336273,0.40909377945516334,0.156328618961083,0.5742463124908598,0.17024566262148563,1.7938489335146355,0.1832875439751901,0.31089711470982245,4.689947920001015,3.779563916573332,0.7073553440205049,0.17688584262360937,0.2671803694903698,2.574132457209001,0.11478844363659857,3.2809831490730006,0.22876385330558643,0.1991129098485712,,COMPLETE
23,0.3033647705523623,2026-04-12 23:26:37.394778,2026-04-12 23:26:40.386995,0 days 00:00:02.992217,0.5621511016935781,0.16773248584770628,0.4983521948403592,0.43028922664597563,2.92371761478154,1.2852311570390298,1.5882988411460832,0.49054401771063655,0.6475013618287465,3.253156444333533,0.4301751543554406,1.689540898579375,1.468293854125992,0.5354282288146114,0.35579096346141814,0.5413607617811124,0.9675173585760536,0.342641495020837,1.15395673540266,0.1820293921972672,2.501906983809686,0.37109293623171397,0.14695756754660072,0.15873153574957746,3.8736373662743637,0.19938426252802235,1.71609540193659,0.7391834555777599,0.9838612279792088,,COMPLETE
24,0.30997674961397825,2026-04-12 23:26:40.387745,2026-04-12 23:26:42.815386,0 days 00:00:02.427641,1.0289781674862095,0.28911278320672834,0.35970657586340493,0.21739771013712259,2.52730223634443,2.1400483058945485,0.3613241367678494,0.20330139358189414,0.21826602281437318,1.7474842176498528,0.8133319368656676,4.923622908063306,2.6420876470017203,0.2612644199836799,1.122102765338221,0.14259693903240767,3.418890617366494,0.9575498926068188,0.5288463945274047,0.6057369502473728,1.3186483490772465,0.5841271140911614,0.26395703607452153,0.5121728983297618,1.0664093980228893,0.298926616161973,3.420408143152006,0.5303740540416427,1.4442430244717803,,COMPLETE
25,0.31521075044752866,2026-04-12 23:26:42.816123,2026-04-12 23:26:45.417918,0 days 00:00:02.601795,1.4151134875581026,0.6328843200200029,0.3367377956556828,0.1366319417147225,2.483360142621849,0.6393208584590974,0.3186923644304528,0.22302638464847374,0.22457004653705134,1.6496775568840782,3.235791941442732,4.300003619175179,2.7513877778346587,0.2534133032013936,1.1361603991840932,0.14481562004153073,3.4756048246091638,0.9771185483557985,0.19605863648031735,0.6640806470996794,1.0867757824327309,1.236387268053099,0.2842328644161985,0.5386319574677095,0.5310347894505281,0.4581682917555691,1.7116075991869963,0.3098134006750216,1.462209958191598,,COMPLETE
26,0.3149691124405531,2026-04-12 23:26:45.418683,2026-04-12 23:26:48.035878,0 days 00:00:02.617195,1.307815938682362,0.5838670955164159,0.43479035948817873,0.2584524773859701,1.4174411460687941,0.5381532346936978,0.46312670797269506,0.2019162687860424,0.21403280255104748,1.3985351591742805,3.421033856063671,4.4936444294024245,2.50261106588146,0.24197992672027238,1.3319822876091667,0.136869029351279,3.7271493544689904,0.9147064488263459,0.1772830064665283,0.6971042015018819,1.017285443931737,2.1526809313972763,0.40509068875295184,0.5633432111016501,0.4782821838250251,0.2972171182282787,1.8063100225359352,0.18904584337501937,1.492947085279609,,COMPLETE
27,0.31427345720443156,2026-04-12 23:26:48.036653,2026-04-12 23:26:50.618899,0 days 00:00:02.582246,1.4319954995474777,0.6360390708341028,0.24905199676114517,0.12768949146712394,1.3927936537309302,0.5588067564877585,0.5908039267519736,0.2015587573929069,0.20666999953947524,1.2318655737665374,3.448137412509876,4.925763915276979,2.0891980642963746,0.14494307281228075,2.4478309888733736,0.14377733665435524,3.397534796897891,0.7429570267458275,0.1953192447792651,1.2511932852373822,0.8138060739590641,2.3564528033638235,0.4738999546640716,0.9609762982753504,0.49176072252647696,0.39153767952503366,1.6165145641059793,0.16519699828898327,0.7587222715059391,,COMPLETE
28,0.2973566918882016,2026-04-12 23:26:50.619775,2026-04-12 23:26:53.149572,0 days 00:00:02.529797,1.519945524875926,0.8538527576719793,0.7896585736886129,0.30062894496209736,0.6719116942674149,0.5243475854643289,0.1910118241631011,0.711334989653093,0.10004691238546592,0.4830155529008238,4.65156220142187,3.17098374686737,1.377878952186384,0.23111313650774393,1.295752881027084,0.21459827228500747,4.816916343371223,1.8466096915675239,0.1536489124143873,0.8005970034641837,0.5725988429668114,2.329408530584919,0.3646407888450861,0.5981757570509714,0.5926215226959088,0.7661140174320207,0.7122779306332845,0.3067667219833494,1.545520865077773,,COMPLETE
29,0.31112874060757906,2026-04-12 23:26:53.150352,2026-04-12 23:26:55.667291,0 days 00:00:02.516939,2.340055292798976,1.2198863298238078,0.42671685447104796,0.6090849322085341,1.333038425642717,0.6610230066979815,1.0069582115550682,2.996678950794184,0.204695839611314,0.8870225034356168,2.812771315455867,3.279084027763153,3.025348624683338,0.13548765561610954,1.1772158579975147,0.7526016472496918,3.2377380428960154,0.8808222164359238,0.2200321019441822,2.6585573198250216,1.1101395218846875,1.1276841412854997,0.8823694169751698,0.9967494676154065,0.7590161400928989,1.6166835972905298,1.0460431770029541,0.18166272691096805,1.0891717678191273,,COMPLETE
30,0.28854596688603457,2026-04-12 23:26:55.667963,2026-04-12 23:26:58.198436,0 days 00:00:02.530473,1.0772853711901968,1.3171524168546866,0.8476939206341768,1.0656965790501964,1.1264924788368507,0.9015124876329448,0.3963780709186369,0.19516848743361848,0.4059958498630237,1.832157361449049,1.511631419835444,2.053600432573536,1.0029539881440668,0.19626174734630553,0.658062437477247,1.082175877679429,1.932694525939537,0.532373530836346,0.14045635221961913,0.3289456414927032,0.9337641737707333,1.8973317442613498,1.3313434305232361,1.4850982819216494,0.40432067759566626,0.14538481646066415,1.4691008819437166,0.10060064688862719,0.7312668012215932,,COMPLETE
31,0.3081527792332124,2026-04-12 23:26:58.199133,2026-04-12 23:27:00.678237,0 days 00:00:02.479104,1.4078590029581397,0.6021258445987052,0.22795081033351988,0.12833509175079894,1.5697111767103382,0.5108855730508147,0.6231252613293153,0.21200702400063182,0.20437067198165793,1.1813248733477257,3.6555318350938926,4.427082193582772,2.0070866377560286,0.13908512971309062,2.2365849220789316,0.1350965544777051,3.773656975652031,0.7474030256752943,0.22341751902655893,1.0896907851338908,0.9141940649381533,2.7823907342774366,0.5088325928055111,1.0748312329512528,0.4862398316013996,0.35770963644808396,1.8629193291249462,0.14410440440669423,0.641236104831381,,COMPLETE
32,0.30183439391190836,2026-04-12 23:27:00.679179,2026-04-12 23:27:03.195658,0 days 00:00:02.516479,3.3502484559385475,0.562331095756268,0.2545551220849793,0.13242576942313003,0.8265059207401462,0.6253711040693052,1.0900316932345973,0.3404232865427134,0.257765053595497,1.2106283179042079,4.850577373219768,4.023464892288606,2.5953410922552336,0.7614407950418755,2.847815566709416,0.2091308855755154,3.2077357354569864,1.164696154035758,0.17721630998518403,1.3385632809061065,0.342215916601097,3.4291357910947684,0.4421260297328904,0.894243357747198,0.33694472485480614,0.40749465465551016,0.8234907682416227,0.23583281191405897,0.7936146545040226,,COMPLETE
33,0.30539246618699795,2026-04-12 23:27:03.196506,2026-04-12 23:27:05.665833,0 days 00:00:02.469327,1.8933038630957446,1.477945024845253,0.6170462336838582,0.2533252229944651,2.2968261744282654,0.4203962720115528,0.4437385036953442,1.0685959100455749,0.18052491705329374,0.7298280498156041,3.469801063603782,2.265860277947676,1.9275373230182449,0.10303231378851442,2.7206765891301536,0.1289459318682365,3.9108696369537634,1.9697194536307427,0.31806493567689875,1.03732141196271,0.7023844456441475,1.3038144098214945,0.2783811425159537,1.8182418234677775,0.5807685323590809,0.27914871085238024,1.333122669990669,0.18363125243379,0.43623511981464047,,COMPLETE
34,0.3016340086910955,2026-04-12 23:27:05.666627,2026-04-12 23:27:08.224769,0 days 00:00:02.558142,0.7431749961234748,0.9324046176932317,0.3728221470090039,0.12910039113669264,0.6284953657059498,1.0394829620358006,0.671223684348023,0.36524754801543274,0.3159229596088157,2.1086451358935436,2.493566393799269,2.8938517160960484,0.7718291011643121,0.14746860774359002,1.3591116046899767,0.17635892382844423,2.381852919081436,0.7742732178395866,0.17745796990052412,0.6966781924730518,0.7153899103449975,1.8391382240957077,0.41242831934468666,0.8229243425436918,0.8333341657491274,0.5793480716068714,0.5187426018609916,0.12890231762688506,0.511632293708208,,COMPLETE
35,0.2975850633458005,2026-04-12 23:27:08.225521,2026-04-12 23:27:10.671314,0 days 00:00:02.445793,1.1472089111990766,0.43607854804022317,0.2140633606204513,0.20385696671782289,3.8443464166429795,0.23202982944043865,0.2787940369431878,0.16883075058066338,0.10632024366868928,3.237657600440617,3.5655255296087742,4.977694443787642,1.2159260493364576,0.2776642323444779,4.478536044071959,0.10170352646232557,1.063508263283939,0.5189771098050329,0.26537215729777497,0.4501758201310791,1.5093730098761764,0.8294362747482116,0.5572095453952891,0.2965127922594893,0.3003997995436682,0.478415227480386,1.9459861427526752,0.3529841754047625,0.3286917544323281,,COMPLETE
36,0.28928572426551175,2026-04-12 23:27:10.672030,2026-04-12 23:27:13.139191,0 days 00:00:02.467161,3.1771550776181696,0.7300391583691144,1.0605307494557756,0.13139701475337412,1.3929759512486832,1.075912680397973,0.9152401831177789,0.21548639034699235,0.37306365870975755,0.9878135142120388,3.1091284667125607,1.634694288920631,3.7599450849023315,0.30098698168336885,2.2659407215376937,0.2776147543542481,0.10373402261871689,2.4595927216973696,0.12001382580820961,0.6812073831541199,0.3905821330323985,1.3088555415997924,0.6175620022285296,0.591341960861553,0.5383745490129094,0.8796610321769843,2.6360154605450257,0.2682497616015588,0.8678066402703505,,COMPLETE
37,0.27865675284353697,2026-04-12 23:27:13.139939,2026-04-12 23:27:15.610831,0 days 00:00:02.470892,2.179692441506191,1.0441356444845922,0.4205722761139639,0.5337241324489415,3.4151222295834303,0.7356705191710783,0.45478208363456196,0.10133797835350428,0.17141455325884922,1.3278910526467875,4.898304185141122,3.7118617491060357,2.378859301884799,0.2189434195073961,0.886771921867629,0.3586607924111645,1.410470441149324,1.0966510887290555,0.3598109615930594,0.9210710515649658,0.1729784681281316,2.149906356291323,0.2922865303396324,1.2574419302833955,0.10823423898083766,1.304892450022537,2.754589887565029,0.17054245099695237,1.09394981035122,,COMPLETE
38,0.3060722200207023,2026-04-12 23:27:15.611559,2026-04-12 23:27:18.149211,0 days 00:00:02.537652,1.6196745411458682,0.5023934983246635,0.27259660571112443,0.9086567743194466,0.3998616377399936,0.43428690430491035,0.6247867563014318,0.24587162771409474,0.2690308458731274,1.5568378759564012,2.504189995232887,2.6063390210204043,3.284844336371973,0.4398960840105469,0.6853266467420208,0.15599343738626467,3.0635053514687205,0.6847042812087183,0.21342740848740596,1.8361464774680745,1.0949988910356663,2.9150608844235677,0.9425869781850861,0.7575277011067769,0.40353530081885847,0.25909019318649484,3.9612253753034716,0.12287630079192438,0.13805928608221657,,COMPLETE
39,0.3034140260353915,2026-04-12 23:27:18.150090,2026-04-12 23:27:20.640754,0 days 00:00:02.490664,0.8322236879639038,0.33826921250076863,0.14964815150187627,0.18379979875936106,1.6723730708704605,0.14935887092988154,0.20987477995468426,0.13912099739027683,0.12557474797318569,3.2715380982948887,3.824351255386891,0.8933193804011107,0.34387917773989923,0.16253021579134141,1.0549199629620485,0.2011963720668779,0.8150063965099436,0.9388306541919013,0.4146523613010394,1.2306994228003327,0.43857095613946956,4.829999695681291,0.3935803581468516,2.2499585536577946,1.1277095833607682,0.17557926362941478,1.460433532118162,0.40015627012488886,0.592639370018009,,COMPLETE
40,0.3029549595461424,2026-04-12 23:27:20.641667,2026-04-12 23:27:23.187144,0 days 00:00:02.545477,1.27357581414233,0.6767669366303904,0.1991042014551007,0.25476782288958344,0.2713801840926938,0.3406183238179328,1.9746563554417356,0.3811513143756402,0.48403784857849114,0.80339039117039,1.4184214153526844,1.79555521266769,1.6228968670596744,4.71697770613605,3.22568695460798,0.3254147558079925,1.836746651921317,1.3835875747557866,0.173915435267564,0.2699015981339387,0.25970719852018515,0.8636457872443912,0.7208376805384796,0.18729446880438494,0.2413450497947761,0.20562410531785774,0.2606736505011383,0.28887980809230673,1.3340273213484792,,COMPLETE
41,0.30038829786251453,2026-04-12 23:27:23.188101,2026-04-12 23:27:25.729660,0 days 00:00:02.541559,2.502057317478287,2.1208603569429965,0.4251116280876501,1.4233988934546238,1.2437202022641882,0.65331683922364,0.9141048679768571,3.1813477981096563,0.1699910155031747,0.9065807381339321,2.636443519439627,3.7240255391778154,2.984361867620909,0.1389868420096677,1.2657324055508428,0.8328226886818437,4.9644037446546525,0.9403562190725678,0.22011975767835504,2.4770986631006435,1.1328409522782932,1.1969547005651964,0.9271688393646751,1.08619187837358,0.7912970864534792,2.100211297500458,1.0084137673497786,0.1929240237706967,1.1782595286837523,,COMPLETE
42,0.28956123415879786,2026-04-12 23:27:25.730613,2026-04-12 23:27:28.340116,0 days 00:00:02.609503,1.7935344802687498,1.691822929050462,0.3305280433847079,0.36144972785567725,0.8502339116880858,0.27690821943418337,1.2244852973404978,4.815579511366901,0.2423286409312264,0.6096694810856571,3.013439013420375,2.8209673008533485,4.429097891596512,0.12549274704223964,0.8454407699450542,0.5639001731055481,3.3049974519241845,0.7951233799348546,0.2665416552175695,2.730736661281655,0.7882849587254096,1.0001333387980738,1.131358562642876,0.6287270232924659,0.6291058078948111,1.5509947128898594,0.9453569195949825,0.14713849243661278,1.7212268969024,,COMPLETE
43,0.2930121601696853,2026-04-12 23:27:28.340943,2026-04-12 23:27:30.971877,0 days 00:00:02.630934,2.702851178708263,1.1249144764907988,0.40383564167766806,0.5791427712791462,1.5032881740945347,0.6272858248097285,0.7275863426455427,2.912435829810636,0.3182662837001542,1.0903645609651107,3.9110451399939263,4.266206643612972,3.025691449791001,0.20020421743876685,2.0103739868359276,1.488258893004324,2.797641935806974,0.45464495188042753,0.12521754462369908,2.9601761685944994,1.3225239684625416,1.5434980261823832,1.4095224468303102,0.9379991341857556,0.1678773142315599,2.4775643268506315,1.0962486717906454,0.24261020342181872,0.8771322467628234,,COMPLETE
44,0.3060227909237382,2026-04-12 23:27:30.972861,2026-04-12 23:27:33.511512,0 days 00:00:02.538651,4.039925111947726,0.4770400598592312,0.5237996815511222,2.650175561932492,2.239681002169127,0.7737052265129309,0.5780563297454301,1.3604032924979301,0.14893931994046797,1.485822268700426,2.2169685966094472,3.5016996721014677,3.8333400812917744,0.12081724056723638,1.4883263611378204,0.23945887246543493,3.9448719772331753,0.30778349719667786,0.18189721714640245,0.8095141446423414,0.6356861383654153,1.1257078147676403,0.8273711139278631,0.7326244863435676,0.48058859331756776,3.681255624690734,2.120597037411143,0.1937302859824168,2.5440586209601976,,COMPLETE
45,0.3118752516096595,2026-04-12 23:27:33.512399,2026-04-12 23:27:36.105381,0 days 00:00:02.592982,2.2458553806549353,0.8229365970384641,0.273942846977344,0.7394504564110985,1.206696691955826,0.4726564464183034,0.4102972293319557,0.169257395931684,0.20711543347200753,0.48347698242345305,1.6738400580719475,1.3693761628861445,1.925756588847491,1.0537090631016828,0.5057892792352449,4.021425134484662,0.2606054596969742,0.6194637105738435,0.1404398264207524,3.4527753005730344,0.9177213933348899,2.0653697927332457,0.6489737479786082,0.5160504987217227,0.3370655482714294,0.3895770802926379,1.252007900825509,0.13684108469544617,1.2264432499362938,,COMPLETE
46,0.3138689411719218,2026-04-12 23:27:36.106252,2026-04-12 23:27:38.633567,0 days 00:00:02.527315,0.724354214178371,0.8537283998206778,0.2676998686434864,0.9551362325286401,2.052575678781304,0.447837596969012,0.4593491198291011,0.15837890077920427,0.5653264744863071,0.2822391012149837,1.6612268892798794,1.2906644074797204,1.0705789559921124,1.0147666339674792,0.5584211950612363,2.5518051382241826,0.23771198822352652,0.6130563541506725,0.1049823829843578,3.444653046495759,0.9007036380512028,3.321047967798064,0.6756144031572198,0.5058831951279895,0.33615837268557647,0.37769740215828407,1.2778458744412367,0.13572441213058262,1.6905101391608572,,COMPLETE
47,0.30071030731831894,2026-04-12 23:27:38.634395,2026-04-12 23:27:41.118606,0 days 00:00:02.484211,0.6997908387832905,0.3507793972889974,0.16382734597623544,1.107512776099554,3.2380198634567305,0.33049301018777355,0.29792467565361214,0.13474790500844908,1.0488323776433084,0.23920012426343693,0.9182981895369604,0.7498750318051917,0.9568904323780884,1.6111537863323393,1.0065187853011648,3.193534315290856,0.2529501764650574,0.49178274125152294,0.10096465050116717,0.4087332195375382,1.73367672785909,3.827440067196593,0.46702984851544604,0.305903615790733,0.27110122771126594,0.3130369077253444,1.7016517924017216,0.11609517706953074,1.8952182694945432,,COMPLETE
48,0.3174100618187028,2026-04-12 23:27:41.119318,2026-04-12 23:27:43.631607,0 days 00:00:02.512289,0.8843380570107875,0.9858506266430629,0.2985859322368669,0.11392494413553425,2.021668138698627,0.22253743481158303,0.48238997672097683,0.2502984763290727,0.5592282561834854,0.1417178689042568,1.1349433278723682,1.1192032720678649,1.1116196206091828,0.9051659190560981,0.7496314730377552,2.191821307065997,0.6002066484405384,1.201582543155619,0.8389319509793096,4.673828760145385,0.8214796106827305,2.720081922232198,0.18402393070188236,0.4112396217346589,0.4324380174737159,0.23404595255745858,2.1467297962695873,0.1547182007144527,3.528912642428201,,COMPLETE
49,0.30836430509535184,2026-04-12 23:27:43.632505,2026-04-12 23:27:46.395662,0 days 00:00:02.763157,0.9032858604385554,0.6903389681815303,0.1220695217743265,0.10114955117483507,1.8325210142024317,0.14464380122334425,0.519902720785007,0.2547255136132154,0.4076997259053515,0.14192232413660313,1.1972367272170479,0.3699239358636606,1.7489637192559098,2.2280193364500764,0.7361000044790222,1.5496737501568725,0.6784520211862296,3.2152535826910214,0.9219061532225379,4.805492221996193,0.5014191899217031,0.10062063070112502,0.17114195991998105,0.2113454726843232,0.9182588696441497,0.2188177539813884,3.8748659061431074,0.2199419558522046,2.777251096243418,,COMPLETE
50,0.3036849306929675,2026-04-12 23:27:46.396625,2026-04-12 23:27:49.071175,0 days 00:00:02.674550,1.2243506531730153,0.4381551481794329,2.0374403137761368,0.11972998254131129,3.7893077846743948,0.18415385006079998,0.1587627785467459,0.5753732299692855,0.9228484866251678,1.9302828808103527,0.24910496267579182,0.2432982289996491,2.397684724222158,0.43493336769605945,1.900581513649064,0.11563663442204766,0.5568509157882985,1.182450541260382,0.7886556132604892,0.27676193908912594,1.4848608406305812,2.4250492316510592,0.12061694940176748,0.4287508440641435,0.434283653781224,0.13284640114447538,2.4761154827579577,0.16180564238144812,3.868931850380438,,COMPLETE
51,0.30748510543909974,2026-04-12 23:27:49.072014,2026-04-12 23:27:51.683719,0 days 00:00:02.611705,0.6586727018117933,0.9831683656999838,0.28596813476094324,0.14778563069733758,2.0286633234523026,0.24926807626321992,0.4646999305119249,0.1762980932546844,0.5678649187899828,0.18982014356075438,1.1807341711546109,1.155873655498687,1.210945307350814,0.9128710750521876,0.4915479584617548,2.6467463139386496,0.18101311978345005,1.4081904356262012,1.6134884961164633,3.5536296240141163,0.8448690641365213,2.779866635333343,0.3226904933862388,0.3395116132933308,0.3744610502195083,0.4228062997260789,2.0647711921144807,0.15403525745522834,1.6728980555912556,,COMPLETE
52,0.30254072020751616,2026-04-12 23:27:51.684481,2026-04-12 23:27:54.289869,0 days 00:00:02.605388,0.46135989872675826,0.6032704194813263,0.23836575127580797,0.1801067705359905,2.6590516312196413,0.20067236356677517,0.3562137564906315,0.11783597822173075,0.5572006297427511,0.10417335097912331,0.6943028239884397,0.6339502000905223,0.786650837759561,1.1987900368189246,0.6100157184483253,4.942401625646986,0.1993230169653415,1.5978471328269508,0.5955620376319745,0.6514420123749866,0.9962507363617769,3.8896460832446205,0.22576355438378978,0.5293646678179906,0.6714947959892975,0.32665258437302874,1.4841712151690984,0.13426254165828855,2.101367767763101,,COMPLETE
53,0.31148719447840545,2026-04-12 23:27:54.290828,2026-04-12 23:27:56.807517,0 days 00:00:02.516689,0.9371297259124892,0.8302459194033763,0.19899172219830566,0.22726395680263942,2.173531680785765,0.3869040244569307,0.7984768578009511,0.14554253378947363,0.6714360310798151,0.28470466119032234,1.744356981009641,0.8476604694386973,0.5840984277709825,0.9062503987744719,0.8073418228767432,2.4067949852036863,0.4044284750824311,0.6304086421212701,0.11939104703292713,4.188666397812915,2.1198879575806036,3.2190609667470356,0.24071761266828912,0.41227074145572373,0.47878745924452093,0.26173079438807667,2.848708908653574,0.2620403979135541,3.526863159602491,,COMPLETE
54,0.2960441021223018,2026-04-12 23:27:56.808177,2026-04-12 23:27:59.298793,0 days 00:00:02.490616,0.43997769559827177,1.392367496823265,0.3136406619086382,2.120450189873762,1.0249158472249558,0.9060387205112662,0.3889947003919785,0.2396127338052499,0.44650291011043935,0.1337749564206332,2.3030588950731654,0.5923514220934065,1.0619235847043305,1.6317437313968284,0.2850731031353093,1.8473349252564313,0.1198049187991493,1.082876937103449,0.1538754809393088,2.207397821129105,0.7139565208554253,4.177018756164978,0.1716236294135374,4.836738039702696,0.24500987104686642,0.5865505244645731,2.1863923821446964,0.11356486556449676,2.312208593997928,,COMPLETE
55,0.30676503556810164,2026-04-12 23:27:59.299527,2026-04-12 23:28:01.746927,0 days 00:00:02.447400,0.7803767937392267,0.6613803891147085,0.6172243720637164,0.11450146944376484,3.096052717250989,0.5837597113631883,0.3212925634377517,0.3084688446722679,0.29350651173969217,0.22108685742336762,0.557556840363666,1.4216934587720402,0.4285860442023468,0.7103927992746684,0.4246816422015648,3.427835244477638,0.3759081251973219,0.8216851338016712,3.59785527549627,3.208317417302017,1.2617433395277649,1.4563261507669076,0.33449417380432683,0.32999530167110563,0.1955263844201631,0.17258743487900663,1.8340325894142642,0.21244422133944169,0.34513628733776835,,COMPLETE
56,0.299010908124239,2026-04-12 23:28:01.747863,2026-04-12 23:28:04.280131,0 days 00:00:02.532268,0.6583549501735072,0.5254258202315283,0.47404321582397674,0.14192416037357264,4.328807918126293,0.11413296468668611,0.2425165176981604,0.8589434258931267,0.6505734620893872,0.3862135547598193,4.220418055201475,1.1362574971843407,1.4637115413841197,0.6403169540339715,0.3620664116029456,2.180402689159383,0.3272163897270739,0.4199051770149118,0.5496442113651921,0.5370307247736601,0.602818051717598,3.1023274416335496,0.1326867695327815,0.2239148135290035,1.2746002997579757,0.24445651668130286,4.200312199369138,4.786065000875538,0.25219626119327865,,COMPLETE
57,0.30362898661579213,2026-04-12 23:28:04.281026,2026-04-12 23:28:06.836067,0 days 00:00:02.555041,0.9984268791226504,3.2410974920209275,0.3451964025263954,0.8453502241786276,2.453326107964127,0.3023376649064321,0.5625223236971353,0.18610838527823315,2.2075383911281268,0.2866296548985876,3.241484168591644,0.5121998973888575,0.643761412666551,1.4072953445333884,1.4947747785235153,2.9259448846034384,0.5895837811655713,0.6080119168773506,0.7668122884017523,3.945427306167405,0.7971586693054037,0.16948145677211762,0.20330130637693705,0.2680891953259007,1.8296126701289208,0.3699354519342584,0.15085781473407667,0.44923858725257787,2.9020167805912593,,COMPLETE
58,0.30348840091814777,2026-04-12 23:28:06.836755,2026-04-12 23:28:09.309497,0 days 00:00:02.472742,1.7225308175735243,1.7549596956826932,0.17336674408790828,1.2886301034030583,1.8084816070272012,1.2517809286559591,0.4698220193223104,0.41791318956057,1.3619850763445878,0.20427745265484112,1.9454856280808506,2.3354895445031083,4.866355596360205,2.1657050957693014,0.9393026822777466,0.11863705263536056,1.2311208037488408,0.7384385901128646,1.6539117614157448,1.8468074457387904,1.5716910592899225,1.8154588538778347,3.7859517246918557,0.47264968693173304,0.28593702985078406,0.4628953372641255,1.2040925455913516,0.17351569990294247,1.9494530178720175,,COMPLETE
59,0.3142276665132311,2026-04-12 23:28:09.310429,2026-04-12 23:28:11.790000,0 days 00:00:02.479571,1.3355591584844557,0.38812227018936146,0.2579145657563542,0.17034387578234705,1.4652579982428433,0.3886012832422553,0.7037282775659296,0.15158387934286488,0.34412132077881913,2.7394212032254415,0.8882729233177681,0.9771735295520284,0.8592802438960572,0.17506875861415003,0.24253011201990612,0.19781242262331247,4.466051962240827,1.6044964990471111,0.4112007039755826,0.86457857828786,1.0298268466424112,2.4196528816496614,0.3088020504921346,0.3847978164467561,0.5361113672022672,0.282040831802187,0.6039581559981857,2.2332234140613614,1.4995027494315254,,COMPLETE
60,0.31733627190248764,2026-04-12 23:28:11.790713,2026-04-12 23:28:14.323005,0 days 00:00:02.532292,1.3303566703015188,0.2587712613988309,0.20170051419727061,0.18240219143417058,0.8496569889685894,0.39252588251773085,0.7347095777541883,0.11905608767358271,0.3787838180506049,2.741078273110544,0.13569511784392208,1.0435799326526836,0.9227493832793072,0.17093811428194422,0.21704726502537458,0.19336943046602018,4.30344467108307,2.178792146043345,0.42750744930313117,0.44486955348073853,1.9951791968276391,2.3620194400334587,0.2911326633236909,0.12121668183800305,0.5268098809693154,0.2958513274703325,0.55826863872363,2.480297817033649,0.515716718649061,,COMPLETE
61,0.3136348375100451,2026-04-12 23:28:14.323851,2026-04-12 23:28:16.948370,0 days 00:00:02.624519,1.3421328691164545,0.24317023409132266,0.2207241605538159,0.17811667022536376,0.7701571858687922,0.5459862793271921,0.7364099017446788,0.1196204215903809,0.35394308130801966,3.8909008603963606,0.15596843450099201,0.8156270164036472,0.8523771541055909,0.24889234750983866,0.21823510555617523,0.15571669362414953,4.2917454091253955,2.5675835739693347,0.4834120041149518,0.4619111647040186,2.849842433138164,2.5483778038399967,0.30114078694517515,0.65499094735511,0.560282124284318,0.3011226786704097,0.49290936153048115,2.650250303254445,0.18205953426873694,,COMPLETE
62,0.31048180941045617,2026-04-12 23:28:16.949339,2026-04-12 23:28:19.405689,0 days 00:00:02.456350,1.1215324579954968,0.3045463560159835,0.12432156645845448,0.1667790814212384,0.9336585456616512,0.38273488095875025,0.6325485009795196,0.10009892616925287,0.2374552642177456,2.7392076101300735,0.299430675169546,1.0800846737003666,0.5061563147814668,0.17160094167733134,0.10307938801247195,0.23129258299162284,4.155932437764442,2.169440434740719,0.41698809523129904,0.7713541414303984,2.1638699804283923,2.174352189949588,0.1868568262906634,0.1382957703882389,0.6883578439764853,0.23048334712183016,0.35202552796167036,1.8188108502158158,0.4205277204897406,,COMPLETE
63,0.308302170985078,2026-04-12 23:28:19.406386,2026-04-12 23:28:21.978182,0 days 00:00:02.571796,1.5052851089901644,0.39692630387662126,0.1924133861073184,0.20297666894348684,0.5691785294762658,0.8421118632923753,0.8647627035302459,0.23428164199150858,0.3567773840960036,2.7620697641661276,0.1369615535017451,0.9835117062658547,1.3392703639924477,0.31546123942706317,0.13547790861356343,0.1927367167688215,3.566238084242971,3.444519116605806,0.31330154941196625,0.36719070028852463,1.9023758460251976,0.5106026946162224,0.36707492535537734,0.384398304336765,0.46593721912933694,0.19226121426337464,0.665087474896016,2.986273257064296,0.5454006334143002,,COMPLETE
64,0.3046161804697727,2026-04-12 23:28:21.979135,2026-04-12 23:28:24.435786,0 days 00:00:02.456651,1.9807599715545465,0.23464010654340212,0.3149892775681166,0.11701623602413723,1.4772984666713378,1.7154201405027059,1.081752744191356,0.12888988050605085,0.3001675391081976,2.178636484203689,0.5539268544650079,0.7264566161893127,0.664150116509126,0.17825976490559034,0.21943955748197125,0.1288696484288609,2.7957715870753406,1.5841687481574076,0.3909309602757542,0.946097500083432,1.2418538366890488,2.6640904580311884,0.24150745823697015,0.16606135859390506,0.520909147106141,0.28467730258835044,0.6128367558325025,1.2163205055106912,0.9598138468455109,,COMPLETE
65,0.31271076819615906,2026-04-12 23:28:24.436533,2026-04-12 23:28:27.080136,0 days 00:00:02.643603,1.2646376180269179,0.15096255375441253,0.15878646624195875,0.15217394351635083,1.0360091384719459,0.20952438247136032,0.5772019332646152,0.2745387573176775,0.4359792854715293,4.086105804374918,0.4440006443685403,4.65319241264035,0.9087533757640189,0.20882435662470952,0.24975090616989284,0.14256849755429796,4.653712982133714,1.8074920178959135,1.0314918470757495,0.5939090466548573,1.0448479976946594,1.7820908593371023,0.15516126257043272,0.5690857178392312,0.9168853680381466,0.14872604663193512,0.35874374739964393,1.9645923397942355,0.703820301898403,,COMPLETE
66,0.29858675885966185,2026-04-12 23:28:27.080983,2026-04-12 23:28:29.585164,0 days 00:00:02.504181,1.6186830445030969,0.28190605566536264,0.3769841867046257,0.2636443669402546,1.1750775228301984,0.30138549600481385,0.6790417274187194,0.15076285047910287,0.517132216653023,1.6502940965268356,0.1091881043329087,0.14667620115148958,2.1522531323025422,0.2425311719607931,0.16617111063364554,0.44055097561797185,2.459779828240834,1.192124577530332,0.699739598891878,0.47548351100759273,1.5934821033063669,2.025794409823018,0.2773715633554852,0.1276811465236646,0.3748021796358058,0.12113755345615787,0.4368160407629064,2.5225399634153707,1.5020577424898731,,COMPLETE
67,0.3186864032216751,2026-04-12 23:28:29.586074,2026-04-12 23:28:32.250397,0 days 00:00:02.664323,0.9733485201855957,0.21390924024853367,0.25438656254942615,0.10050168433330599,1.4163999615072178,0.4931810661981636,0.5133659917134102,0.20751935041282724,0.1560502951264416,1.289019211751317,0.876910630236818,0.3910087463671931,0.7583533043994309,0.11175804579179956,0.27594141196835054,0.1665768116768153,2.2136518783738066,1.2769641620214263,0.4840811616628541,1.2190257757694989,1.3894729907983443,0.3463385710182608,0.3942058884316724,0.8349929424317459,0.6458172160957785,0.5157846075945508,0.8443882408697585,0.871871778098624,0.2881072813417583,,COMPLETE
68,0.3012913688232709,2026-04-12 23:28:32.251173,2026-04-12 23:28:34.868124,0 days 00:00:02.616951,0.9809625315840786,0.11824534076517952,3.0647814706547702,0.10774718076782924,1.6651371432299402,0.7235547777952251,0.3888698548675576,0.32947448589877554,0.18767199715065383,1.3193722084014152,0.6181267309708324,0.38918530912307925,0.42547061081401866,0.12019960593494626,0.17901369269764011,0.10232737480398746,2.2069706356091343,1.2771842052042994,0.48148494099858075,1.4651924608351898,1.3471786764684668,0.31797123529081156,0.4390452000662836,0.8622919931059856,0.6544910008023288,0.7016340117332885,0.8558113718600042,0.6080412880920368,0.27535205551987824,,COMPLETE
69,0.3084173023782988,2026-04-12 23:28:34.869008,2026-04-12 23:28:37.494734,0 days 00:00:02.625726,0.5086703682280012,0.21148397687248013,0.21799787750293723,0.10232251780717978,0.8985922410831038,0.4893069623433864,0.2708003749427823,0.19702934003177747,0.12359946741934479,0.9971457692310516,4.153449803095316,0.28184846888063675,0.2666092921744892,0.10123655994406255,0.3131791932379809,0.16811435940591385,3.0445016515650964,4.229443772448302,0.6227538070516224,1.2251781629768494,1.8194000492775253,0.13198225190190302,0.5024394125222381,1.3071667431493095,0.4362562778882335,0.5208972921173735,3.091068058490707,0.8993290648015814,0.15948122792324257,,COMPLETE
70,0.3123728451844424,2026-04-12 23:28:37.495574,2026-04-12 23:28:40.052781,0 days 00:00:02.557207,0.8423476291399333,0.16122166955716893,0.29930064846049803,0.13681891049209152,2.7807604898960503,1.13056081074964,0.32477538087190394,0.26912592042559613,0.1563495527574283,1.9328070640949264,0.820060430661028,0.4918154337454492,0.5531211471578227,0.1543767346534557,0.2010250792766215,0.1275268367892272,3.749929058757982,1.0285748465624895,0.19594430362905288,0.13033442394528677,2.2961950259741477,0.17087412798448734,0.3962734973781783,0.7352911569388517,0.8425130551133806,0.33257484854066266,0.7926959011002865,0.8847522475893772,0.2139839652467887,,COMPLETE
71,0.32565227121367124,2026-04-12 23:28:40.053729,2026-04-12 23:28:42.586161,0 days 00:00:02.532432,1.1144920096968012,0.18552664330574625,0.2516035204065437,0.2270978227813369,1.3729810705395185,0.40059039054100115,0.5212347141290166,0.21985808525094613,0.22818676596743726,2.3910318778858297,0.820337755341479,0.4493114211424885,0.7459097118706429,0.18634920091870882,0.29099671777030195,0.1933656436849396,4.536985555342986,2.126257412169032,0.2821407736340993,0.8418481888958256,1.1629604769340678,0.4278508710416261,0.3235789057489773,0.38933659566497025,0.5523974829787692,0.4259163295764446,0.540970489816543,1.39893627201087,0.12437584642773603,,COMPLETE
72,0.32338912544364906,2026-04-12 23:28:42.586878,2026-04-12 23:28:45.211739,0 days 00:00:02.624861,1.0991471731750044,0.1872048623359361,0.24911760774069772,0.2291165136535809,1.1185594121497902,0.4321484207915486,0.545371317083912,0.2184057621736069,0.13756077697039987,2.273674727343384,0.4631717236688141,0.4229951737620778,0.7358705447197192,0.11095108938706284,0.27325009827896113,0.24183348562784132,4.30469668143941,2.101574173746101,0.24525056324109232,0.6505528823536558,1.1818871460774152,0.40294432056007123,0.3626192293567009,0.7868424179289881,0.6151646815767956,0.43016906539813055,0.39131616991558904,1.1336530416482038,0.12192660307840798,,COMPLETE
73,0.3204784142160304,2026-04-12 23:28:45.212594,2026-04-12 23:28:47.776063,0 days 00:00:02.563469,0.6275054091132002,0.19190532901649662,0.1924257981918654,0.22169274972707195,1.087347122550776,0.3323082165140347,0.5231293488478918,0.218037035639949,0.1345775859417983,2.42199678829096,0.774192689817773,0.4390452469744081,0.6996668279714953,0.341822291486372,0.29671320231017445,0.2696111326117224,4.302057263472522,2.4918648088112603,0.35699483247699365,0.6104916617062678,1.4077460794814896,0.3985442809031532,0.260251073845684,0.6686617706473628,0.7181939739247409,0.4740706638401917,0.39141767950433604,1.531237728479015,0.1209016517830907,,COMPLETE
74,0.31823049776714807,2026-04-12 23:28:47.776863,2026-04-12 23:28:50.427520,0 days 00:00:02.650657,1.0334484563640707,0.18587731347373798,0.1349726867131192,0.22846533391164836,0.7476774186119906,0.342628654303946,0.41303393103208447,0.2330288945688997,0.13535055970654597,2.3064393442679725,0.4423954672319195,0.42601313723346007,0.7282706209671305,0.10963704144859784,0.28415218896975813,0.261489762832833,4.9587461898057255,2.2622645526390417,0.28062544172526005,0.5328642557822146,1.4020771336805578,0.410416429817029,0.19616370055571006,0.672989720573127,2.6539241175719233,0.5877186319486112,0.27608618740220053,1.5603801418371206,0.12174790556437884,,COMPLETE
75,0.31356248284991584,2026-04-12 23:28:50.428403,2026-04-12 23:28:53.054171,0 days 00:00:02.625768,1.0877784108909574,0.18898579120798886,0.13512112674038199,0.32952825649888,0.7178959975416085,0.33735491222555425,0.4269919122757357,0.22365105685526349,0.1206129685692197,3.0509161821476334,0.488935958615304,0.3543955647381116,0.7311780090333968,0.11284273883681413,0.28995485033842805,0.24865393905685537,4.295345748203936,2.2317946836251776,0.28101003346663356,0.37330786565372975,1.420361354620268,0.41736187755191984,0.24791729054910205,0.8009523922014781,1.2277312200352757,0.6151938003309471,0.2813334347477225,1.4881349000232045,0.12574235526041672,,COMPLETE
76,0.3075808640642427,2026-04-12 23:28:53.054897,2026-04-12 23:28:55.838869,0 days 00:00:02.783972,0.8384166153058243,0.13243030743958206,0.12173912877708631,0.2354205311474299,0.5131846299196984,0.2698736893607331,0.5159564086034466,0.3017361620812757,0.14285940540065042,2.2479462992701102,0.3544756353360354,0.4491481936689618,0.6983949291329616,0.13119330322922032,0.14304167069636145,0.29978383210325277,0.8517175054432785,2.6876017075875382,0.35267644787926694,0.5228842737294568,1.1863986342169253,0.3320284135642668,0.2082689019583015,0.701515120373705,0.7665759844687902,0.8328433240998387,0.4168389391818319,1.689674866811421,0.10098211835240924,,COMPLETE
77,0.3168563163818653,2026-04-12 23:28:55.839656,2026-04-12 23:28:58.360837,0 days 00:00:02.521181,0.6522383131396283,0.21590498117107612,0.17934448774412262,0.44725331628090625,1.093842500174649,0.23680972273510636,0.38202791934384844,0.17923798002650615,0.10708795063932476,2.5192504133515747,0.7684119736346666,0.28322174926301275,0.8115191156843768,0.38421406121156465,0.19233539296729382,0.40677398328082187,4.906683643718183,2.9902423002057694,0.24427395065160507,0.3247024056353756,1.6550021897879739,0.49125312743512745,0.2576999011813278,0.6341691495080329,0.6264102130133709,0.48815873164241336,0.216541142545291,1.3011571509469113,0.13997299571417074,,COMPLETE
78,0.3098857532167263,2026-04-12 23:28:58.361774,2026-04-12 23:29:00.811700,0 days 00:00:02.449926,0.601264028625706,0.17749105629536238,0.11109217340232612,0.407477198561976,1.0889560248352201,0.22287864853997522,0.3717376289759348,0.17936540773411228,0.11371693851990676,3.6628017010185627,0.7608429969246053,0.2857710492464357,0.7968250572847516,0.10956185259028028,0.19654066576448964,0.3751493732898363,4.843700866774063,3.0000049660391346,0.24511340161509243,0.33087831237408527,2.6918298666885168,0.4804167961956822,0.3482065496148392,1.2623852642209954,0.9706402422481245,0.6944427635259005,0.19573652090735671,1.2741802241205304,0.14105834815846813,,COMPLETE
79,0.31011813986809084,2026-04-12 23:29:00.812419,2026-04-12 23:29:03.289678,0 days 00:00:02.477259,0.6133857319681343,0.21667559657395227,0.1822914369130843,0.4800403204083747,0.7813656063738812,0.17371191722076512,0.5320775440998102,0.2557690831166982,0.1343514522180906,2.4395913339173614,1.0291045471904687,0.3312910593167564,0.618921436295513,0.5189669526540484,0.35710618440261344,0.48055378071790056,4.970858610279331,3.5371156556686967,0.2956934732026003,0.2243899594581763,1.6301053229034876,0.38381876503364,0.2240144001379925,0.657247212927445,0.636754503801507,0.5378052623243593,0.21309443422393684,1.096346163447572,0.1668271937400078,,COMPLETE
80,0.2884676157318594,2026-04-12 23:29:03.290434,2026-04-12 23:29:05.814459,0 days 00:00:02.524025,0.9084798436029599,0.12536008402882654,0.10057783587558063,0.3029445843516649,0.39639506669379765,0.2474496334458401,3.6364336400372794,0.1671229018906413,0.1006732104979151,2.045329563709654,0.6455295619700744,0.2514051159727829,1.1321699974105872,0.3432240823782088,0.27278694173060153,0.27155920864702543,1.6327044807893873,2.257792136790657,0.23669597309482568,0.41461258684045205,1.978694364323241,0.2851449156055215,0.2617808942112321,1.0832865516999979,1.5001069075971645,0.9599521403579261,0.3001426188020988,1.3214281549174611,0.12027779121605306,,COMPLETE
81,0.3186873986958913,2026-04-12 23:29:05.815268,2026-04-12 23:29:08.611921,0 days 00:00:02.796653,1.1701248971998282,0.14712407480027345,0.1580487008967793,0.19683378072614274,1.2616596257966726,0.2919826385455583,0.2950249196676237,0.22048193439142658,0.15627325744261716,1.7224557343171465,0.3574301980805475,0.4235554101730447,0.9851222797855862,0.2777910639092673,0.2519874889251873,0.3114883525987326,3.520487171934179,2.009576461926072,0.34180779601596567,0.30508991564726917,1.7341690649461696,0.596264192285616,0.1896920928267636,0.4652152215466804,0.7009837193042324,0.4679296776910093,0.5486339917602228,1.5944554538614195,0.14316486474266713,,COMPLETE
82,0.31614925587794895,2026-04-12 23:29:08.612602,2026-04-12 23:29:11.380110,0 days 00:00:02.767508,1.15314166378653,0.1523934507445947,0.1535130814518601,0.2796241520457823,0.9522449575764443,0.2885071240356734,0.42472641604951633,0.2198404958744162,0.15860955812958943,2.424741149833315,0.37691956032355883,0.42528960321292775,0.9414838801675166,0.3772208784901359,0.24904565593179856,0.3346423274259805,4.087150692174823,1.981276340197775,0.34250929318783985,0.28770987278842186,1.7262420346143557,0.5850294583824619,0.19015973809672354,0.450780805014337,2.491279006211473,0.49204983332908114,0.5474350437495092,0.9619573519418687,0.13874362190862266,,COMPLETE
83,0.3069266382117612,2026-04-12 23:29:11.380901,2026-04-12 23:29:14.018306,0 days 00:00:02.637405,0.7888086330888439,0.17616621027545676,0.1366435432497056,0.19621684707886858,1.2261057553892374,0.35753580402732427,0.21793987283230376,0.18819724540973198,0.1330952056530219,3.018703764486902,1.2137271351981604,0.5539190312841632,0.8206428383927737,0.27506910970534354,0.3141316138901694,0.2196727227963813,2.9929236680457736,3.9910435122896892,0.37660108765469064,0.19232827840201278,1.3811244909978222,0.2258757106546026,0.1618039672146064,0.8070972091942306,0.7214907145997834,0.6494580303331825,0.43371807505512244,1.5686545080490588,0.1491158413039018,,COMPLETE
84,0.3114953450471104,2026-04-12 23:29:14.019135,2026-04-12 23:29:16.570152,0 days 00:00:02.551017,1.0146142320742562,0.2234239607936157,0.202962217191512,0.21848971627067598,0.6503383111409827,0.4186594124643328,0.3005693981465191,0.2856883920748959,0.1796956506084665,1.748979214560139,0.9591146927068452,0.4598204780807794,1.0340925079624956,0.3122355167729375,0.1486626434855384,0.2996614690506009,3.5670227169698587,1.8064876836806651,0.46072217889981715,0.31291643021730103,2.4044981086944355,0.4740217364127449,0.12078992210481021,0.5886674415951949,0.6037868828083914,0.43053514476284754,0.3912112787828071,1.3699553262923865,0.11057040936043375,,COMPLETE
85,0.3005159952841949,2026-04-12 23:29:16.571069,2026-04-12 23:29:19.176967,0 days 00:00:02.605898,0.384957432091441,0.19633588365804386,0.1697849702813857,0.35331373628319473,1.3145064161791091,0.16724217447224204,0.6337927387764863,0.23626928095418773,0.11204764490114184,3.4546973111828065,0.5083141872065184,0.1902767324051489,0.7242943222388945,0.39546184205741763,0.37020364555543744,0.6349063697680926,4.404603461956006,4.923396069407576,0.33329225579697896,0.24125210159407987,1.2178051563167869,0.38477191514283443,0.19761700362283302,0.48087119699642894,0.8836145286516663,0.5525760474766531,0.3115331422613905,1.164903163808071,0.18262315021954637,,COMPLETE
86,0.3085775177340662,2026-04-12 23:29:19.177743,2026-04-12 23:29:21.682136,0 days 00:00:02.504393,1.1656492069386186,0.11215313308660324,0.23891562578671,0.28532686311750066,1.11962957860489,0.22669600507713353,0.34312918248363716,0.3299994093449916,0.16237820051328303,4.487669381402638,0.7761691695283,0.3293784418727827,1.2571356903755349,0.48072838279272795,0.19157875063279647,0.40176398256433976,2.6590506091960724,2.673562457771775,0.2629710380293425,0.39355365084065735,0.12689828955304813,0.5449297688103044,0.2776654622667479,0.6739277608700902,0.7317702478156706,0.4396514338417622,0.23223767048543473,0.7437477841517792,0.22736751509056202,,COMPLETE
87,0.29469169123193434,2026-04-12 23:29:21.683002,2026-04-12 23:29:24.366353,0 days 00:00:02.683351,0.665349048317408,0.14542502016133957,0.17722578527650257,0.19172070735043384,1.5882756577574784,0.3211773380585331,0.5361069969190266,0.20471006401210504,0.13615717323381846,2.085143276717659,0.2970224305849387,0.39222999349533666,0.5898631312958359,0.1511107003338938,0.23512453636167174,0.26253137504548835,3.7809245001974516,2.925994460830883,0.2905268012172811,0.6417551364751896,1.7075225649199226,0.33430908627690115,0.23046085195180438,0.10634456879315297,0.5986560684902416,0.7816845714383653,0.16416535995253576,1.6613442824714943,0.1318931550889976,,COMPLETE
88,0.2955921313230765,2026-04-12 23:29:24.369110,2026-04-12 23:29:27.093385,0 days 00:00:02.724275,0.9130099224078634,0.16512403359473926,0.1418428299848431,0.331698518703449,0.12435773592638313,0.2573192613179704,0.4858979981867856,0.37945579167435867,0.19212729680294352,2.4356194963830036,0.20896872482278434,0.491185315330859,0.4745520245804585,0.1288788954257424,0.11758703625475361,0.227854822330672,3.31834546958742,2.371813705546952,0.5064792575096512,0.4698427725087357,2.9879322190819537,0.6331747348334557,0.14430253823996278,0.8964536523820335,0.3798509426492017,0.346654594604264,0.4633329162861856,2.054246598300383,0.1122272165063983,,COMPLETE
89,0.3047611794521671,2026-04-12 23:29:27.094097,2026-04-12 23:29:29.724660,0 days 00:00:02.630563,0.49767581034823516,0.2824188762571579,0.1902499623472526,0.26101325810948406,0.8206697729332448,0.4151507247963818,0.8489627710402692,0.13471743295467567,0.15297022341922636,3.0148494411711435,0.621849539209612,0.6494303133400806,0.9134273812014911,0.11120927167529804,0.3165762688765316,0.18453499139433754,4.016732358648461,2.020090746700357,0.24117458047687315,0.5549644855708371,1.998669208704912,0.4374909372980274,0.30700837677300075,1.0049304469901434,1.1011618860407848,0.4753589841489238,0.5884522611221846,0.8468297781126504,0.16131622244735286,,COMPLETE
90,0.2977136323935247,2026-04-12 23:29:29.725501,2026-04-12 23:29:32.598233,0 days 00:00:02.872732,1.0557400482151806,0.262519803384658,0.16051537154963832,0.2360409822842011,0.7184602164243523,0.3498503966189568,0.4016603007613916,0.11027835742295852,0.11398818531909168,1.8571835347341275,0.8624297235833784,0.5872178490903466,1.1493416953119462,0.2183055532723362,0.20899765076498575,0.30115932673085205,2.051385532418127,1.8196745388502098,0.43162370332525,0.5015080667442917,1.4667267570510036,0.2868630851307177,0.260911570823346,0.41389608794177096,0.42774301448127633,0.6545011355730033,0.3895473397492341,1.0035369171647068,0.300635107616749,,COMPLETE
91,0.31190094351923203,2026-04-12 23:29:32.598954,2026-04-12 23:29:35.602135,0 days 00:00:03.003181,1.1871645278843368,0.13857743819739088,0.11221657786168858,0.3920887108008579,0.9841581654188484,0.2789969717958764,0.4359909669916227,0.2604958849082271,0.16590282170826687,2.542138229079547,0.4051929551333005,0.44397343638393455,0.9583276022614587,0.3935686109246435,0.26088212310818204,0.34124305954619416,4.489577664535419,1.966462740340051,0.3371001870717606,0.3024921113280142,1.7718503088744415,0.5946849409850545,0.1759915669277908,0.472061591431619,2.474922671782717,0.4939106822754425,0.5364133076967498,1.4364584544883725,0.14346795021071285,,COMPLETE
92,0.3228266628558828,2026-04-12 23:29:35.602927,2026-04-12 23:29:38.565247,0 days 00:00:02.962320,0.7654775690033259,0.16028117909075107,0.1498840859796781,0.20640582743501037,0.9166643543558826,0.2977394837670923,0.42425978723245605,0.2180564163839944,0.14126333003148714,2.2686955231387826,0.3847021416082516,0.41203916541659247,0.7418621808749813,0.3317424227384222,0.18012791841505651,0.32643344204212266,4.047045315568653,1.481447444541182,0.3830613693370079,0.19896198758569622,2.2187705267979627,0.7297808467099831,0.1861405294403322,0.6282463313568368,4.25678030594126,0.40321480374177815,0.5469400314985252,0.9745306935175405,0.1252334663759996,,COMPLETE
93,0.31044625546229027,2026-04-12 23:29:38.566112,2026-04-12 23:29:41.206996,0 days 00:00:02.640884,0.7757775840278437,0.18750709371632338,0.12804622258198844,0.21094940242162355,0.8756207742083346,0.4576991695351001,0.5964373668334705,0.1604142988086475,0.12433484687772013,2.2834854346808444,0.32940017771912194,0.3606662015428329,0.7524402712738446,0.18944192986384853,0.3889398818183209,0.37474210021510235,3.5581842211719286,1.4234766047050988,0.304218569725778,0.18934296528029165,2.1486979084247237,0.36558837109269915,0.3591873855272434,0.5948663308834083,4.341973169836295,0.4043593709560001,0.2589842054731996,1.102070790837835,0.10683947238341283,,COMPLETE
94,0.3153095545136889,2026-04-12 23:29:41.207733,2026-04-12 23:29:43.907383,0 days 00:00:02.699650,0.7195257289713671,0.2043757146146521,0.20754295742037332,0.22828429989514296,1.1097107377470776,0.30662284191558953,0.35131950491261904,0.185523143866201,0.14771766601713915,1.4912053879355545,0.7363188414687977,0.25989574660767445,0.6758465544747212,0.100081001122859,0.2886017274922831,0.45624316808274695,4.951527587933132,1.4887439802698867,0.2696601213668374,0.1590397647264843,1.1338224207546883,0.22577846733799195,0.2037304738451477,0.7592598129209431,2.9684594415532373,0.5903196997604918,0.7424812670155283,0.7758710454349397,0.12779887438612025,,COMPLETE
95,0.30801228752811677,2026-04-12 23:29:43.908328,2026-04-12 23:29:47.447872,0 days 00:00:03.539544,0.8744112556511386,0.15990730759970215,0.14801276803409685,0.16341600207317403,0.5885766985760683,0.3594886981030984,0.4933056913499578,0.21327797987668184,0.108141117663427,2.0025191566750786,0.4840377684332763,0.30292840125572534,0.5369407725932577,0.29527081236024166,0.18230543636705215,0.26082341233428563,0.48086884626504756,1.6922562923427122,0.3806839451517044,0.7273471299780938,2.2693143433915903,0.7827712531525471,0.16176663158319438,0.6289677602289123,3.5349504437945947,0.3680410940798422,0.32322508613282436,1.8103806036058199,0.19816442757488822,,COMPLETE
96,0.317896999852271,2026-04-12 23:29:47.449462,2026-04-12 23:29:50.393080,0 days 00:00:02.943618,0.12889052151790745,0.10283732637389313,0.24106096675678587,0.12035845076131055,1.341159296982032,0.2010819806867416,0.27917620244514985,0.23298726147820792,0.1336629808009311,1.6715615108726236,0.2604596016688446,0.4072663484993399,0.8455828817293813,0.8283060100186116,0.1591961839531697,1.03058966231724,3.0334195225711165,2.1179134446526207,0.5836146158943379,0.4398038855414452,1.3244606433917487,0.4134562230415602,0.1334019328714669,0.5115336219541007,4.80267949301337,0.4140984477128459,0.6874170014908799,3.7730263631790812,0.1195049340183981,,COMPLETE
97,0.324316936943508,2026-04-12 23:29:50.393923,2026-04-12 23:29:53.185756,0 days 00:00:02.791833,0.2634312041045672,0.1022300750149903,0.24317515720549443,0.1469644709414285,1.332898270636171,0.19714456297603972,0.24525567141366234,0.28815672206678405,0.1927787938406186,1.7519326892616762,0.26082558379408655,0.53070864942101,1.0433918220758094,0.8122850601423031,0.12851007078423857,0.2169711231803039,3.0546965096438736,2.4133041221928355,0.9096683432266316,0.6140085774682318,0.9816966434791802,0.4297852157626217,0.12368364545137588,0.30470483341761956,4.835457295165555,0.4109345502703741,0.640482379888931,4.568164965442361,0.12136358553262931,,COMPLETE
98,0.31618954906313973,2026-04-12 23:29:53.186837,2026-04-12 23:29:56.218189,0 days 00:00:03.031352,0.12711092936684093,0.10915784148181856,0.24990729730314856,0.12492165164783725,1.9207677930491855,0.15134456039312713,0.23359211586033146,0.30038420813230354,0.22506413207891432,1.6176402298642378,0.23890318691202608,0.5463715323823297,1.028419755912745,0.8933374762039317,0.1345264568632601,1.1758457805413558,3.0268183138099727,2.7134065449912312,1.146231843704956,0.8493337742985546,0.9936098463004233,0.4029721547615161,0.12779246870316563,0.2881326863891489,3.9018222904219493,0.411300675630524,0.6804139787353487,4.363040302104844,0.11809045264786619,,COMPLETE
99,0.30997154159692875,2026-04-12 23:29:56.219073,2026-04-12 23:29:59.025719,0 days 00:00:02.806646,0.19010823574165983,0.10044190706091699,0.2873172555220867,0.14475022381340147,1.2948989485334814,0.2059294955291381,0.3120723945742874,0.24250043344754968,0.19224741719531152,1.4192836941322533,0.2706252644655756,0.4242900233958716,0.665667116851039,0.7932091216382193,0.11661505680389407,0.2113296185989853,2.510539244856074,2.4605799302613702,0.5877876995112762,0.10168246692983549,0.8783517379669671,0.44880317671884806,0.10115814149397535,0.3454468238942996,4.976102822787543,0.5373405709331871,0.48146514238938876,3.3201143370183246,0.15609143717416682,,COMPLETE
100,0.31920755319419375,2026-04-12 23:29:59.028979,2026-04-12 23:30:01.696513,0 days 00:00:02.667534,0.2422774508391945,0.12474485743490814,0.22188945813879535,0.14766641964108967,1.6933469313462584,0.2627559076966367,0.18169512224379716,0.3568203814418352,0.13475311585424962,1.7134457157687155,0.23109244880873928,0.47381044761152635,1.3078180291979062,0.6133302235216163,0.16062146606879218,0.9959312741622431,2.7863600574512692,3.3007265779956616,0.8985798622681079,0.6074477813809614,1.298550118585476,0.3568338827717592,0.11688650008241769,0.5490877551752954,4.204335059737517,0.4494965370191988,0.6276617538457333,4.23116176638652,0.10033994584797266,,COMPLETE
101,0.3226491363339662,2026-04-12 23:30:01.697281,2026-04-12 23:30:04.489972,0 days 00:00:02.792691,0.22604415199130984,0.12311943140315468,0.22056423757285123,0.11119118474325995,1.372722836095892,0.1361590611004595,0.1760305080736509,0.34278752776637705,0.1337392299989025,1.132241446902514,0.2433799583807812,0.49835822293571347,1.3605438899434628,0.6074339960336876,0.15560087246663917,0.8519219706232957,2.315789357548843,3.30517156130262,0.8592344660762349,0.6118904109019211,1.3114075821524809,0.35068237219621445,0.11682598973650377,0.5455868484956746,4.423113806308459,0.34427568990804697,0.6523028372022704,3.901204989131253,0.12059802926308943,,COMPLETE
102,0.31576301963774417,2026-04-12 23:30:04.491556,2026-04-12 23:30:07.374678,0 days 00:00:02.883122,0.2778836585021304,0.12138369229571296,0.23387364452439208,0.1517954371085957,1.6444602003004294,0.12375493640281808,0.1659723449073095,0.5350960079195439,0.13908433940404888,1.1402512819993347,0.2145999275306173,0.3963532752141945,1.4683452507817947,0.5623815338673593,0.14833219002495718,0.8586850639951631,2.345388010551214,3.805356184521265,0.8518425409419214,0.6309104270821151,1.3083823628462767,0.35683107715244966,0.11189436016582992,0.5427629358488616,4.422770702008535,0.44745911976240776,0.7388158052383209,4.1715454485711,0.10308976528717496,,COMPLETE
103,0.32080775098871156,2026-04-12 23:30:07.375385,2026-04-12 23:30:10.250175,0 days 00:00:02.874790,0.22112534656220234,0.1288677660490678,0.25894540964328044,0.1107628618721726,1.3644118383998602,0.14179246788369684,0.12684512496953249,0.3401678338100863,0.12940814926993344,1.6758943889092621,0.23608109420044,0.48424159769785236,1.5886101531151162,0.7945394964634933,0.15766930553202654,0.9270623835663105,2.0129779476622955,3.1412797965215726,0.952426483904743,0.7436455733110177,1.1406915602158207,0.2578684546848123,0.11263310298551055,0.5102996113572529,3.8065874481485156,0.33781626914512,0.8929178053923421,3.6180162276368626,0.12157881776438209,,COMPLETE
104,0.3004322020065887,2026-04-12 23:30:10.251186,2026-04-12 23:30:12.963131,0 days 00:00:02.711945,0.21759425491268056,0.14120212415074976,0.26957799189031384,0.10003684024069161,1.7393975325117006,0.1027402467101764,0.12493043407104046,0.43272206032778077,0.17557652836148704,1.2884360486110362,0.19496308058608663,0.49574174674952404,1.533286209789792,0.6361211702973313,0.12833291335193123,0.9192148910802034,1.942576858482731,3.54715399141385,1.1437080846035281,0.9767217436398924,0.9590042219660003,0.3009599005298093,0.11042795582581012,0.31376176324203164,3.871125281923535,0.3766934272666546,0.7961975852144594,3.62398273893401,0.17245925737675719,,COMPLETE
105,0.3083459598718199,2026-04-12 23:30:12.966474,2026-04-12 23:30:16.202940,0 days 00:00:03.236466,0.21204298590344184,0.13045549896016156,1.38933143189658,4.789290619869177,1.5038965019859687,0.13628111901579354,0.13152941074959656,0.34444926792906505,0.12224858921946163,1.8194584952412218,0.17331588937632889,0.6047983859136529,1.722329354324947,0.6363388185171805,0.1660636833944513,0.6362983473969597,2.67306555452055,3.1972211126301175,0.9723955386058487,0.7665621345165027,1.146607915800501,0.26406628513609226,0.14991019804442596,0.37451313270858594,3.3839670920452924,0.32589924911677215,0.9248854182145331,0.6591718420720563,0.12895092697196,,COMPLETE
106,0.31686846779971,2026-04-12 23:30:16.203648,2026-04-12 23:30:18.965772,0 days 00:00:02.762124,0.24447850104185512,0.11444309982255294,0.16029041931157625,0.11113924194853815,1.2092893356431187,0.16006867748622225,0.10443739651310864,0.49093215314024086,0.14998339036015126,1.4814243719866347,0.30783074742452515,0.5495804976128638,1.3115253763263424,1.1245563249766577,0.12830920858344286,1.1658532036596592,1.6375923219940303,4.422352034053245,1.30089287600892,0.7205285837433376,1.5296419929818896,0.24766121154511586,0.11368639723425546,0.5476733746237245,4.015155535457163,0.34696823049171904,0.6553241957071402,4.640180946500581,0.10972729495921435,,COMPLETE
107,0.3203808633458775,2026-04-12 23:30:18.968845,2026-04-12 23:30:21.821337,0 days 00:00:02.852492,0.1628979431841621,0.12694435082901595,0.22927038776711306,0.1349299946867784,1.02064897258968,0.18727385796027396,0.19334396742612472,0.40187904976395816,4.381676699817543,2.1406386769029315,0.2796079511411486,0.4713502182827148,1.2008675024036557,0.6967557812930787,0.10802533212294792,1.3983256932411428,2.2048842058090106,3.237517572763027,0.7170315558654283,0.5727047385560324,1.2280447077946643,0.7210567087646416,0.139151919105981,0.7078637373411525,2.9581566946363735,0.567315584530502,0.6252140966040142,4.973533401926123,0.10092359381660042,,COMPLETE
108,0.3198663700498184,2026-04-12 23:30:21.822183,2026-04-12 23:30:24.696156,0 days 00:00:02.873973,0.18036297253737466,0.12418850535248464,0.220844594258826,0.1342390218471482,1.3791391638890762,0.18490274996594433,0.18937838290146441,0.4076983461232728,0.16894860264861747,1.7621518008863721,0.22081444790957305,0.47021341499288344,1.1891046415874416,0.6962878016249283,0.10452174680762975,1.343695562089747,2.180655703474802,3.251532170492801,0.8765026577451865,1.113504655981497,1.0648842394019524,0.7153629712768073,0.12294405980791316,0.441897040399627,3.0551231560108656,0.44113319808853557,0.8852455105078177,4.096991087334701,0.1503337125826034,,COMPLETE
109,0.31935089466104316,2026-04-12 23:30:24.696846,2026-04-12 23:30:27.702570,0 days 00:00:03.005724,0.17363795369723928,0.12470278997248273,0.21971861029540707,0.13587497404826987,0.998702848697803,0.1887238491679768,0.1966253269216723,0.4172763690863414,3.5683416020840637,2.135899673317387,0.2290596017786396,0.4673639668964644,1.2030734600972615,0.7233235742823549,0.11491455445553132,1.3575871880259243,1.817998341882865,3.172404413169509,0.9244190495857366,1.1153624288924806,0.7476541600926044,0.66573791877054,0.12160950476014927,0.4354416811845322,3.085462487142826,0.38690472400903114,0.6223190739576198,4.125757314023097,0.1491266687991412,,COMPLETE
110,0.32336364928982364,2026-04-12 23:30:27.703306,2026-04-12 23:30:30.297668,0 days 00:00:02.594362,0.16149935814548486,0.12427502122137098,0.22026231683445244,0.1333240042400939,1.0373658463363202,0.17682644298749065,0.19252553147839901,0.38815272139596774,4.298299217182622,2.1969383754304728,0.18431320104019977,0.4674780723676109,1.3798753916767268,0.6895677089105435,0.10551583716916972,1.4083282609786858,2.074002137090303,3.28200616366663,0.9111236962572504,1.1219735530508494,0.7282465677870797,0.7729702832778012,0.12431525122635773,0.42251601007814443,3.1282536901763978,0.39012670510131736,0.6260081181886826,4.101277460587463,0.10101272976691585,,COMPLETE
111,0.32230792202309555,2026-04-12 23:30:30.298364,2026-04-12 23:30:33.043081,0 days 00:00:02.744717,0.16266071990933872,0.12890290169002644,0.22858541178675662,0.1376877863335929,1.0377611770996586,0.18720104862719997,0.18362250217964446,0.3965379402878093,3.2725002745994867,2.052837248224663,0.22297694783409489,0.4776455575587035,1.5947540151951092,0.6577851763242678,0.10331930390744412,1.4716428685263254,2.102251512519909,3.25585182726311,0.9025583076164475,1.074694498747157,0.755234563955108,0.9288854851617574,0.12290735270413126,0.42385640011656917,3.0908658882902302,0.2622057971804138,0.6329180336160174,4.150576145375987,0.10109525389859447,,COMPLETE
112,0.31552674020692884,2026-04-12 23:30:33.043875,2026-04-12 23:30:35.799796,0 days 00:00:02.755921,0.161402040936567,0.1092430475400958,0.21559078783094004,0.13733350700838223,0.9918551265469203,0.18153133002702027,0.20078042763375775,0.3997282726809326,4.445676691723089,2.1122312195797535,0.18785056485035737,0.6755969610632857,1.193644423605028,0.7290351646543433,0.10581312295499413,1.4328317370092862,1.4537971544588273,3.783489554195635,0.7496186251658884,1.1508593727563106,0.6654609231465126,0.9267329771418108,0.13814424067532752,0.43464620941335586,2.8545284937939,0.26717425047666127,0.9069862460188916,4.977678799993869,0.11226955874921216,,COMPLETE
113,0.3234329404960736,2026-04-12 23:30:35.800675,2026-04-12 23:30:38.556798,0 days 00:00:02.756123,0.16994848490877362,0.13288039748641495,0.189541360136856,0.1690036686254365,1.0530391208986798,0.13853817526481177,0.14823523101365582,0.46623659639228343,3.6477057860060467,1.9000598597043625,0.17547000069482274,0.5405963386552225,1.600225635853876,0.6695209585697358,0.10109319211429751,1.7195806161871297,1.7791671886982723,2.8163683786325815,0.6641199144504991,1.0275796724409278,0.7417675011808035,0.7160410805233824,0.10353382440541062,0.36600578284064555,2.1417822963830937,0.31593474038873764,0.7402541493756734,3.338963143254294,0.13116795500867118,,COMPLETE
114,0.3250766768879167,2026-04-12 23:30:38.557544,2026-04-12 23:30:41.507985,0 days 00:00:02.950441,0.1351745067163852,0.13670484776558395,0.1896173972358038,0.16709416349132541,0.9041368217365946,0.1376828327305132,0.15193707529072767,0.6357526985033174,3.9186818038131976,1.8630004227446848,0.16996086614911146,0.514606461370874,1.8051908888974673,0.6832073323729669,0.1071752085727046,1.7123894148878571,2.0348826614795628,2.80034448324035,0.6607878148906243,1.0121938422790597,0.7671689465622279,0.7568756366604484,0.1056267862300828,0.35617414841779377,2.0165868783652052,0.31898471707170883,1.082844317834271,3.4356617328181516,0.13011926758851244,,COMPLETE
115,0.32533029753395903,2026-04-12 23:30:41.508674,2026-04-12 23:30:44.401585,0 days 00:00:02.892911,0.14404418745312753,0.13529419213722352,0.187724806844671,0.16088801076725304,1.0628320378692298,0.13961004443965458,0.1597066315647922,0.46839073809105314,3.5532147186959153,1.9367198390080849,0.17477659008195562,0.5251453115611451,1.8664730214620036,0.5112654953428873,0.12549806981763004,1.7297184334624958,2.044650127548648,2.476178536726658,0.6478115337488802,1.0126001615175508,0.5095936800329103,0.769129330683636,0.10396907158174121,0.362770307312557,2.2749625541483742,0.3055089114127624,1.0648139046624436,3.3862331418913847,0.12849841356750533,,COMPLETE
116,0.3220198014315946,2026-04-12 23:30:44.402340,2026-04-12 23:30:46.956520,0 days 00:00:02.554180,0.14505875766257068,0.15681789996494705,0.19339863182793926,0.16572052846027435,0.9261565177010279,0.12811618662685298,0.15165981041672982,0.6094646139283335,3.1158081565132747,1.9400819352869905,0.1662526006938102,0.5217020680088394,1.944568926468625,0.49595491236017103,0.12380178930284574,1.8254928836723796,1.7019624025369957,2.8324859379455303,0.6430874487470298,0.8997698032820279,0.498805266661846,0.7756229403939671,0.10608271271149168,0.3194061701985508,2.123795929577797,0.2456805135596487,1.1200199032494704,3.0160525923258437,0.1309971640430875,,COMPLETE
117,0.3208437585858274,2026-04-12 23:30:46.957240,2026-04-12 23:30:49.587316,0 days 00:00:02.630076,0.13532955274149094,0.1707053838876556,0.18521711382557202,0.1708522305867855,0.9074420127828914,0.1334775848356322,0.1540619367974411,0.763649354682614,3.1330292353071405,1.9121241297463032,0.16175593806671193,0.755738454644971,1.9684263439023841,0.528793708299392,0.12325138466595491,1.697763584709754,1.2976266468547017,2.8641691182898206,0.8054864841037798,1.0030685376769504,0.5181897219867103,0.7812204075894646,0.10001095940199185,0.28756991193032955,2.229216948290983,0.24926766938435033,1.1038150882580395,3.1507506678719652,0.12873347303255583,,COMPLETE
118,0.3249018350387832,2026-04-12 23:30:49.588032,2026-04-12 23:30:52.252899,0 days 00:00:02.664867,0.14367227086111664,0.16543626307660605,0.18507972814235094,0.16351852095582453,0.9047570567751888,0.12931789632629598,0.1441037293528274,0.653724524568835,2.968398267012715,1.9600484094272383,0.16078261767569182,0.7803223408892489,1.9904777133405842,0.49104579606618487,0.1231383066373246,1.6518030278724884,1.7525830101356281,2.7030710989229703,0.8221807100843841,1.3525541822849356,0.47540976821208103,0.9293622609665564,0.10127324985467635,0.2812266643019485,2.1324359761204232,0.22053295913603987,1.152268532214118,3.05774039915536,0.12868082808986742,,COMPLETE
119,0.3201584140854962,2026-04-12 23:30:52.253634,2026-04-12 23:30:55.138663,0 days 00:00:02.885029,0.10666429947253876,0.15530092965648146,0.2006342743167189,0.1589203556062203,0.8240482891544402,0.11621672617787204,0.1438659074917299,0.603746682966329,2.4053337820162004,1.5320763994285793,0.13886125628536017,0.6139764512812185,1.821768524589368,0.57982563135776,0.10046065085813739,1.6525128086598704,1.5260025689242405,2.6141249300007194,0.6944884381659179,1.518263278640521,0.47861667308233513,1.0727785320673144,0.10729966085363765,0.23867507595348142,1.7946283333812236,0.21876749432110879,1.015986424694054,2.8377009719728106,0.17170585601153862,,COMPLETE
120,0.33125125287677404,2026-04-12 23:30:55.139659,2026-04-12 23:30:57.761740,0 days 00:00:02.622081,0.14565223247101367,0.13837020332115116,0.17774583417767828,0.17943439714451875,1.1879474986070757,0.12692147674785423,0.16990678517352906,0.6299226249448276,3.6892320778579792,1.9516645978930829,0.1749332068451405,0.5370117870334171,2.1754308445291617,0.5065765657185385,0.1211482823875155,1.9567402140714636,1.76114713993428,2.390951537860154,0.6624351592901156,1.3807746850789606,0.5838575058170826,0.9275003675341404,0.10526012936998638,0.3243249629405841,2.0060799514812895,0.3110358528507243,0.7578733690506677,3.3694880028483922,0.1347909695904298,,COMPLETE
121,0.319844954002617,2026-04-12 23:30:57.762709,2026-04-12 23:31:00.440730,0 days 00:00:02.678021,0.14678766894424683,0.13948838436367028,0.16717555337639203,0.17435571143629325,1.1921713809336805,0.10739534283322519,0.17198634458028014,0.6439778481228687,3.6070793709783273,1.9543045251733069,0.15153441450986727,0.5508977450343574,2.2447250797445224,0.4843624759398725,0.141037325908229,1.9485821135644206,1.70009377818259,2.7909959880564337,0.6412962375617647,1.3714332574346386,0.5728375488368673,0.9177649404894218,0.10577974175586788,0.32756973458337363,1.972366622252138,0.3021238307303795,0.743103020866127,3.4284292775078065,0.13211941373341765,,COMPLETE
122,0.31598323516322846,2026-04-12 23:31:00.441676,2026-04-12 23:31:03.081422,0 days 00:00:02.639746,0.11206411846938628,0.11141039913872529,0.18557033719423552,0.18753147619044472,0.9156779826586269,0.12591685916524756,0.117471533913055,0.49743288400018915,3.043365316999847,2.875861650757034,0.1768209319246676,0.5261455660591463,2.2914958059824717,0.45438952001230726,0.12284969568502443,2.1091214325410808,1.7979066764256282,2.4727423069216736,1.0171079632300786,0.9017258603361892,0.41368746803440193,0.9296459077505539,0.12728232232278985,0.2664530838837549,1.6466422936804985,0.27258218830733505,1.4043967155036001,3.017864093132014,0.11377774398105159,,COMPLETE
123,0.31955050856877126,2026-04-12 23:31:03.082619,2026-04-12 23:31:05.676334,0 days 00:00:02.593715,0.14007803057308837,0.1373355704289761,0.16938244721349094,0.16219425122120001,1.151384763845196,0.1595680386628865,0.15000668622899646,0.6610082012753754,3.9912969288558173,2.654090882517073,0.1188755937646092,0.7114181133185286,1.8696678636130684,0.4157484003201253,0.11162727289919723,1.6063983013816,1.3929125075674191,2.3552856544955745,0.6555330537053364,1.3363291374810176,0.6506886938688803,0.795617846224559,0.10052945681165687,0.3588735003619577,2.0856354584660877,0.31718578422829236,1.1569107364947815,2.717938647843334,0.13376821821924456,,COMPLETE
124,0.31565448520297057,2026-04-12 23:31:05.677038,2026-04-12 23:31:08.318956,0 days 00:00:02.641918,0.11738313606028195,0.16646767055908562,0.20159783091964398,0.12472182899494261,0.7970510410376646,0.1256560610669268,0.13736670270940624,0.9217521367471977,2.7797499076937555,2.2702750869010333,0.17746175783082432,0.5800914445162866,1.6742167936397463,0.5894152558557386,0.1297800989346735,1.779359611011627,1.9450526796488226,3.578589479149621,0.7566641563251956,1.0445586241765323,0.3542371156675793,0.987905969077328,0.12991858091628825,0.3932111226245334,1.9001706898434896,0.18202082296273975,0.5086300380272589,3.389083135323884,0.15670579646526642,,COMPLETE
125,0.31394356156259845,2026-04-12 23:31:08.319699,2026-04-12 23:31:11.070628,0 days 00:00:02.750929,0.15195860505416656,0.14915857752254444,0.14686770609286734,0.20346263700521414,1.04785673830245,0.11454177000065201,0.16814322015172126,0.4580416262822169,4.773585804554778,1.853029224330472,0.12446220882492437,0.7891061773621051,2.089025986693078,0.5053346276207663,0.11368879599685405,1.931846830083544,1.0715668273009291,2.8860195786691163,0.5428591058214017,1.5933626470193623,0.45758631401575683,0.8492805760406396,0.15174249070641088,0.3142044676885616,2.276347257815046,0.24827438512473135,1.0424728550351827,3.921187396607927,0.11016745924509427,,COMPLETE
126,0.3143389132065713,2026-04-12 23:31:11.071345,2026-04-12 23:31:13.694472,0 days 00:00:02.623127,0.12109626093227221,0.11875719610438919,0.27991101554779396,0.1548926530570583,0.6854950747776152,0.15474133257202696,0.11311969079585896,0.5441330549008131,3.8026533272862477,2.0377071294068374,0.14710494594062024,0.638770859015132,2.6682787566916746,0.8476626326744008,0.13809441314985738,1.2532164636893295,2.4935019273040284,2.646426629642294,0.7990547222790753,0.8503974873793038,0.5656585304501633,0.7586024118222345,0.10814855343028588,0.3614346501863218,2.7015592856653314,0.2076894962019772,0.8005638553994505,2.378123590191039,0.1175427500643304,,COMPLETE
127,0.32186741056309104,2026-04-12 23:31:13.695214,2026-04-12 23:31:16.343127,0 days 00:00:02.647913,0.19844725253827,0.1561012184154935,0.17597503196701297,0.18085507919771307,0.9394358137893761,0.13906560161787368,0.2126607257923123,0.6831345938296746,2.6686958370163443,2.3208745052831334,0.1626939954654662,0.8918072484383872,1.4646968635038815,0.5528237054693323,0.12138374886505504,2.377173569478359,1.5263315147710412,3.72458253711463,1.2395793576665757,1.7883058027265701,0.7566674479657302,0.6688279269885814,0.11805500713657209,0.23646540320860507,1.6703805492188133,0.22805485286458646,1.3410755856615773,4.470165028062867,0.13509626536651811,,COMPLETE
128,0.3082400582008009,2026-04-12 23:31:16.343896,2026-04-12 23:31:18.997498,0 days 00:00:02.653602,0.17717139470615076,0.10056877858275966,0.24770462160749543,0.17132068595498362,0.8683488963227372,0.10064162972243987,0.17780794930196175,0.7419947073324699,3.346152320517818,2.5527681966233464,0.19684597419980887,0.5189236531634098,1.7832720229357086,0.47255811627352995,0.10003344793283468,1.535065210329448,1.7007271532165704,4.15105516827031,1.094310360104551,1.294275099007486,0.678466669935518,1.0807111464873689,0.1386081581843758,0.19803525875924685,3.6209151484401114,0.3075385238568103,0.5797641066756773,3.1163162375886064,0.1982850216878581,,COMPLETE
129,0.3197352330324734,2026-04-12 23:31:18.998210,2026-04-12 23:31:21.705097,0 days 00:00:02.706887,0.14361168166049681,0.17549098645583794,0.3205369869161282,0.15240480946600768,1.24339214656453,0.1687320115420646,0.1546996640218748,0.6090346123009237,4.007234889591217,1.5524577693019115,0.18869098563415188,0.36928754486065735,1.6378141414294374,0.6809192092045003,0.1484137728916063,2.0585358409635206,2.0617569146748824,4.5525629025031975,0.6871113592777188,0.9374672772495338,0.6086009235359487,0.8653273956652382,0.10004477330849623,0.29315390298437133,2.3594790985912613,0.28162119778366096,0.9481030063871048,3.8035085891515634,0.10631079169239985,,COMPLETE
130,0.30865691104684057,2026-04-12 23:31:21.705835,2026-04-12 23:31:24.546490,0 days 00:00:02.840655,0.16537480279094297,4.8670430636961,0.1893908621941052,0.19197029565716953,1.145662823544385,0.12885781329200527,0.14340573481790522,0.46265077866246807,2.127201373834339,1.40439508665926,0.20465324769671003,0.6877973601252734,1.3698766151715434,0.6562504472928438,0.11036328904718072,1.8500643652283904,2.3270450369097935,2.3410420028436585,0.6219509219536036,1.0022813917648097,0.5349138030873299,0.5339611311053295,0.1277398864793855,0.2569653099109721,1.3576260224875507,0.3609794365020694,0.7198008513959162,2.791835453088067,0.17701976844828327,,COMPLETE
131,0.32312364611603633,2026-04-12 23:31:24.549780,2026-04-12 23:31:27.603867,0 days 00:00:03.054087,0.1911697827007712,0.15115202824807142,0.17731132181855194,0.1807017743497703,0.9469142990724925,0.14093360835638818,0.20969966717640257,0.6844960220575091,2.6401599519422705,2.275759140957599,0.16453521169404278,0.9096574082417622,1.4537376043341714,0.5533139228152469,0.12157447272542045,2.375363428443642,1.5001042954288784,3.8057909887256494,0.8263466470764058,2.207777449179581,0.7413070639034275,0.6432591354840173,0.11691578100519864,0.2440691935592556,2.0468313582848947,0.22895477690214955,1.3096398200390411,4.475869681973616,0.13437569182827386,,COMPLETE
132,0.32519969090505246,2026-04-12 23:31:27.604598,2026-04-12 23:31:30.242391,0 days 00:00:02.637793,0.15361962526112505,0.13857300542096448,0.21093432519788372,0.1451391638844021,1.0199378520474067,0.1438894998188148,0.22860120910875414,0.8047666499580578,2.914188740343106,1.9904984304957098,0.16348321357215226,0.5817508249286485,2.071484002181749,0.4222956616942018,0.13056954818314886,1.738292233063618,1.8883497754017868,2.9148482253583308,0.8532756981737962,0.8081475223581068,0.8685366587336911,0.6196357953639687,0.11614791199474413,0.34284492176284337,2.0365430418775157,0.2639999138083672,1.2354440407916756,3.595590045690948,0.1263430014018468,,COMPLETE
133,0.31973721181247095,2026-04-12 23:31:30.243221,2026-04-12 23:31:32.979996,0 days 00:00:02.736775,0.1020248901316056,0.13479394499229808,0.15258800064866498,0.1249265521391271,1.0404989869506738,0.11721956427167764,0.24088594069175565,0.9942629735908793,2.6964905453759935,2.222653013611115,0.12503217135664316,0.5960144492333668,2.4293677384188417,0.4289108538998375,0.13361792945864956,2.7293535664824176,1.8452252840812837,2.9824245034051984,0.8378567869369143,1.425774856548163,0.827603833315099,0.637104187779072,0.1170309164898238,0.34248356911695427,2.0071489251537704,0.2668345082259766,1.2534176255978573,3.5622126851509046,0.14758433544218968,,COMPLETE
134,0.3182145829633737,2026-04-12 23:31:32.981572,2026-04-12 23:31:35.574069,0 days 00:00:02.592497,0.1960901690963726,0.14016996706237603,0.21204218670916317,0.14372680010913028,1.0852277270219899,0.14715201647713527,0.22532617360063198,0.8052367305611693,3.490305199875885,1.8121655113976363,0.1472549354343063,0.8636818710617982,2.1117964792194,0.6006850865264632,0.1126350007146433,2.318114755706352,2.0625433722119286,4.048897044059838,0.735354304757064,1.6119740880274318,0.7413918008974605,0.9986540493167572,0.14362539351585996,0.4004763793113992,4.564175371377772,0.19910016476780448,0.9995507604895392,4.5899094142621095,0.12193308642804984,,COMPLETE
135,0.31270132455507016,2026-04-12 23:31:35.574801,2026-04-12 23:31:38.569380,0 days 00:00:02.994579,0.2982051637631547,0.11424310689349941,0.17355503882299256,0.208129838911202,0.7414301169930347,0.1698374602069479,0.24981737010525973,1.119675890200367,4.21779373817388,2.0662588237897976,0.18287130403611476,0.3358638060337795,1.566827934178506,0.7481411187969473,0.17299246741122576,1.496895128990252,1.2671336139225304,2.13624538781611,1.017828147695113,0.8368338833459935,0.853137304934733,0.7227556095132363,0.1555932879138935,0.27988637427931135,2.5831633025305174,0.32601570146597725,1.5893657524093774,3.901304432592824,0.16201178952316495,,COMPLETE
136,0.31503633950827137,2026-04-12 23:31:38.571949,2026-04-12 23:31:41.461184,0 days 00:00:02.889235,0.15849999363625325,0.1456508049751053,0.23475534235099652,0.24397900131705397,1.5147970793482608,0.14395139551373476,0.2074744333312232,0.5222720090911821,4.8839638139365755,2.9123489728059373,0.25395708151438084,0.5666409645021449,1.7081338199104203,0.5416658756484748,0.14811631010237256,1.7467836691591718,1.515032722194292,3.444890561359812,0.8891697893904185,1.2085775941576367,0.6033980788216385,1.2126912530787701,0.11509670042945695,0.22104884711310974,1.7850896284123439,0.299908095989539,1.1934271529531897,3.4468512329271532,0.14136952843036438,,COMPLETE
137,0.324003200410265,2026-04-12 23:31:41.462263,2026-04-12 23:31:44.089968,0 days 00:00:02.627705,0.1822182868098839,0.10682018034287906,0.2962955600106928,0.18544513792833636,1.2575535323395843,0.15365572498499822,0.16701250442592647,0.8433817441610778,2.415390913617935,2.2694371974898684,0.1654407731686693,0.5179095832078007,1.4884446185108329,0.9515039709797621,0.11830166867583115,2.0382564440367283,1.123599370660203,2.4681660869609896,0.9561914132531228,1.0431039155156325,0.7082826413176017,0.5514853505371795,0.130345949171929,0.3659265708107661,2.772478114755369,0.3545009771308321,0.45867766322844356,3.244612824493037,0.1144541864871482,,COMPLETE
138,0.31603733893383534,2026-04-12 23:31:44.090717,2026-04-12 23:31:47.029915,0 days 00:00:02.939198,0.130613540199743,0.10896047935794127,0.9490234869686656,3.7433509001637915,1.3073974348734156,0.15506389514448268,0.1685042519393918,0.8642857298046062,2.0426575492882604,2.613930272926326,0.16591763362430206,0.6585207682665085,1.4572626081221811,0.9508924447364553,0.1393569385998632,1.9931845766169625,1.1789105010620786,2.495806598023017,0.7928440591924765,1.1728776808367773,0.6733710557736085,0.5508552558186484,0.1335689803755836,0.3662554997618609,2.3475647259752503,0.36120095990729423,0.44991090837877074,3.2707355940304907,0.11565333434938545,,COMPLETE
139,0.31650287651664083,2026-04-12 23:31:47.030610,2026-04-12 23:31:49.805986,0 days 00:00:02.775376,0.18820195038003712,0.11752323061853578,0.26809457875150267,0.1828500017280753,1.182990671831531,0.10884173249320225,0.1344592911818614,0.75958815247364,2.4578626620373973,3.1931038503238547,0.14081927458784896,0.7704921291309692,1.844459556834552,0.9780620513059964,0.11939319094082138,2.1817651519230887,1.1738906708465473,1.8902479366009297,1.078477563821531,2.0432450849522286,0.9456331048671416,0.614587125125213,0.1626861930885238,0.25478056847558817,2.753931850200075,0.3939372473315231,0.4806689229197298,2.3236854457033576,0.12285648654437586,,COMPLETE
140,0.319971281509703,2026-04-12 23:31:49.806916,2026-04-12 23:31:52.770163,0 days 00:00:02.963247,0.1742949469744646,0.17505214800259009,0.3006012115177114,0.21139145963524475,0.8666259324864988,0.1382739392068704,0.1626742214837575,0.6961790457601768,2.876800680177213,2.3063312503098143,0.1297603814065324,0.5112380657744757,1.4335051458833186,0.41101935285445546,0.1548791897786732,2.8355518607311616,1.3914772854315187,2.1553689795212705,0.9914410639704656,2.4027313763750353,0.5455964030861361,0.5150749502141655,0.10944433504058194,0.3029315601359748,1.4072562991404052,0.16032676399039836,0.5155100070849427,3.769445078773285,0.13591742936959364,,COMPLETE
141,0.31825084141458965,2026-04-12 23:31:52.771020,2026-04-12 23:31:55.501811,0 days 00:00:02.730791,0.22627035946638932,0.13280767170902494,0.20783354893828296,0.14305721011313233,0.9829702670441366,0.12076353885253041,0.1773999328302821,0.5783479418635428,3.321318655138101,2.034023199440083,0.20995601668694389,0.44171571156321776,1.5692465512586362,0.8332756706578545,0.10734673219176101,1.6675355021271439,1.8829415240599148,3.017428858553382,0.8518719288914829,1.0741667648942883,0.7635848549954574,0.9009349115797711,0.12207431150625309,0.38657535196470694,3.203243103817859,0.33967062270772785,0.5883722208197208,4.393377927064766,0.10592643478008251,,COMPLETE
142,0.32480258898956926,2026-04-12 23:31:55.502663,2026-04-12 23:31:58.235441,0 days 00:00:02.732778,0.15446114764263308,0.10763626853782035,0.23302801924618094,0.16248238029972745,1.1008290335120787,0.16191571353982917,0.18644665038510663,0.9554144696419713,3.8293794236114813,2.4153165425192444,0.1744312915875721,0.5123662362463236,1.358380557656308,0.5959431438946731,0.12999267229590794,2.4791162010298318,2.3587603722320503,2.5937813017532663,1.2200924567809033,0.9807347910909386,0.7205720250873784,0.6768068978854447,0.12714378996689107,0.3336080856282429,2.4500386715605167,0.28524747199136674,0.41149746606036824,2.9091004513905196,0.11027255922056557,,COMPLETE
143,0.32491990894010075,2026-04-12 23:31:58.236186,2026-04-12 23:32:00.992462,0 days 00:00:02.756276,0.11976265936255388,0.1074170760302789,0.24911960226975993,0.19294776123508248,1.425371886310582,0.16449664061523592,0.22171549093986267,1.1667515802179367,3.7622976589162276,2.4819435303844637,0.1112499826816223,0.6377153434869038,2.037303893527397,0.6026352712344843,0.13397484472636514,3.0420394646554456,2.472149818893791,2.6875592644451025,1.3863333090808323,0.979041692525842,0.897541593242968,0.6849474729192404,0.1329064092328986,0.3350516511168225,1.6137777838222909,0.28040136769040186,0.35515732398661864,2.857377918321127,0.12713988756662914,,COMPLETE
144,0.3208118834054807,2026-04-12 23:32:00.993227,2026-04-12 23:32:03.931360,0 days 00:00:02.938133,0.12294817630136373,0.10625276496750558,0.2440772366636758,0.19288979497919578,1.1106054076213518,0.16253444693382388,0.2653657529303187,1.111856554016119,3.952424640724554,2.482356897094623,0.10737366555351038,0.7139288285878281,2.5621583285400304,0.45580999674006845,0.13595680017099887,3.4707517776475094,2.5485599764877884,2.58010018836076,1.408715472507804,0.8047657105169639,0.8814701688391375,0.6689201422332924,0.14679246177154703,0.34106913230255526,2.040279011143601,0.28607656303098733,0.36356695237565445,2.6621372789124584,0.153543192657201,,COMPLETE
145,0.31647853663848435,2026-04-12 23:32:03.932551,2026-04-12 23:32:07.224038,0 days 00:00:03.291487,0.11242918279400614,0.10120112842980139,0.2796162025127162,0.16737788712982704,1.264463521029613,0.17355466905624314,0.22438537298900713,1.2766972748308494,3.7179409692674166,2.723565288997098,0.1173800777022153,0.6028572589302017,2.0124346513963323,0.5253804791026775,0.12806744976702128,3.041157409994804,1.6523797457728995,2.3000632277623985,1.7553318592740839,0.9513317624706484,0.7035371466126835,0.5578636451321962,0.13164480013106236,0.2817237690861941,2.415786184298503,0.2232571538141068,0.4002423791559684,2.846636496763089,0.13036058576922402,,COMPLETE
146,0.3208479682993846,2026-04-12 23:32:07.226852,2026-04-12 23:32:09.994268,0 days 00:00:02.767416,0.13828846566663539,0.11825787154737845,4.864204633051221,0.1786184741501241,0.7987905309030908,0.15033136960556015,0.20842934043328923,0.9130745513131506,4.568128683520612,2.3412122689715082,0.16116091535857505,0.5557776497276865,2.2557844327814864,0.7658873348866031,0.11582802074978629,2.1984585762925497,1.7773465586796888,2.7674896057111624,1.4670203017612087,1.0146784007826701,0.6339918433746919,0.7230532334888623,0.10749412757036417,0.3488197509003236,1.9366564440968876,0.316186591538138,0.3481618012996763,2.5692624039512926,0.1109140211591005,,COMPLETE
147,0.32572817532423193,2026-04-12 23:32:09.994999,2026-04-12 23:32:12.928736,0 days 00:00:02.933737,0.15030207257809514,0.1470814205901042,0.3820531803625887,0.15595338530157432,1.438461900069333,0.21872983178933295,0.1967266557775117,0.8245364627324473,2.5166888797199403,3.4367508918948495,0.10049760045969831,0.9293495475781302,0.13706425929253377,0.5616228045851948,0.12561050786648278,2.585152219277712,2.869321999710728,2.0413940130058816,1.3484638325823235,0.7988482784434946,0.8383898898550952,0.6141325953548444,0.16525134597737892,0.3173332663332611,2.1696812110693937,0.2402764384976439,1.5117722854108877,3.2485248027904388,0.14422469471602553,,COMPLETE
148,0.3255971799686905,2026-04-12 23:32:12.929594,2026-04-12 23:32:15.620498,0 days 00:00:02.690904,0.15308300534422517,0.10869194442073589,0.34556572197172686,0.15736639077047113,1.5532488239507285,0.20878380264242247,0.19410145948830348,0.7928370989404653,1.9276554218409072,3.4433703689127553,0.10782624589403247,0.8995384350776506,0.20539598127775108,0.5596459601269521,0.12672008996254105,2.5481023470022532,2.356038798319358,1.692493878010538,1.2599428378415654,0.8691299535846538,0.8135013926319519,0.493185422514779,0.14319679240409955,0.3198114290268005,1.5758265488120435,0.23970765842078834,1.5376936026678574,3.0759873665446165,0.14434511952693885,,COMPLETE
149,0.3170364809071827,2026-04-12 23:32:15.621223,2026-04-12 23:32:18.262975,0 days 00:00:02.641752,0.15318283959797901,0.10756608444852059,0.3819392098171585,0.16324223500072133,1.5846646038786536,0.21902063178732173,2.05379269271792,1.0104054327644767,2.363100853406952,4.227359265380886,0.12016395701906868,0.9657794043079602,0.1490534781020562,1.1433775188941557,0.13016601508996536,2.648750393612403,2.7484474612773204,1.6672989241334557,2.2211860744774916,0.7961137083470885,0.8233047177320488,0.46245005403939793,0.1409935220371498,0.3073932650704018,1.545517104109219,0.24716533766383422,1.5052434361153577,3.113096816291661,0.163413733964878,,COMPLETE
150,0.3062757851264907,2026-04-12 23:32:18.263831,2026-04-12 23:32:20.936650,0 days 00:00:02.672819,0.1293984996699161,0.1124523823679906,0.34688547273785514,0.15305468893339416,1.4871419216490034,0.21215721864942078,0.191783307834561,1.4647612526002496,1.7636791597171275,3.490141834398381,0.10395341442761173,0.6720538273682554,0.10828184111461493,0.6380077904154902,0.10027030705837865,3.4099362869126493,2.4471237085287108,2.1063850861541957,1.2686172464070626,0.6825876666318968,0.9320690691958098,0.4917283984728156,0.17163770771530532,0.33036645017800514,1.6690613820937505,0.27809615112641867,1.576749602370964,3.2703810115168337,0.1870618551846991,,COMPLETE
151,0.32567618569302087,2026-04-12 23:32:20.937370,2026-04-12 23:32:24.016031,0 days 00:00:03.078661,0.1499674611726444,0.14361180232555815,0.3098810873832072,0.1883501004343234,1.4460770442453366,0.17658922983950046,0.15789975631110642,0.7975995833166394,2.8746245798583283,3.7015646276391165,0.1013380545663749,0.8380737586844623,0.14388441552195733,0.5916487297712272,0.12003135299209701,2.5570530164403396,2.2308335300696505,2.581370931601746,1.5860608419470021,0.9129308523578535,1.0199442756035269,0.5892756363031227,0.12647216649961973,0.2716878743966958,2.183034839193261,0.20522317096138706,1.264717858537041,2.959876525684215,0.14600020610316047,,COMPLETE
152,0.32573991809241215,2026-04-12 23:32:24.016848,2026-04-12 23:32:26.621165,0 days 00:00:02.604317,0.15036600908108438,0.1357815218479596,0.3154431427501382,0.15007950139963597,1.4267027728150392,0.19404024593099242,0.15795400409751367,0.8309525871377723,2.9125524805615006,3.473003126594577,0.101537204822906,1.029118225879563,0.13765901572380757,0.5820605216429264,0.1114741517987207,3.798403938795841,2.2294289538842134,2.403579166929528,1.605424061360932,0.8859533836430463,1.0244688937366397,0.5845149822742434,0.13154264540702415,0.3669723911251236,2.214386033312935,0.21012282366929919,1.4279999223262274,2.2239868587491793,0.1430304127914027,,COMPLETE
153,0.3181043439685288,2026-04-12 23:32:26.622037,2026-04-12 23:32:29.292544,0 days 00:00:02.670507,0.14826768111047037,0.13697549672413128,0.460792482098022,0.1538320428079431,1.8732341549354972,0.1978549412846376,0.14344021865223194,0.830069606073161,2.8937527925392588,4.795219412672704,0.10109499440029127,1.036231900960311,0.1369241904438524,0.4929139120200601,0.1465394312697409,3.1808341382319996,3.2143912226346494,2.3803031797794865,1.7973545812218752,0.8852039656830056,0.9677493406091954,0.5994279224949992,0.1559690882729633,0.2633961771349762,2.1922542575871646,0.20018268685102175,1.765875996816656,2.255892898557565,0.14985881573494028,,COMPLETE
154,0.3181367743662117,2026-04-12 23:32:29.293398,2026-04-12 23:32:31.981421,0 days 00:00:02.688023,0.13786153999058068,0.14461903562937137,0.32418995026459496,0.19044730949107735,1.4158321744711342,0.1993780452860277,0.11735654613827162,1.1998895949216641,3.0004732296976377,3.8048079590832375,0.1060548011259342,1.2882183423717288,0.1966832559701398,0.567056747652414,0.11368649837385747,4.189669816713228,2.282145597069165,0.12103359824409646,1.5104450232558668,0.757248681171276,1.021282219218335,0.4396005972166639,0.13516520905131219,0.3700380687802374,1.768175666737519,0.2120220880041697,1.3831971211586196,2.911399422617661,0.1441042861663124,,COMPLETE
155,0.31675441620543365,2026-04-12 23:32:31.986583,2026-04-12 23:32:34.808551,0 days 00:00:02.821968,0.11588360027046365,0.1162273916334079,0.3631510777379964,0.16734956396781994,1.5463883926674649,0.2344553238190833,0.12555498214533925,0.7947954760702689,1.9414037589004831,3.3651715370454296,0.11563147159087975,0.8015288235934362,0.13329923101742266,0.594993272549052,0.13811997463266282,3.647139354071924,2.862898897953702,1.7444111516445189,1.5831856396885444,0.687317143077628,0.8916206552818244,0.5748551061091016,0.10872118498120224,0.3242457273160288,2.190578410065129,0.16424885887240548,1.4592595306047522,2.0001231453870556,0.16977963103647767,,COMPLETE
156,0.3211750465483284,2026-04-12 23:32:34.809389,2026-04-12 23:32:37.822095,0 days 00:00:03.012706,0.17229019359473013,0.10049180175450062,0.3116819217101709,0.21982610503871738,1.2804178317252737,0.16094534236442534,0.1560823244172418,0.9003309694759521,2.2755208041969315,4.269219522014456,0.11146747323566072,0.9275355518593498,0.17728430865210784,0.5352079175245371,0.125200423950826,2.4708535412852233,2.543325102045748,1.9384969451418816,1.9760187670634017,0.9411569201174473,0.8146570317809178,0.5155754079198616,0.14649612906027257,0.2923988202479635,1.584859223509364,0.186342050783715,1.9321856717740273,2.4277626296090062,0.14202861271818198,,COMPLETE
157,0.31640345076617976,2026-04-12 23:32:37.827851,2026-04-12 23:32:41.026166,0 days 00:00:03.198315,0.13041764954551013,0.132793138030276,0.34296292277995777,0.14901614876406863,1.7453274756838302,0.1750898193247308,0.16195269771292506,0.9629033879968746,2.507460347142202,3.4910329063380305,0.13764036318383135,1.0876963408033553,0.11210084791877671,0.4518026201781872,0.11562263462853525,2.5020427198703583,2.1766668999826755,2.46547424801536,1.3288768893076663,0.8250868384859186,1.074228876844936,0.564743349919115,1.9832041746319395,0.3085282355071545,2.5872696655184675,0.23399049205039646,1.2728004341620092,2.606206774684932,0.2151141771100411,,COMPLETE
158,0.324576152810221,2026-04-12 23:32:41.027139,2026-04-12 23:32:43.936583,0 days 00:00:02.909444,0.1536062932171476,0.16753772505721257,0.28748803394957057,0.19669335268907817,1.3894071869147304,0.15065252996423556,0.1370632240690986,0.8349655244234386,3.461819741209906,3.1720845145294865,0.1268814502465213,0.8455545364918098,0.15602278754862034,0.7593471977549281,0.13202281846382724,2.927618274184758,1.986005227857811,2.1917041958280175,1.2062345024222982,0.9995717595110684,0.39275376335012463,0.8378297722783571,0.12920706818875555,0.27540730979063927,1.8970951601479382,0.2558086755060902,1.1642039919220981,3.5574067069896587,0.12409900573263699,,COMPLETE
159,0.3172621515031497,2026-04-12 23:32:43.937458,2026-04-12 23:32:46.816514,0 days 00:00:02.879056,0.1503939305434494,0.16673304749296516,0.2948318707318338,0.19745027683051786,1.4223337262903402,0.13210378681280874,0.1366599709767089,0.7300565480719611,3.345210964872702,3.702984998938703,0.10021144447811223,1.206734776630616,0.15887753279932398,1.0299666556934681,0.13115377046236004,2.9483556579606747,1.952390335590564,2.6650457385027315,1.1798349769393177,1.275282041867336,0.401786340567632,0.6828892410245591,0.10010057576933894,0.20832244543481454,1.900962216585978,0.24990927984537561,1.6231487486415324,3.482443198207964,0.12721205735557803,,COMPLETE
160,0.3181721927585636,2026-04-12 23:32:46.818650,2026-04-12 23:32:50.059562,0 days 00:00:03.240912,0.12011124820272066,0.11606098425847622,0.2685053809588102,0.174734102239457,1.5665752102990738,0.1529979730807474,0.10035755469581664,0.8361479448581779,3.7290140346495355,3.1936806232564807,0.13199997035463773,0.834442151389599,0.12991655868843108,1.3682903901424337,0.16914794336756325,3.8568906022043854,2.351295908234799,2.2615998064248375,1.399495821359084,1.0292166429653558,0.44159531312251726,0.8407398493042795,0.12739538124315472,0.27300671546487004,2.315783714469498,0.2891995953490253,1.1038879476647379,3.1663094267912113,0.15797263022581434,,COMPLETE
161,0.32740342990840016,2026-04-12 23:32:50.060314,2026-04-12 23:32:52.690834,0 days 00:00:02.630520,0.1369408932179466,0.19023741723978388,0.3994855798065048,0.16088317695746518,1.1939653583685905,0.16556175703359285,0.14269256145062786,0.9736412868507869,3.162500955326367,3.990185051481361,0.11329503370872954,0.7507942400791247,0.12546086103144907,0.739044751978057,0.12207324731075786,4.693170065020573,0.9322282228129242,2.0423311899239724,1.7129213202250717,0.8883907861608166,0.27477568441877825,0.644690605120534,0.7824948051648495,0.35901978803919227,2.1133623203958183,0.26494577411367126,1.20025614165801,2.9684909354240796,0.1157025214558073,,COMPLETE
162,0.3277968267257373,2026-04-12 23:32:52.691664,2026-04-12 23:32:55.308441,0 days 00:00:02.616777,0.1382755126478584,0.1486870006980618,0.37109536905152657,0.15968981562318435,1.2082553658365327,0.16477482841587182,0.14622738504139568,1.0512254739428069,3.136367460079226,4.963567406471186,0.11035824573914112,0.7348707237117512,0.11931337351325903,0.7579122067775925,0.1226447858710101,4.660201098515252,2.6279457624731286,2.074481169473092,1.749795095660823,0.8933238648869959,0.238367755827706,0.6190149879617296,0.5760674965702548,0.3564004327355373,1.8282162101063972,0.26833543643401425,1.1782112662426216,2.9983958615772255,0.11439059788360922,,COMPLETE
163,0.32749457405858945,2026-04-12 23:32:55.311517,2026-04-12 23:32:58.394178,0 days 00:00:03.082661,0.10896529482877179,0.1936565246718197,0.3838897246224315,0.14618825039298636,1.2194380973641847,0.19405208884375733,0.1618718884118436,1.002129574765865,3.062519474449202,4.068089894013392,0.11130004173078308,0.7579537878073772,0.12115943945966225,0.8654015722631934,0.14246589200511126,4.666929210952769,1.035296254135375,1.9265468192246258,1.7966871845329897,0.8969998627705884,0.24987767258291874,0.6417776424798419,0.6738698651269566,0.3922862019400964,1.7830121074171317,0.2627243002843815,1.184971240020897,2.944478149147539,0.11485218979581223,,COMPLETE
164,0.3319438803004372,2026-04-12 23:32:58.395117,2026-04-12 23:33:01.057881,0 days 00:00:02.662764,0.1060382532682865,0.18627370080524788,0.4005436233183611,0.1433388684298705,1.4032876591571732,0.19723172526195631,0.12903119513534997,1.0637313012728236,3.0267385571300958,4.937611396894237,0.1105517713404912,0.741094753385567,0.11980809312347389,0.7582879521376382,0.14009435178143181,4.933647907227073,0.9158822683160309,1.8648334067197063,1.7592213515318844,0.8871706862166555,0.23611213437249404,0.6322554039950683,0.7740179265917164,0.3338516224914781,1.8322732111653381,0.26180348222473443,1.1921613685073678,2.8726375062702236,0.11504756517256545,,COMPLETE
165,0.32203416044334787,2026-04-12 23:33:01.058824,2026-04-12 23:33:03.900585,0 days 00:00:02.841761,0.10805923734422716,0.20026189457255594,0.40433587577718133,0.12599547123468477,1.4341763873851239,0.17017096587781505,0.11238845855698666,1.0848893035868965,3.1814231599306506,4.956264106047935,0.1120875431785483,0.7903516913628135,0.12364508727498733,0.7477106207547425,0.14562125460272696,4.8765237243991395,0.9036637354686177,1.8958425921128212,2.1140252252077643,0.8732992380121388,0.2512149442972517,0.6274177661608499,0.8415448393357308,0.33433433526708656,1.8027324793026696,0.21572289628261204,1.2070924779572294,2.818057964180937,0.11060236880648287,,COMPLETE
166,0.31488990924315924,2026-04-12 23:33:03.901753,2026-04-12 23:33:06.793254,0 days 00:00:02.891501,0.12347744059606816,0.182394923502343,0.5506765664801474,0.15828293333926016,1.6378148789605553,3.7200880976773596,0.12870580950438756,1.515277761741548,2.923121377359109,4.527836242020312,0.12532259343080424,0.734708985897232,0.14719724684542895,0.8627982209073833,0.1523393824731412,4.6117735109260645,0.8223433395020282,2.076121393864309,1.8050138309860229,0.8985614810400732,0.2173897407657233,0.6763008319455608,0.6040171437008116,0.40020749046063747,1.4064418485010102,0.26245759313493305,1.3496043728233085,3.0034961779664844,0.140131376539159,,COMPLETE
167,0.33035362788454875,2026-04-12 23:33:06.794581,2026-04-12 23:33:09.739427,0 days 00:00:02.944846,0.10628044099487305,0.16507581667021318,0.44382895645933546,0.14483558358014126,1.1688108595553157,0.18995340530780527,0.14282336187373,1.0336820219440102,3.526650177259133,3.935430522430449,0.11294728081482996,0.8673827193447716,0.11520755896267622,0.763685354336497,0.13912432181106354,4.378266485253622,0.7137416881266763,1.7209208158849925,2.723319596734138,0.783361440878555,0.26528700099107033,0.8226168926715419,0.7610180783600474,0.34148930376182457,1.9067172600938798,0.23155785809459184,1.0841081158040617,2.1165569280460543,0.11459563911339857,,COMPLETE
168,0.3219791539471617,2026-04-12 23:33:09.740428,2026-04-12 23:33:12.728516,0 days 00:00:02.988088,0.10155514796768095,0.20464880975004363,0.3827905449507702,0.14399762218240314,1.196836759375702,0.21008081588438665,0.1223949540170919,1.0367282485849172,4.090048036589819,3.9823115298667817,0.11147299250127286,0.9505279344549303,0.10287113626418677,0.6288619816198247,0.14096169338453982,4.300484083626813,0.7542880089508168,1.7443883108226235,2.7373416806262316,0.8090954187874863,0.29361340707324807,0.6143414119302981,0.7464539390026385,0.3399631979027122,1.724056410214359,0.18813991889004886,1.0633590303465401,2.2216120454656165,0.11500470708265786,,COMPLETE
169,0.3272492409714122,2026-04-12 23:33:12.730858,2026-04-12 23:33:15.706056,0 days 00:00:02.975198,0.11222929490735799,0.22559398602765188,0.4445003721796437,0.11897436220526796,1.175332495793586,0.19192575963609323,0.14835887499203157,1.2623248726121807,2.670324927157614,4.465508297580886,0.10590531979762273,0.745594168060184,0.11825594918629963,0.7144065796974384,0.12155839343457092,3.972822286842905,1.0669424175955988,1.5706661905177106,2.310083789866807,0.7556420633389259,0.21501036568490622,0.5077144315299537,1.0427069559410829,0.3937735695490559,1.5567398926664415,0.23591060026645386,1.0029453018488643,2.487196182158745,0.10911452504136743,,COMPLETE
170,0.3214813426254106,2026-04-12 23:33:15.706929,2026-04-12 23:33:18.317747,0 days 00:00:02.610818,0.11093545093848613,0.19484708488276856,0.4459406262541668,0.1210279542683847,1.209540332508397,0.24651244209864562,0.14868260896321164,1.1745962936494687,2.7299443126063117,4.636597690120895,0.10244773714221056,0.7504400081609185,0.11862213557958425,0.6705832126708234,0.11035121723947526,4.585960878494774,0.9075730837566764,1.5807236299516207,3.013055766844136,0.7331835747852536,0.19337952848973206,0.5073035413055978,0.7738981807688763,0.39272533359477885,1.2630746277158929,0.2407120881477622,1.031331336354177,2.5282635059753167,0.14756346065300638,,COMPLETE
171,0.32673561340441687,2026-04-12 23:33:18.318474,2026-04-12 23:33:21.723932,0 days 00:00:03.405458,0.13633499436016117,0.2355333400440302,0.433641584248389,0.13066243738296454,1.181917857016995,0.18456201833801564,0.15823439323952745,1.2242634553195546,3.082918827101004,4.165860361791235,0.11499799809940969,0.8341004484433507,0.11767307517028017,0.5931949613354881,0.12379706948911062,3.9256408920053545,0.6919257938844291,1.902161751725927,2.6332181887544874,0.7762567974468694,0.24355419266921796,0.5832894214358276,1.2635755371150403,0.35436623872372,1.5226219264196352,0.22646618459361295,0.9772966745147218,2.83514437291746,0.10638221399908383,,COMPLETE
172,0.3204137881602303,2026-04-12 23:33:21.724852,2026-04-12 23:33:24.563171,0 days 00:00:02.838319,0.10108101757233899,0.23055206403508569,0.4882346579202369,0.13165562303566952,1.3268703346551745,0.18820126009554147,0.1404925792285356,1.257180156156205,2.5677223848134627,4.060129357688539,0.1141534258273229,0.865662276105232,0.12093352849648574,0.5111397449918967,0.1212308850410317,3.8316500396668376,0.7192420617681495,1.7842772609121138,2.469529437118078,0.777209862809458,0.2426301926839356,0.5948971341649353,0.9375094424545035,0.3961412315649794,1.5625420186003747,0.21354226399086584,0.9753185626481863,2.6977502571240404,0.10139910189156325,,COMPLETE
173,0.33256344778313085,2026-04-12 23:33:24.564095,2026-04-12 23:33:27.220445,0 days 00:00:02.656350,0.13370844221223616,0.2346383734939795,0.4226653724313467,0.11772479040721075,1.1717696994726683,0.223099932422129,0.1593908583689547,1.3217877965000173,3.038641119877975,4.379775320442358,0.10063319565703623,0.6861494555253654,0.11207823197038398,0.810763139389762,0.16112735267186287,4.947270960908118,0.9799967827053673,1.5145489316229739,2.9721945794832916,0.8610284411452369,0.2913224403892793,0.4808826992613456,1.0962747358949605,0.36505277688978816,1.443189307357902,0.2319440314483376,1.2407226996245502,2.1651861479132433,0.11881641320006663,,COMPLETE
174,0.32670914685408137,2026-04-12 23:33:27.221578,2026-04-12 23:33:30.774198,0 days 00:00:03.552620,0.11431765462166162,0.23532091597440782,0.4214296793898218,0.1259634602922131,1.1864541393872197,0.22768770967877988,0.158518166298066,1.3745382187446844,3.271602143768216,4.305118541745164,0.10040610836452267,1.0290275724557978,0.10185515456319294,0.7416038100216151,0.16159004902684318,4.015663319462954,0.6564347190723807,1.589874850992522,3.1874826293496743,0.8471687794716624,0.3040262757698921,0.47020521405894367,1.033025908157918,0.35962742293736655,1.3450751670915864,0.23336480947198282,1.2405196596235561,1.8827283691050194,0.1153526222235365,,COMPLETE
175,0.32914062628143437,2026-04-12 23:33:30.779356,2026-04-12 23:33:33.630723,0 days 00:00:02.851367,0.13333076423582885,0.2681009170762538,0.42814855679181696,0.11271632727512262,1.1661512052772516,0.22691188462129117,0.1609896179965845,1.4004744475721091,3.177847248083622,4.262522451456112,0.10367567538333557,1.0037653887508968,0.11222635682675601,0.7957681394112571,0.1654311885211336,4.535847794092292,0.6544495474605293,1.5650130216226776,3.3433194508115625,0.7098562157433194,0.2891404351037262,0.4744656182894271,1.2881887118311592,0.4591972041776802,1.1867631557738447,0.1721938408292928,1.3973839731227624,2.0721859987452453,0.10783490154212247,,COMPLETE
176,0.3278330332065496,2026-04-12 23:33:33.631621,2026-04-12 23:33:36.633815,0 days 00:00:03.002194,0.11105929686025538,0.24415395198209425,0.4243881525640414,0.11676166885989406,1.1647129688746118,0.22692133021006575,0.1619108824022341,1.7515652570266358,3.0046956994554392,4.353407668867748,0.10055139566053416,0.9680616591761908,0.1006494551548277,0.8674059533543091,0.18321209173032874,4.965649647489248,0.638858143428375,1.33176751504938,3.382424488391864,0.6920202639896609,0.2870870697711637,0.47674469834186056,1.0573476819436958,0.47457328135502236,1.4403707518380728,0.1764477968716971,1.4280916350671662,2.4126152241748953,0.10748885676150624,,COMPLETE
177,0.3243538574734375,2026-04-12 23:33:36.634556,2026-04-12 23:33:39.286326,0 days 00:00:02.651770,0.11183380162547793,0.2560591330231546,0.6038381526871909,0.10642406740156082,1.1638880977256454,0.21443194638756133,0.16025190529019473,1.7460604058005798,3.1901248253471777,4.340217640215575,0.10395112635245439,1.034017522972697,0.10083276102862003,0.8838071991949321,0.1639250499494386,4.933118256266053,0.5964863687579033,1.4837053320471094,3.4377162942758437,0.7115004612817958,0.28938880391366306,0.4829508946108964,1.1043023146448878,0.4719371782099549,1.4408208686423405,0.17446096359249733,1.3984052965718887,2.0872326106611805,0.10753424425490746,,COMPLETE
178,0.32467389279554254,2026-04-12 23:33:39.289796,2026-04-12 23:33:41.958976,0 days 00:00:02.669180,0.13128866411422965,0.23654818390721208,0.41894236903065446,0.11445429534241325,1.2811988901860376,0.23568471135278846,0.17379357622120287,1.3112637511733727,3.1841173535556355,3.8032944696228403,0.10052314941038046,1.4611525204746767,0.11281989887716984,0.7803698853359834,0.1794596156940474,4.11288129979315,0.6292674893603895,1.3727386348308144,3.0090841009584746,0.6674853128391448,0.2834687417350004,0.44925164224404396,1.4159295933027147,0.43099825355552607,1.2016402676867062,0.14627375576674903,1.4923952852929618,1.9192944166783998,0.11615768104098527,,COMPLETE
179,0.32352840653067794,2026-04-12 23:33:41.959877,2026-04-12 23:33:45.382736,0 days 00:00:03.422859,0.10749338860577883,0.31728315409159186,0.5049099993102284,0.1198924202465904,1.5196945056311246,0.26160742368329665,0.130644122568402,1.8959476680647318,2.787485289929152,4.991481060314931,0.11944830852876173,0.9683443039103824,0.1258056426124181,0.8371846571061996,0.18600623084240372,4.446774328878473,0.9893885561231339,1.5698256724576105,3.1925441234907246,0.7389536459567678,0.22605629511720973,0.5277509419689382,1.2568017236329376,0.4891762315195792,1.3528484110841952,0.19848509526850433,1.3154560708914067,1.7977467370886504,0.10139353174745906,,COMPLETE
180,0.3270363874071539,2026-04-12 23:33:45.390650,2026-04-12 23:33:48.612344,0 days 00:00:03.221694,0.1192688813911314,0.2259588368389082,0.43763958269119696,0.11640487078157283,1.201302778088309,0.22369567074552463,0.15854545338385337,1.5373478167688566,1.4342792529251691,4.471978923808507,0.11057410365830107,0.8735641888849782,0.14183877725739674,0.7293792217847966,0.161661737118492,4.022688181943263,0.6827853078105907,1.6244670759220547,3.7563702004035697,0.8855032977604784,0.2720029639742284,0.46790427001026175,1.0480718558719897,0.45638350580869275,1.5182491855734508,0.16411055017247028,1.6488633850778978,2.1746516701914547,0.10823699878963762,,COMPLETE
181,0.32377026309823415,2026-04-12 23:33:48.613145,2026-04-12 23:33:51.401054,0 days 00:00:02.787909,0.11939193158432186,0.27158780866202736,0.43168220657605144,0.11410948364726003,1.1665327187076084,0.21947637183297034,0.1590303384774432,1.5636211380982472,3.4177146069193274,4.469611508891739,0.10961151487881718,1.1603126447474885,0.14079950259186155,0.7207909927244092,0.1665344727744586,4.559295747032832,0.5533076483308347,1.2688256465365502,3.5354977269985484,0.8670797361166461,0.2732954245911644,0.4707849929849878,1.0532012375457933,0.4216040167306031,1.137820391228245,0.15841320959150434,1.6288599591474104,2.146070034995947,0.10836555532501899,,COMPLETE
182,0.3258919806634174,2026-04-12 23:33:51.401823,2026-04-12 23:33:54.053373,0 days 00:00:02.651550,0.12962672185302063,0.22447549328103583,0.39726181059159243,0.1287951914817043,1.2904793412864244,0.23122433539498233,0.17335676558360125,1.3528792588411864,1.2265677050373998,4.08886319052673,0.11886401830173274,1.0095144065373776,0.11387726126417308,0.8132251834387197,0.15552011009476882,3.9558572677695194,0.7833113545594155,1.6754018548303011,2.757946987691058,0.7850924920146447,0.3081273360328765,0.5068369636621118,0.9909239033539647,0.3821331215005027,1.368341639689698,0.17387251838685952,1.2352077382668505,2.4677090580872774,0.11609666521236252,,COMPLETE
183,0.32271384370198025,2026-04-12 23:33:54.054246,2026-04-12 23:33:57.226071,0 days 00:00:03.171825,0.10114736264635404,0.21645201133306702,0.39494523203949616,0.12944104833898576,1.2865272646105765,0.2379798502303406,0.18346395417404035,1.6636486677311466,1.4660844606082966,3.995838262716511,0.11956766613466252,0.9188718098705466,0.11392333548904839,0.8097569516693703,0.15639316991136118,3.9600551136605517,0.7694762097961999,1.6972255534766458,4.385393483433385,0.7639499679168479,0.3312342888576148,0.4976675941108558,1.5680372341447988,0.4457196104353527,1.3303113294317033,0.13938737669844586,1.7115110203419441,2.3104402855762873,0.1152926207819246,,COMPLETE
184,0.32684101958046907,2026-04-12 23:33:57.227122,2026-04-12 23:34:00.797330,0 days 00:00:03.570208,0.12733043458947443,0.24408410554035434,0.4703981111598001,0.10605683024852514,1.3697119071196648,0.19804915738276163,0.17025930035103395,1.3918785147950248,1.3640707337073041,4.201328675752729,0.10850216620491009,1.0371056735214073,0.1063598733162161,0.9217166619793639,0.195689335334928,4.977831214842968,0.6533696750540517,1.4907165118673085,2.6948464554160783,0.8448981826618746,0.30781034750541747,0.5382887171831611,1.0369107533617588,0.3879610463830862,1.464235873670893,0.16936525295069738,1.4623216135461443,1.9163883248278115,0.10056476113977894,,COMPLETE
185,0.3301412922024417,2026-04-12 23:34:00.798147,2026-04-12 23:34:03.595129,0 days 00:00:02.796982,0.1266200644727559,0.2437066887218037,0.46907307357848005,0.1070567406755063,1.3507074940973949,0.19049108706880336,0.17139602764224499,1.4355028332406976,1.200485267582578,4.228340294830821,0.1298671683900079,1.0293177594541967,0.10630461005837849,1.0435229251548468,0.2044184227401459,4.976511568856113,0.7043588154135343,1.3797762251466699,2.6466259696454975,0.8012070803902132,0.3105305278486238,0.551707793301551,1.0368982005010805,0.38720592574534546,1.4726990492973795,0.18157664052903028,1.2311896326899456,1.8072244358258702,0.10789391633122027,,COMPLETE
186,0.33443208996190793,2026-04-12 23:34:03.600324,2026-04-12 23:34:06.672346,0 days 00:00:03.072022,0.12532203517557222,0.2325689819388024,0.47386929843015224,0.1048470548811175,1.2079246778381132,0.19491386809275146,0.17362492146004083,1.4057277623337305,0.9817394955643965,4.214511260202388,0.12468455223737208,1.0597480605631353,0.10718087174344261,0.9363184782473407,0.21504554280712573,4.810089455589568,0.6780354789239216,1.5639056858728237,2.6477058929638364,0.6987438157523309,0.3134790385743953,0.5556911854771986,0.9998616742835941,0.3781530306426663,1.5029922739232835,0.17407791915090054,1.2443322279507774,1.9159047439075292,0.1039599090734928,,COMPLETE
187,0.307161947092388,2026-04-12 23:34:06.673105,2026-04-12 23:34:09.696380,0 days 00:00:03.023275,0.12540644475303095,0.2462648645982298,0.5399844406644193,0.10034940847129735,1.2051909249464947,0.2270076814431221,0.173312035423149,1.5012136349433978,1.3158059209888726,4.475231230500623,0.13128047932582143,1.0089442122306702,0.10604939622648497,1.077877245452969,0.19934964081058343,4.251943453489872,0.6888169840904308,1.3314975132456022,2.729935939014192,0.678620069872618,0.31688914224543346,0.5377049182651862,1.0154681889713573,0.3872374837366526,1.2064521241917328,0.12911858081078897,1.4236961494593419,1.9358985622950118,0.10038160609097177,,COMPLETE
188,0.33144666601916317,2026-04-12 23:34:09.697325,2026-04-12 23:34:12.340342,0 days 00:00:02.643017,0.11365946532985807,0.2318573627892657,0.4598022150907394,0.10792831543585714,1.1612345925342293,0.1945069337579,0.1464387907108227,1.4310684080835012,1.206727818640226,4.162222850287447,0.1197021537796794,1.0605877584875327,0.11690398421008093,0.9112719916722734,0.22944715641873492,4.99670020873066,0.646910159729472,1.5124059234798604,4.095060821851781,0.7156809006362049,0.18639054251354406,0.4562218179952812,1.1819991052391028,0.4630427848925617,1.3994546296447528,0.1732843235555669,1.1785222668345676,1.7517442185927308,0.11197461765079113,,COMPLETE
189,0.3291559596831627,2026-04-12 23:34:12.342831,2026-04-12 23:34:15.271858,0 days 00:00:02.929027,0.11300609323511501,0.302338701282413,0.4750968541348279,0.10728100720562704,1.1390689766881001,0.1963376731793881,0.1440067298434214,2.0986545947074964,1.1271269635916696,4.03623394711185,0.12331063148888466,1.0894012850464325,0.10095292095921585,0.9344544156587267,0.2284861688307161,4.959266913548797,0.6387422898384836,1.4867650606858598,4.288654979501037,0.6783540062946745,0.17520088479601814,0.4491325682830482,1.151480984945437,0.4795120642545678,1.4692298086259397,0.1723885021868771,1.1970650599423251,1.7607224752022521,0.10792557965184316,,COMPLETE
190,0.3281111793110162,2026-04-12 23:34:15.273050,2026-04-12 23:34:18.006495,0 days 00:00:02.733445,0.11333409978819646,0.2382192371059426,0.46165179610611073,0.11386623172338213,1.1374197388979204,0.19266673376502844,0.110756811968956,1.3350975146596349,1.0797651007759985,4.732018630819109,0.1264201837278876,1.1470909670765623,0.10039391071496052,0.9373646939113772,0.21934156820956777,4.774333291065058,0.6467908361208022,1.475471501481888,4.198222581150534,0.706246451264682,0.1877225562820836,0.45437670814657677,1.1885167063352415,0.45881331362146904,1.5002999126908105,0.17606345354827602,1.171742101221867,1.6954784042738893,0.10763971616875583,,COMPLETE
191,0.32335383400305756,2026-04-12 23:34:18.007239,2026-04-12 23:34:20.648012,0 days 00:00:02.640773,0.11342009133472918,0.2956627466320293,0.454836483230313,0.10911605704088598,1.1415165255393196,0.1974667716993122,0.1132786177947332,1.450410877756773,1.0906666154505282,4.1673252170216735,0.12277056107452107,1.1472845280742818,0.11682255695112163,0.94345704835244,0.2302996100582806,4.936738069637332,0.6491258178058344,1.4862679337117901,4.504677706197864,0.7198583420989824,0.16207107093121212,0.4487808238234457,1.197650676864725,0.47602016460137964,1.4695036101118228,0.1691231066662636,1.129844582179007,1.7050947942148045,0.10766754394989235,,COMPLETE
192,0.3217010817254963,2026-04-12 23:34:20.648766,2026-04-12 23:34:23.441067,0 days 00:00:02.792301,0.10938469160422225,0.237202909028732,0.493539426201685,0.10779036542876286,1.1995300088891245,0.1866456548236264,0.1376436611434031,1.3416970365481262,0.9155439392476045,4.690293122720508,0.13131883469412142,1.3481300955104336,0.10095423459207879,1.008951154806657,0.20642513668954007,4.631260317088199,0.5388184430256584,1.5489522286278994,3.8473973951728637,0.6383746752465983,0.19055523348068137,0.4213213955135142,0.8833074243558183,0.4393984869285994,1.5104970008434413,0.1526651701425154,1.2025226961828668,1.8484505532681097,0.10734585244075717,,COMPLETE
193,0.3250858296411571,2026-04-12 23:34:23.441793,2026-04-12 23:34:26.104828,0 days 00:00:02.663035,0.11660653035824864,0.2718247263513328,0.467572962906103,0.11847096280107082,1.1199304198356872,0.2005909146491547,0.10968474090830138,1.3932708840405905,1.1756379747531107,4.209497115139864,0.11588615975620589,1.2123858584787435,0.10887802844748212,0.9034557902226432,0.21240794966767532,4.32139348142644,0.6886215355891058,1.4024279320763806,3.924707260396087,0.5853426265964349,0.16259594041453784,0.38773853792720714,1.1448467204277926,0.5115420916829111,1.312415765049606,0.17782085311186252,1.293171536979223,2.044684154758697,0.1009445717159496,,COMPLETE
194,0.3207478783891891,2026-04-12 23:34:26.114173,2026-04-12 23:34:28.879926,0 days 00:00:02.765753,0.12616140635727585,0.22484259692989886,0.420535969809652,0.10753370136091639,1.2458490655151297,0.23353089134725213,0.12514895320621025,2.035848458371464,1.3306357165783704,4.998710735854558,0.1417056822802102,1.1162570227542894,0.12155372338030873,1.1985985221063495,0.18923923105419072,4.942913918763773,0.7689176860647241,1.231558462317991,2.445805337307069,0.6977212824511086,0.24154030871370796,0.46638051430038946,0.9720025466662272,0.45954586999574176,1.0367945823153204,0.1819500199315411,0.970369564237031,1.7484577329622326,0.11623864645711045,,COMPLETE
195,0.30463557728972424,2026-04-12 23:34:28.880953,2026-04-12 23:34:32.120226,0 days 00:00:03.239273,0.10829618922877995,0.24788137268314725,0.7101078772071914,0.11750788600022234,1.2839259651617052,0.2450331995554754,0.14454948971353807,2.357190741773991,1.0065608709924632,3.965660593474242,0.1224796442615995,1.0875825821415541,0.10024552653327547,1.079043338635081,0.2285946301366359,4.065772399018468,0.6425108468465572,1.6028194329576664,2.257016064720188,0.7779360487300486,0.31023403483182904,0.5321913224537995,1.3560141369578098,0.4125250272742149,1.440811592805345,0.10210119861365799,1.1864936511519812,1.9330469640603565,0.10938306407395175,,COMPLETE
196,0.3141073575189731,2026-04-12 23:34:32.120976,2026-04-12 23:34:34.677405,0 days 00:00:02.556429,0.10053037158260868,0.3373155328074256,0.5202887670660438,0.10087208931979587,1.1271960601475686,0.26767202179271654,0.13203958409495356,1.5672515859463043,1.1016526775909805,4.539942796636953,0.11226991563152862,1.4837410761394343,0.10978596461087776,0.8999210534541057,0.17520664180868453,4.551248904782732,0.8613991296542564,1.3364892068244605,2.8779923434778394,0.6377040607704868,0.3562402728788497,0.47224558259315375,1.0764490285730244,0.40568526989497705,1.696206369996411,0.1610066052102204,1.1259298912225095,1.6328177089054485,0.10021837637166206,,COMPLETE
197,0.32887429119296174,2026-04-12 23:34:34.678315,2026-04-12 23:34:37.498250,0 days 00:00:02.819935,0.13391076557215795,0.22011451732664197,0.44724185134593974,0.12121278135208993,1.075531069033322,0.18622267798221762,0.14525636317436147,1.2343515487499732,1.2145717521371968,4.320238478391104,0.12979674396034646,1.2525533101859503,0.12622876020232102,0.9979892433677195,0.21237966953221746,3.585239861465064,0.517107057283089,1.0984415305267372,3.262742832583993,0.7092457975639049,0.26558609411305384,0.5127684332150588,1.2219030137556721,0.4971043166301498,1.2925956020836884,0.17177056139229235,1.2682624519709302,2.4385213929641845,0.11548779976112138,,COMPLETE
198,0.32075706829946143,2026-04-12 23:34:37.498987,2026-04-12 23:34:40.749673,0 days 00:00:03.250686,0.1186782483139065,0.2638589589971321,0.44516135680463004,0.1162783337731695,1.0664081570310426,0.1883069647543116,0.1203469608888611,1.640028062980121,1.5883737730861218,4.633176475627122,0.13212876585417396,1.2592969721657035,0.1289612823758458,1.2453514802426155,0.20854185988784116,4.975270641289617,0.48069912984922025,1.1644704137487794,3.216085849938951,0.7261476545151742,0.21718311924778064,0.42783105765318274,1.5107533896805148,0.4906897161183812,1.1633035652198844,0.14027775273672666,1.3252529159891395,2.1613043506322285,0.11546867477300934,,COMPLETE
199,0.3270591025364449,2026-04-12 23:34:40.750626,2026-04-12 23:34:43.406490,0 days 00:00:02.655864,0.13330165606459152,0.21386098191835728,0.5793657583904797,0.10856267114201965,1.1677975622430736,0.20655168901289894,0.14411744075416166,1.2422541214601213,0.8696341754860349,4.3335686085647716,0.14665466801712385,1.102013204281578,0.12283628717639841,0.9937242314056999,0.226055879092576,3.637128483282035,0.519680842122185,1.423652982491831,4.025330795667257,0.5674410495626108,0.27066419877312814,0.5557114713450785,1.235361288534339,0.45204356347975994,1.481416278575437,0.18287758259762743,1.018762265833815,2.38819816962455,0.10980908340803575,,COMPLETE
200,0.3129119004764747,2026-04-12 23:34:43.407242,2026-04-12 23:34:46.176064,0 days 00:00:02.768822,0.1380915150736217,0.2124363244412192,0.5975554276487565,0.10974038041356157,0.9983477607254437,0.20404853417219723,0.14376444073744626,1.236824773541471,1.1576382449616969,3.795660552240844,0.14676996148715957,1.2660520172020846,0.12463815929674794,0.9854188354637763,0.22956808201904988,3.569128241686274,0.5114808758209726,1.053528423696384,4.158331080871585,0.5915508486251954,0.2666410903522775,0.5506022453212678,1.2509532242598163,0.5012776169786732,1.506048768768708,0.11765945663344332,1.0275985112968489,2.062838958518743,0.10693245761108357,,COMPLETE
201,0.328513939355786,2026-04-12 23:34:46.176958,2026-04-12 23:34:49.685120,0 days 00:00:03.508162,0.12318562699934138,0.23983055515373145,0.485403942638,0.12089220502489302,1.2186707238212786,0.17985759114065153,0.15131696469522557,1.232835372971666,0.7597324678312999,4.281918655927331,0.11114151653029156,1.0846832425068036,0.11665403667682299,1.0461947028977385,0.20088500062691966,4.328214117560392,0.597516822449299,1.4556089605200289,4.711811293482831,0.5215802235694497,0.23057739035806257,0.5191966644636103,1.1583869238161033,0.45136581560630024,1.257327381441372,0.15204760564698291,1.103520555942446,1.825864622533328,0.11857304161457358,,COMPLETE
202,0.3213848337963802,2026-04-12 23:34:49.685822,2026-04-12 23:34:52.644492,0 days 00:00:02.958670,0.1310368539272383,0.25147816861067507,0.6603692158642489,0.11850940907395444,1.1196863141218043,0.18178862365135423,0.14774313286102803,1.9044467260012978,0.8474197353684043,4.711972676473831,0.1302488998585495,1.1616870841842022,0.11785970546510906,1.0699811395232801,0.19821804355571015,4.52662130446513,0.6149217768716592,1.4258107933245303,4.893502003642544,0.5671666154466077,0.232839832911186,0.5297033161663298,0.6809310366157344,0.4544722198514529,1.6128828424171304,0.14896720650884587,0.9493859418474548,2.404041861432378,0.10016225723625351,,COMPLETE
203,0.3215271159054387,2026-04-12 23:34:52.645249,2026-04-12 23:34:55.304088,0 days 00:00:02.658839,0.12473212600045373,0.20464861879096866,0.48596056480677563,0.10010608168644718,1.3184913565342644,0.17858794242843004,0.13586930037492148,1.2065233748069015,0.9151853882764043,4.320862555493277,0.11177459841144623,1.0759538549269207,0.1087071900089911,0.9805251497385878,0.25002253528683155,4.274565890624408,0.5586481357987103,1.4643298006642214,3.7937051674209408,0.5101368691716399,0.20559123821923866,0.557086081153632,1.1990746748776957,0.4330811536355065,1.251490393476116,0.12831186315569967,1.0838986210596846,1.732975920352481,0.12082399024798504,,COMPLETE
204,0.3186466060648179,2026-04-12 23:34:55.311433,2026-04-12 23:34:58.519324,0 days 00:00:03.207891,0.13568975821956425,0.2808510770302834,0.5683675007743368,0.11031364857013211,0.24530022545929883,0.20716193204811573,0.15041806125328305,1.087234530024269,0.780609788945111,4.9982769397633255,0.12269233641137137,0.8276839624062007,0.12974812553395335,0.8789412871421617,0.22689788448361395,4.611958675283052,0.569363005980502,1.3497834662167176,2.505936676840844,0.6735847437778386,0.2579149475845309,0.5199660004274004,0.8001382543225152,0.5346832357102113,1.4911768335848838,0.1911698152232193,0.8569430977738276,2.3710012983830304,0.10917502397725402,,COMPLETE
205,0.32295113135574144,2026-04-12 23:34:58.520275,2026-04-12 23:35:01.452036,0 days 00:00:02.931761,0.11903856411761332,0.21788301951119687,0.5204490035914651,0.12563932713738699,1.2212522704271118,0.19694227671957332,0.12784266217712795,1.2743228101499886,1.0032238897550365,3.935319591676254,0.10987949570674364,1.3560097032910257,0.11650806728368975,1.1294855425194992,0.18539046648230245,4.781329499959444,0.715012018391638,1.794294076053691,4.8970775887146285,0.5566662245127069,0.1840564922506332,0.40757068750667563,1.2887917641038749,0.4642933462896337,1.7491984892930865,0.15649373626677873,1.1452046160904852,2.122436480211978,0.10880785184496243,,COMPLETE
206,0.32821079415325627,2026-04-12 23:35:01.452938,2026-04-12 23:35:04.264125,0 days 00:00:02.811187,0.10982399332098537,0.23974249181272309,0.46094898885420527,0.10726213412951031,1.0713733716232938,0.1781694573759747,0.16991826550830197,1.4279786750464865,1.2764270996643374,4.318175490591276,0.143465348986346,0.9610765038728485,0.12360877350889066,0.9155304071089327,0.215215851797189,4.266828795916508,1.0341767371679222,1.1630941380095448,3.3639251412911353,0.675110859041394,0.2669583585863051,0.4515013304588337,1.1237106343344039,0.578426994160782,1.4293970939295917,0.17881627971576752,1.0253463018146494,1.545164869032037,0.11922269384976203,,COMPLETE
207,0.3262465869139521,2026-04-12 23:35:04.277630,2026-04-12 23:35:07.434583,0 days 00:00:03.156953,0.10690669390490751,0.29367152313006817,0.4747783403149098,0.10844677773455513,0.986801516749457,0.21197992704211535,0.16839468742355557,1.4362306223377133,1.2444668220103676,4.537542117970265,0.1419530263999214,0.9644982180007712,0.10830513359336562,0.9316351858948245,0.21463122568562004,4.979602865926325,1.0300206061976656,1.508753220612919,3.423338082685267,0.6376512955082523,0.2669668662852819,0.4437055142632784,0.8843275007449776,0.5723522163446175,1.239004904670314,0.16902792952211856,1.37573362136779,1.5639227156568412,0.11840138947835817,,COMPLETE
208,0.3303468445901797,2026-04-12 23:35:07.435280,2026-04-12 23:35:10.220156,0 days 00:00:02.784876,0.11059173788343458,0.19971416403913014,0.5456792747862507,0.1055089780851927,1.06451851576509,0.17061567721582052,0.1759960094663643,1.8085540195778236,1.390843965755584,3.7269735545666864,0.1352325334643904,1.1949928488737807,0.1272744025970253,1.0001319876216352,0.24247822656148296,4.28917449557135,0.4182399350378948,1.1579127781284895,4.17482125796922,0.6787685511482537,0.13980467636155602,0.38401072218093835,1.1203510963685914,0.49804429675280926,1.644200066613114,0.18850536096750434,1.0834231216772239,1.813516617981475,0.12111988425661839,,COMPLETE
209,0.32362676879137364,2026-04-12 23:35:10.221035,2026-04-12 23:35:13.614549,0 days 00:00:03.393514,0.10806207540083153,0.1960363627368472,0.5804700085831345,0.11489996261058182,1.0714359948621026,0.17237703545544875,0.1086763693285147,1.8086003904295933,1.4325123156741204,3.704836931106073,0.14644418496545458,1.1122016706368039,0.12549826748824552,1.3015413646396037,0.23996434002957612,4.301532728791692,0.4033841960265927,1.1167190606690125,4.444684987396706,0.4925691074412185,0.1409031451550026,0.4009673279486171,1.1267729485941658,0.4846434498845283,1.6676305667182187,0.18521428702919104,1.053417654147428,1.4592053707993449,0.12380848830290755,,COMPLETE
210,0.32997530594684504,2026-04-12 23:35:13.615510,2026-04-12 23:35:16.745739,0 days 00:00:03.130229,0.11487294616357621,0.20869603299034747,0.5224869832187682,0.12006106747432538,1.0463476243920138,0.17207706848307544,0.13724068438220788,1.6523712476577272,0.9261512457397972,4.630435843979947,0.13425701349165967,1.624127636298396,0.13438952124126316,1.0170929652502843,0.21698360156728977,3.6260940440111553,0.936477306199522,0.8757429488281876,4.119247491799255,0.6625502665825378,0.2116048574912691,0.3724761985116392,1.4561574349434172,0.5153892127320691,1.2892491100651449,0.19216640404295643,1.1805904157830953,1.6902303276972435,0.12211148836209822,,COMPLETE
211,0.32995230470334824,2026-04-12 23:35:16.746603,2026-04-12 23:35:19.471306,0 days 00:00:02.724703,0.10034457179171319,0.206985498676585,0.5218531113498673,0.1220935241650845,1.074141378382399,0.18426794656172085,0.13964881030862497,2.1627509290887095,0.7451637283008222,4.671560160402973,0.13328779863363868,1.2250880338520684,0.15693145053756352,1.0069766705488623,0.2161792136412873,3.613330975598865,0.9626442686902588,0.8368450049888891,4.0119869065635445,0.6687472853830841,0.20805689119133441,0.36630166769150785,1.5868836294763526,0.5373414890948388,1.1155307672814032,0.19255627305159426,1.186731236415603,1.7564198776044004,0.11693089052031387,,COMPLETE
212,0.3328340033435583,2026-04-12 23:35:19.472051,2026-04-12 23:35:22.724102,0 days 00:00:03.252051,0.10026572798313281,0.19865708903005386,0.5350560083115787,0.12111922202827016,1.0382905301812857,0.17314552554737037,0.13854604057981762,2.301681665821313,0.7075434298404277,4.98531958637908,0.1353372847293964,1.4703032738874238,0.15801021288072387,1.0540341587437494,0.21772153292897162,3.650984978502017,0.9302828809734088,0.9145412626468062,4.137026284147044,0.6606723302861491,0.17689602974727422,0.360572320667408,1.4193551100608197,0.5877746500524992,1.083022388682246,0.1870527413286138,1.1829513912412646,1.6186569634111008,0.119967042237927,,COMPLETE
213,0.32681498325744174,2026-04-12 23:35:22.726082,2026-04-12 23:35:25.404022,0 days 00:00:02.677940,0.1013207512462332,0.18960642561257984,0.5148102270184076,0.12401508992436,0.9872600827263239,0.16812885082274212,0.11926748763316335,2.1909613590752577,0.6284082902474845,4.787928728335388,0.13475454748219004,1.4558683453168144,0.13152875691066723,1.0426224742078594,0.21347175699224086,3.392102727341054,0.9438825814667833,0.8475608955279489,4.147896527545976,0.6565735471983232,0.20463490112982227,0.37627265089087525,1.6852066076905712,0.5895204693364156,1.3058302730006206,0.1939500199535874,1.157067814567283,1.7882769098257258,0.12093729852794816,,COMPLETE
214,0.32726543503084365,2026-04-12 23:35:25.405041,2026-04-12 23:35:28.427038,0 days 00:00:03.021997,0.11112002340000776,0.20220368976358827,0.5354381149978297,0.13605414466690152,1.0612657808519785,0.17952806618921846,0.13295582091760727,2.466992919666126,0.683845365359236,3.8363401022822075,0.1269285117418218,1.2441687377623585,0.1543688010701929,1.157938042080682,0.2476522292820923,4.401564496947899,1.0696709303661973,0.9013569660212999,3.5857425645742005,0.6918798283821953,0.17503924698883583,0.39255123340660447,1.445983189585005,0.5381648454945978,1.091190967248976,0.19652026647264897,1.232332760510467,1.6186162649991365,0.12060200964613241,,COMPLETE
215,0.32965225390348196,2026-04-12 23:35:28.429423,2026-04-12 23:35:31.278548,0 days 00:00:02.849125,0.10091947409568361,0.2004633577123409,0.6669975610347864,0.1326107574950192,1.0358801732393401,0.17713970818414598,0.12890425785123702,2.581926172562862,0.7901425242367335,3.8475769569998914,0.12793339420198163,1.6468302215011388,0.16073177542351683,1.1696807666101439,0.2666876008423512,4.41352688242808,0.8586073230609221,0.9037695717966047,3.5302969574777614,0.68623209681573,0.17429621210980806,0.3343651655438994,1.4527885673056031,0.5393239604677121,1.0933198846889223,0.19410456641152085,1.295137418812699,1.5639431953699494,0.13266444961901858,,COMPLETE
216,0.31996731774785464,2026-04-12 23:35:31.283790,2026-04-12 23:35:34.267600,0 days 00:00:02.983810,0.10548560033784016,0.17984135475349955,0.6783355574152962,0.10020386103952039,0.9615033849592783,0.16476861702521212,0.12143813490980115,2.2637757365174016,0.7656877848162533,4.993956603002508,0.13520344431200046,1.8405986884896104,0.15970444715339793,1.0451763870962587,0.27227182973519104,4.469358126379679,0.8579269408789031,1.0338804496080733,4.613604532801941,0.6145156975958551,0.14859271601005633,0.3700059542179054,1.5599246108668976,0.6137876652130125,1.1169593863161953,0.17489218261266354,1.318191972613304,1.6929345390364627,0.13023454726267372,,COMPLETE
217,0.3216137257718169,2026-04-12 23:35:34.268303,2026-04-12 23:35:36.943467,0 days 00:00:02.675164,0.1167036588123317,0.2549592177254766,0.6440003516303769,0.13658889642458322,1.0610486962367485,0.17694123808684453,0.1305739432226096,2.759387036891683,0.7023287635867722,4.0426916035540295,0.15240960392623576,1.388339144806415,0.16889624015817636,1.2198782334237068,0.20267988693918587,3.6639149636195962,0.9433066465736603,0.7120839347020121,4.238361521639473,0.706527848935893,0.19890414691526853,0.33492963656020197,1.693468943447217,0.5216612884599551,0.9420980053007378,0.1470138855346175,1.1631809354153997,1.4731307108638605,0.13303388654322304,,COMPLETE
218,0.3250405275958367,2026-04-12 23:35:36.944262,2026-04-12 23:35:39.894548,0 days 00:00:02.950286,0.10267749518230347,0.20404076333717913,0.7384203223434587,0.1259532489843176,1.0832642432529913,0.1646456434510545,0.13866410587996564,2.686140027037514,0.976592141209531,3.6107699545875516,0.12427376458486879,1.6214959488068892,0.10045437291133504,0.843082289323603,0.259701527667908,4.295043059487492,0.8096741114299593,0.8277436036539529,3.307300957050292,0.6400695590238981,0.17695174782208095,0.30402362955982193,1.3458032955780557,0.5477466259449828,1.025761116501772,0.19818776357117773,1.2885059168607618,1.3881074063400536,0.11978837184858368,,COMPLETE
219,0.32056299271644245,2026-04-12 23:35:39.895349,2026-04-12 23:35:42.665830,0 days 00:00:02.770481,0.10001185571485446,0.19366367706491866,0.5131249516856584,1.8474589886074042,0.9849628440071884,0.18916605258024624,0.10511447874002706,2.0299776408895656,0.7991390927547567,3.9086345264798297,0.13795273394575355,1.5737006850560518,0.13536371988294624,1.119232147500806,0.24120166678354077,4.612756810683558,0.4456948535770982,0.9708459738793954,3.010083517153618,0.6844877575481836,0.12996793179225158,0.297646138893106,1.1464684152472422,0.5795579447794577,1.0028786867315176,0.15871544329537246,1.0981759250921346,1.6631140156027227,0.12564485468468625,,COMPLETE
220,0.3307468243169785,2026-04-12 23:35:42.666603,2026-04-12 23:35:45.360512,0 days 00:00:02.693909,0.11281849146262773,0.1793513553023053,0.3983001614153751,0.11754117507524225,1.102412121012251,0.1800777589767031,0.18023895215477778,3.1153897817372544,1.092254801162204,4.68264995066103,0.12251849199387119,1.9500087862730235,0.10972407088103027,0.9338947360611717,0.22381159021926314,4.6452623908483215,0.9843069898994575,1.1388596772897401,3.7965955256998387,0.5397097638188004,0.22746007084209588,0.31321768859731797,2.8199333260024653,2.9851974649578534,1.2782429272682438,0.18183062151411417,1.224517509317894,1.5580728869755172,0.13468737435133268,,COMPLETE
221,0.3268507320722529,2026-04-12 23:35:45.361252,2026-04-12 23:35:48.418298,0 days 00:00:03.057046,0.11337111029666272,0.18342163727402203,0.37531355917624987,0.11577867804174614,1.099415533335027,0.17260494460919348,0.14863170561284558,3.048514721616508,1.0799997124636322,4.629838681844111,0.12008962094920925,1.8167436239943848,0.11030702552789329,0.961598261738406,0.21625401685056864,4.604458996289322,0.9871525450724957,1.1396071954176796,3.764196583104427,0.5836731382721726,0.10923616807372229,0.3212064626286876,0.7096780338063368,2.144448824691677,1.1774141424114748,0.1829453804363047,1.2382036283073268,1.5514559167245858,0.11983178343678887,,COMPLETE
222,0.3192400027239083,2026-04-12 23:35:48.419170,2026-04-12 23:35:51.007264,0 days 00:00:02.588094,0.12217346058717664,0.2120081365836128,0.4119757513543073,0.12339388458926717,1.0227590645878128,0.15808078745068183,0.18148354199955008,1.7338314496689553,0.7369037683086171,4.716672139917782,0.1282985112647831,2.112624973139006,0.13236130321190914,0.864988542118682,0.19871677010592342,4.243982616773971,0.9216962946404069,0.9104384664164404,3.619880421379864,0.5325899224293545,0.22837571476546456,0.3465160348858224,2.7472166190890377,0.5129981208437785,1.2705260150990054,0.20704930235545102,1.3587794660186547,1.8157136354958623,0.38599989673177476,,COMPLETE
223,0.32833733411391336,2026-04-12 23:35:51.007966,2026-04-12 23:35:53.972618,0 days 00:00:02.964652,0.10938850662335643,0.2664089558981731,0.4652531672614135,0.1390511891720843,1.1247327517059622,0.18865908416986404,0.1687493484184664,3.6231410044845083,1.142069347690982,4.3406578787505685,0.11805512223355263,1.6524874140710781,0.11477235009357907,0.9856827900413854,0.231608382886238,4.693279710202577,0.7439729261287304,1.2328879728299194,4.082375245535284,0.7288223852843576,0.24987248548890437,0.3710941712558061,4.945786896828864,4.627919923416265,1.3905791478605012,0.17402881247110516,1.1226184579143408,1.965882702761412,0.13169382213471004,,COMPLETE
224,0.3260975483363039,2026-04-12 23:35:53.973684,2026-04-12 23:35:56.953295,0 days 00:00:02.979611,0.11110281918349713,0.2665410418545054,0.48939370785518166,0.137681559205996,0.9566686089937201,0.18626473524882006,0.1812529320877618,3.417452096003504,0.6165554805231055,4.322254143831584,0.12706936006455516,1.592008135628768,0.1127003659464913,1.0248825083782764,0.2221746713279539,4.976659136305953,0.6014788065137666,1.2158097054131696,4.1217465371031,0.7314983692657384,0.15833419560601775,0.3263959233276369,4.182101577892977,0.5052849019314318,1.3796624838597327,0.17166765761050395,1.1128376764775025,1.9717741719353503,0.13440273026704921,,COMPLETE
225,0.3248470594307883,2026-04-12 23:35:56.958962,2026-04-12 23:35:59.815683,0 days 00:00:02.856721,0.10106733210362717,0.3132105494268412,0.5564291467431556,0.1077752857910931,1.1164668787053866,0.20181010949695175,0.16902418510699552,1.9313017329969417,1.1448676420640809,4.985014133518087,0.11892932910764535,1.7441362728725693,0.1080175195414889,0.9271904329720743,0.2554343639622254,3.7342832808046698,0.7412906514223137,1.0142419351401795,4.658548156850726,0.6205343275374239,0.2482480542597804,0.3620742362540096,2.7776472330415687,1.5623331280437383,1.0842765053751224,0.18996680878623212,1.0849396348405684,1.7905088423752749,0.13460673586296626,,COMPLETE
226,0.3268475055929989,2026-04-12 23:35:59.816431,2026-04-12 23:36:02.469804,0 days 00:00:02.653373,0.11997646060848238,0.2309815017616728,0.47457932167599337,0.13098603240305942,1.285175739383998,0.17970090356315674,0.1669874665637664,3.932092648582001,1.2372837546630435,4.140893572028659,0.13471752119702304,1.8967946755814105,0.32641883917921355,1.5228368697621628,0.18372929774202915,3.2439598148766557,0.8460641459125161,1.2599221376758816,4.0530660294699885,0.7129624236990235,0.20701981870662803,0.38164622786499186,4.965703172786761,4.438981852077404,1.2424496324049876,0.1566277452242106,1.2902983248734834,1.5449603255921345,0.12529212987395935,,COMPLETE
227,0.3309743847044032,2026-04-12 23:36:02.470917,2026-04-12 23:36:05.292014,0 days 00:00:02.821097,0.10761207663835154,0.2736137023602286,0.816050779103083,0.11510217676888075,1.053978670595308,0.19028391845399814,0.15160934122344916,3.493858077554872,1.0318395918021113,4.514421586407036,0.1519542821614577,1.9460361383384783,0.14503916959295848,1.0867858972092976,0.23759745121528622,4.184908222641303,0.7442413604397249,1.0880405739160126,3.348271415105689,0.6678811394846752,0.18234376415226902,0.41931154571256934,0.5660621407489614,0.5713632574666929,1.3266291498437157,0.17641113922077528,1.1997807286324746,1.685349007280928,0.11590151996235976,,COMPLETE
228,0.3209423689877459,2026-04-12 23:36:05.292913,2026-04-12 23:36:08.066469,0 days 00:00:02.773556,0.10847792426832682,0.2798281072358655,1.0360607868955536,0.11324278185652749,1.051656700570319,0.17875776963788623,2.9174698911914128,3.564991571774035,1.0267387411186648,4.642637151691923,0.15329823745963708,2.03829786559542,0.14507818510143938,1.106140035410372,0.2372900837870109,4.206176284802939,0.7242937292309852,1.104224142582813,3.3853604139765223,0.6419865210525758,0.18452232388221507,0.4229702216136299,2.589513543880452,0.5984695349741713,1.3403666901338018,0.17052807609612555,1.3873839437693436,1.6518926555769615,0.1322521489184805,,COMPLETE
229,0.32810399548299,2026-04-12 23:36:08.067306,2026-04-12 23:36:10.956161,0 days 00:00:02.888855,0.11891095163933396,0.2515392553832529,0.8205813112952107,0.12011378837188748,0.8702106552729376,0.21604838636710458,0.12646948462484994,3.3624540577431645,0.9386784081116835,4.361148141652677,0.14116022341144147,2.198044477245619,0.18201109843578575,1.29660846134316,0.2621219448250675,4.210414645765578,0.781955027358957,0.949090050774508,3.7321539963950388,0.6803017023670072,0.1700351073946652,0.3636755693972531,3.468079949388849,4.522617559231831,1.1403615050772964,0.1875287197447187,1.1955096898606201,1.916620766370752,0.1140706954028001,,COMPLETE
230,0.3252121692854996,2026-04-12 23:36:10.957922,2026-04-12 23:36:13.796028,0 days 00:00:02.838106,0.12105628363403656,0.2581934287690253,0.8689365253073983,0.1048619938337839,0.8577958073453769,0.2147718567558846,0.118661165136649,3.3096373912167603,0.9648660214864828,3.602001292671733,0.1448360077864937,2.3299201144785595,0.1949092185494436,1.2511148122168834,0.26414192124140806,3.7533106682255455,0.7905275567700251,0.7888471239187317,3.7082440939259693,0.542356369908543,0.1746183185237726,0.3467635524838581,3.5792019750222352,3.229365901250763,1.1733309433923766,0.18330375413781352,1.0578323947794315,1.3254179939565625,0.12451298463742319,,COMPLETE
231,0.3298300884044225,2026-04-12 23:36:13.796856,2026-04-12 23:36:17.050805,0 days 00:00:03.253949,0.11531865724846864,0.24841188302890022,0.7408337102707876,0.1214182421832608,0.9680773153559535,0.1935182990331975,1.3842634924980404,4.317250504180692,0.8613132578527896,4.400103365871721,0.1369315625626894,2.1978329034941417,0.16559227557541276,1.350231441624097,0.22114315390696157,4.248401966559433,0.8474220691781568,0.9374020975315149,3.111726599003635,0.6781640597292734,0.2220338707906784,0.39533035340177985,1.361578608313371,4.907297650664053,1.2826232607738817,0.19435427183025486,1.2039402763107085,1.8831185990253652,0.11672184491700073,,COMPLETE
232,0.3320112857694601,2026-04-12 23:36:17.053904,2026-04-12 23:36:20.312653,0 days 00:00:03.258749,0.11366866268414538,0.2495876875709169,0.8024820212667726,0.11978875768722774,0.9607587029118767,0.20996167036717783,0.13133273823819847,4.0811510136680145,0.838940816945432,4.368845033191634,0.15223412793410404,2.0853598639397815,0.18397299860405825,1.301614901191277,0.21637615791484485,4.156518364183253,0.8764602138046851,0.9841629171824599,3.0876824194521415,0.6634020721855824,0.19390965380953995,0.3797068347928831,1.3398545562882034,3.7050326356112424,1.1643221381082973,0.20165305687307614,1.271151618038369,1.9133850039754052,0.1132232819287547,,COMPLETE
233,0.32578173506284136,2026-04-12 23:36:20.319112,2026-04-12 23:36:23.267498,0 days 00:00:02.948386,0.10106494080646491,0.28959307618445695,0.7550610608827719,0.12063519975219211,0.9133552292896729,0.195433650640797,0.1277471060336343,4.794457131723587,0.8753946564074435,4.467879517049387,0.14964503442621022,2.2048170407500947,0.17317766456252778,1.3054058826534256,0.23850534540256726,4.164989469508515,0.8690400779897877,0.9645102082925412,3.0440225157009917,0.605341318064246,0.19414516914672786,0.3664308455630467,3.210837273599739,3.854029862757585,1.093434766058143,0.2037646256088532,1.2128036337660197,1.9427606443223115,0.11647197236346384,,COMPLETE
234,0.3278465471769182,2026-04-12 23:36:23.268415,2026-04-12 23:36:25.899742,0 days 00:00:02.631327,0.12336963871890201,0.2659495786717087,0.6376914949808258,0.1258720875328274,0.9493118349922914,0.2127183166564774,1.583467377234888,4.109816658334582,0.9330239277489967,3.8317897494333444,0.13904597446476963,2.448315214679878,0.1897695997432602,1.344837469150998,0.21721359315557337,3.98338018964926,0.35401213863475794,0.9311487497735217,3.8963631171030695,0.6588128484650634,0.16109907652459046,0.3153380149126219,1.3637691809440646,4.018429298428799,1.2030107996667392,0.1923033336274704,1.2970409239392025,1.7925722005992433,0.13510497311403316,,COMPLETE
235,0.32713457502992027,2026-04-12 23:36:25.900631,2026-04-12 23:36:28.660387,0 days 00:00:02.759756,0.11635464355974856,0.23991702076924787,0.8069000043809919,0.11159234102285845,0.8474787981733185,0.18839390975393272,0.1324065246038516,3.744419335699855,1.0730548273619778,4.275498648098421,0.15418203615009377,1.9350454077451653,0.21177032542576057,1.17569535408602,0.20774730540137484,3.3126109567323687,0.8102015227490252,1.0354768228681837,4.378480675904535,0.7329654648233848,0.2214200123625571,0.39890709154109083,1.7049765611585381,4.87653542839469,1.3042398653652734,0.16132872660312436,1.1253533765953765,1.9944414170158655,0.12310537034442261,,COMPLETE
236,0.3265474531522636,2026-04-12 23:36:28.661266,2026-04-12 23:36:31.287432,0 days 00:00:02.626166,0.10713333300717016,0.21957541693508248,0.8693222472685798,0.10110606230358712,0.9957119504810334,0.20632054028899519,0.11387724274278462,4.693851554900649,0.8117541520019,4.654745647213091,0.1340166781665551,2.594495240059286,0.1698632463348549,1.6408292195304164,0.233738357488276,4.400887097966325,0.75280278702227,0.872191525257158,3.157960201428497,0.662236335953691,0.1484347802918064,0.3495124909660761,1.4406124773576106,3.4212998674201183,1.020042933915014,0.21443584764678564,0.9432790928477498,1.7112409370123929,0.11316897148814525,,COMPLETE
237,0.32556764038839725,2026-04-12 23:36:31.288292,2026-04-12 23:36:33.981339,0 days 00:00:02.693047,0.12475251413480043,0.3094399350118173,0.9569043372994542,0.13369022793310584,1.0178030596846048,0.18117866850630257,1.1375018992683286,2.6830686009204783,0.8195966069058849,4.1514655934247795,0.1429309488102337,1.7435000858232017,0.22119118454282455,1.5391694005353767,0.25351739134225326,3.6405878736985007,0.8876735277976908,1.1124439144726868,3.625280906049831,0.5989216627689075,0.19049266237612883,0.4234206353541274,1.1576000674208082,3.0544174317277952,1.179473830740773,0.1919076722045612,1.2550160747570938,1.8518717058006173,0.13657172069257542,,COMPLETE
238,0.3239269857658162,2026-04-12 23:36:33.983647,2026-04-12 23:36:36.920791,0 days 00:00:02.937144,0.10014569977201386,0.25617262986033995,0.8037438084330715,0.1205387962249852,0.9043648978630693,0.19325534407114117,0.1369353134440398,3.738757115399349,0.7297089867529224,3.696947867804453,0.12621188995645174,2.0528429782030115,0.1533194959001191,1.404118030390073,0.29855800719732867,4.154811920823446,0.8178225888157382,0.9545200152756861,2.9059324522367596,0.7493760925900613,0.19948671914299035,0.2785369673152803,1.3046054556252107,2.821489306144647,1.3751958645351878,0.1472067039776515,1.1459553034241,1.4872878078716758,0.11379527204600315,,COMPLETE
239,0.32617387052428876,2026-04-12 23:36:36.921844,2026-04-12 23:36:39.553042,0 days 00:00:02.631198,0.11462461086393137,0.23256693263007455,0.915798445746722,0.1108774197593889,1.0457074790303336,0.21143989450804,0.1264626634548417,3.078542993298738,1.245183184194212,4.4710867834155215,0.13493591692019988,1.9475443486215351,0.16215755020253403,1.9427475783910255,0.22170673478498673,4.395241007904166,0.9616728274676973,1.1886448004073569,4.782912540435334,0.6695743685037886,0.17300729771493809,0.3784861341570944,4.3613422798421695,4.2103681253936,1.2837810925266278,0.1773387948744164,1.0256021617519089,2.048982924860996,0.11984717556069069,,COMPLETE
240,0.3252317897687324,2026-04-12 23:36:39.553768,2026-04-12 23:36:42.520671,0 days 00:00:02.966903,0.1158903893564906,0.33667422859466645,0.7671323806415341,0.12447035770908568,1.0968217529921425,0.177823186186846,0.1523708079258617,4.350585852635445,1.0371501848096025,3.9751514870410896,0.12078443843112079,1.650871043393649,0.14517186467094353,1.051271075509969,0.2711746976681044,3.8366708791918485,0.7304003855770423,0.8682321821215162,4.266113629140731,0.6159416874857381,0.2229784817937691,0.4055080305611977,1.9040460594759987,4.507620858145122,1.1201709859768845,0.20126516444016343,1.3282699462336658,1.6328947753707923,0.10002820827024715,,COMPLETE
241,0.32763874850582153,2026-04-12 23:36:42.521555,2026-04-12 23:36:45.349973,0 days 00:00:02.828418,0.12720821200539703,0.267182668589121,1.1310563781404945,0.12977763575515405,0.9420217864831867,0.2096581930001318,1.9983495169380663,4.113943960019468,0.9287638687253668,3.774431461464105,0.13921882830825386,2.44349012988125,0.1875902573744045,1.4362257419732833,0.21722505100287054,4.0223832788578,0.6042602467208797,0.9871430634795556,3.874181399444327,0.6655450468471057,0.16188728686061024,0.32146992134003866,1.398601615534385,4.999783920279415,1.2173874706092342,0.18980806790479163,1.2518260680479376,1.820366735732209,0.136706991948709,,COMPLETE
242,0.3214696337097105,2026-04-12 23:36:45.350753,2026-04-12 23:36:48.360116,0 days 00:00:03.009363,0.12188030499023243,0.27435822159177936,0.6925705927212296,0.11753012910114483,0.9602421082056414,0.2208372399574547,1.5586642555321026,4.293258007648238,0.9117625716110296,4.668314354076142,0.13944964636122076,2.7879260854974,0.225069245479774,1.3151431317852167,0.20309112497748696,4.510423596109232,0.3402267378951257,0.7820520953762865,3.4458297485070517,0.7092299308832234,0.1498895620934441,0.30087696656451607,1.3336687164547325,4.150951574431751,1.1774464125448165,0.16769667330790589,1.3390898521685526,1.8301430922359094,0.12728370865091135,,COMPLETE
243,0.33001936703452245,2026-04-12 23:36:48.360950,2026-04-12 23:36:51.303753,0 days 00:00:02.942803,0.1078292557217365,0.24827152356559998,0.6239072650118417,0.10611330021237482,1.0816082284290855,0.1958981547216509,1.832254307576427,3.4747863603524856,1.1433725645305584,4.237015400633282,0.1498896171876407,2.261993512233912,0.17064689619176085,1.1934327387198944,0.2355309382365997,3.5161879042475346,0.34137414783066317,0.930417151443725,3.9557035983707305,0.773032101946491,0.16662010418041054,0.3278963054705259,1.195797151370704,3.702340321334812,0.9627141258967279,0.18334387404259372,1.1909614895706513,1.6366365054830851,0.10962553946857925,,COMPLETE
244,0.3257342043694068,2026-04-12 23:36:51.306216,2026-04-12 23:36:54.519178,0 days 00:00:03.212962,0.10641253915628511,0.21643860098657158,0.61219008606415,0.1063036084324344,1.1052713103518403,0.19594607929349184,0.14002119873623067,3.428552456762682,1.117540235447877,4.275783834727735,0.15495345374704794,2.2846549552933606,0.17181846522597274,1.173761235348271,0.23924887658860483,3.4360885578750806,0.6849158394563479,1.0790374147129136,4.059698362894126,0.7944855848497768,0.1850086908441046,0.33676468509519375,1.2154035847654203,3.5039031995791983,0.9955374245931009,0.1806122966577933,1.169911158915473,1.5768460996370084,0.10718916310578336,,COMPLETE
245,0.32678497274109963,2026-04-12 23:36:54.520045,2026-04-12 23:36:57.266501,0 days 00:00:02.746456,0.11125601138716987,0.24048152460372893,0.5397368938540346,0.10747016260064404,1.0211160969012052,0.17287217769510196,4.448321924768158,2.4602670319229847,1.1610387179619612,4.672372992870216,0.12520397297307603,2.184769156916682,0.15030317297147547,0.9828283986394377,0.19780464532288894,4.634152918424154,0.2946325624121527,1.264423203581739,3.2142987112223405,0.755265771508706,0.1339733039166806,0.37351090243364377,1.5370965693944119,4.793936107909818,1.3869168725000343,0.20840309746549857,1.087270700022829,1.4152987984580059,0.1131269267065712,,COMPLETE
246,0.3050537549494206,2026-04-12 23:36:57.267358,2026-04-12 23:37:00.218407,0 days 00:00:02.951049,0.10696763943599755,0.2077399613641412,0.47300700457597517,0.11483356123526667,1.1001463125690738,0.1567768957993162,2.336983934488064,2.907677427134791,1.2866047342121416,4.2191033205903965,0.15205863637061753,2.0397999156858084,0.18322634636891383,1.089435939977872,0.2510455314906255,4.203903880662153,1.1352667769814988,0.8966507231182413,4.490951005729248,0.5623882946569747,0.21111826432873762,0.43282004292883963,1.147909004738002,3.8198337701499585,1.0726692188386115,1.2405450114762049,1.198917815935709,1.7198649509584076,0.1085272894434199,,COMPLETE
247,0.3254451297720844,2026-04-12 23:37:00.219506,2026-04-12 23:37:03.504314,0 days 00:00:03.284808,0.11603150983117456,0.24794131212867748,0.5246085513076645,0.10110531940727753,1.1326895489430513,0.1933161436889564,1.3702970589631807,2.1215997200302517,1.0180812163721729,4.996697598316221,0.12918170369697446,1.4719707663173192,0.13416585755835422,1.2050911425158288,0.22480459315394383,4.98735692328963,0.9955158544413933,1.0079245473053602,3.5809279166169947,0.7170532726340675,0.11800238488082092,0.35153935199092884,0.9194276073354563,4.582965848373605,0.9527685800125137,0.16105741796701584,1.0913025424879281,2.0467052414629907,0.12261641349178462,,COMPLETE
248,0.32011814083770107,2026-04-12 23:37:03.505156,2026-04-12 23:37:06.232232,0 days 00:00:02.727076,0.10041275593763344,0.2307889036029519,0.4589648290237431,0.1397014740424883,1.041695207223235,0.25339123378795597,2.289171684246334,3.5701498175925193,0.8348394171277612,4.360904119126311,0.1174970967923117,1.2080905769106518,0.1615489701680009,1.0050314576774115,0.26904063908227294,3.607213754950775,0.8753945064232664,1.12906638422958,3.992652070373483,0.797526984436074,0.1764506962534265,0.381013437586379,2.220107274021812,3.5833503981548644,1.286132972199532,0.17316346729118837,1.2335384085697696,1.9179665205418006,0.11545295877452194,,COMPLETE
249,0.3300677885771062,2026-04-12 23:37:06.233207,2026-04-12 23:37:09.126568,0 days 00:00:02.893361,0.1288023193250215,0.29797506204502483,0.7255095457854916,0.12124996372421357,0.9019255683263829,0.18572439342621316,0.15309007859754284,3.2830227559915643,1.1698765046816784,3.968344974707215,0.1538132933067306,1.7417926618001691,0.11383823179888147,1.1049959521532142,0.22937553042304729,3.8534528743125223,0.43810160720606034,0.7485616842857441,2.925470234449171,0.48615537871489695,0.22630536847938668,0.4470957611798921,1.2049040775110351,4.098747100188639,1.433558293640992,0.21699105888337128,0.9023830490719503,1.6679912900403528,0.10585285191447628,,COMPLETE
250,0.33188643453126865,2026-04-12 23:37:09.127964,2026-04-12 23:37:12.031921,0 days 00:00:02.903957,0.1298732790908761,0.22119945014712733,0.7088590318924108,0.11205394119148795,1.2733653189934384,0.17099012596164456,0.176078062137723,1.613289416057027,1.1495536244911786,3.575945160266293,0.1545607010137349,1.7547911846225395,0.11366885883919575,1.094485573544189,0.20519805228766644,3.9102025267606093,0.423490944677677,0.7099046923919837,2.9363230093079458,0.42923833760031765,0.23316123618714132,0.4443446770750657,1.223135231646917,4.323202584801635,1.3972156296635774,0.21523173171673554,0.874447541708256,1.5355733698632767,0.10609963866563585,,COMPLETE
251,0.32760475590606,2026-04-12 23:37:12.032649,2026-04-12 23:37:15.002312,0 days 00:00:02.969663,0.13214460963519406,0.3025230383812876,0.7022296256306081,0.12893029850440682,1.3229245726896326,0.16238289978204212,0.17334622365576063,1.6025816278580445,1.1673211567539494,3.3901010010810286,0.15898889238865185,1.7137234085208835,0.11602553674578313,1.1130614807349546,0.19298532162322646,3.8330220515900195,0.43380315800110236,0.6855278080113901,2.893421548227708,0.40250660780680836,0.2367445806666158,0.42634500813598963,1.280778609497541,4.247263480749,1.4043985596290647,0.22053268738952794,0.7790940378634239,1.4673486933653752,0.12537191661715733,,COMPLETE
252,0.32773734317012415,2026-04-12 23:37:15.003275,2026-04-12 23:37:17.892853,0 days 00:00:02.889578,0.12827873182155972,0.20562860989062368,0.6380495999229155,0.10697610410359647,1.262948712449312,0.17419550562228114,0.18884282980228825,2.3013926458655667,1.2469334630114166,3.899146692571309,0.14779288780268152,1.5731617672611784,0.12620825288130316,1.0427709882968774,0.20621201381144996,3.2022929649020475,0.38107298977060056,0.7487911088259668,2.9489175014035536,0.4714923633166485,0.2582059158868449,0.4045221625885799,1.4546845249431117,3.860542550705434,1.2984243165309446,0.20713474614680985,0.8665488275727183,1.2819999745566344,0.1010645159641,,COMPLETE
253,0.31853404870896995,2026-04-12 23:37:17.893607,2026-04-12 23:37:20.753095,0 days 00:00:02.859488,0.14021028665724994,0.2906787941156652,0.729965790310015,0.1204579547619077,0.9964017034995162,0.15209532912785773,0.1544941086924713,3.911818636951274,1.3686659570949284,3.60336095542199,0.15567760224838367,1.821027267690484,0.13710909128204637,1.1477576388895845,0.23508443354137323,3.5643738162292635,0.4682294518202737,0.768764237497662,3.2476840609885413,0.46098368844065646,0.22478850233953054,0.45177791049487576,1.1178778481125087,4.057271037745415,1.6073936304429826,0.21788283256428986,0.8821380215675961,1.5443997616819292,0.10559741051586119,,COMPLETE
254,0.32478058947429717,2026-04-12 23:37:20.754876,2026-04-12 23:37:23.523024,0 days 00:00:02.768148,0.1272749328750759,0.2197505618755325,0.5869757744969974,0.11084798871680501,1.2377108724476156,0.1769090976480093,0.18026508012991527,3.2526026687955962,1.1756166926319205,3.9718637093438054,0.13352426515319063,1.5393159843510198,0.11240542436207367,0.9751659848503738,0.18748526573149585,3.8800820018999524,0.4140901900177663,0.6432920042036585,2.5637646876679856,0.5084462907133952,0.20506553962691312,0.44799259735619673,1.2354558194852516,4.301162808774541,0.8196046350319139,0.13780827004575022,0.9155368642222643,1.6307105546203133,0.1261351959529726,,COMPLETE
255,0.32181894951111223,2026-04-12 23:37:23.523781,2026-04-12 23:37:27.008544,0 days 00:00:03.484763,0.10795542348052624,0.1762546909415487,0.5468618389416002,0.1002273799221739,1.1235931031381563,0.16436161733841237,1.788538570113393,1.6346942232797996,1.0204788687132997,3.6505799118600457,0.11884148850765362,1.848911850916842,0.37524438952999795,1.0392193531167464,0.21345884703730533,4.440272976023202,0.31799286029652873,0.8196573254473161,3.365895968852212,0.41507932523343655,0.3532888090793193,0.3977588981762157,0.9712107591942606,0.5715502694461843,1.4214729226502085,0.19833035771629792,0.9907559642767504,1.7437768571509993,0.11518968982809757,,COMPLETE
256,0.32883256901112345,2026-04-12 23:37:27.013698,2026-04-12 23:37:29.758356,0 days 00:00:02.744658,0.1003411652700929,0.19516177020235018,0.6659542345604045,0.13730042349849322,1.3502584149220749,0.18211813776614472,0.15315792159718672,1.478249634275538,0.742016794339473,4.12320755064117,0.14318147447302892,1.71098978056965,0.1254110434252892,0.927915142150241,0.23667571053512648,3.417888613869042,0.5213934711563609,0.8604871443198406,2.7623034824931403,0.42757246213788536,0.23348333659410192,0.3313569116712231,1.6365263849616443,0.64030436172542,1.2909826178668435,0.14976425796861625,0.8052155463810664,2.115599062318899,0.10651670044114152,,COMPLETE
257,0.31918788228688444,2026-04-12 23:37:29.760298,2026-04-12 23:37:32.415324,0 days 00:00:02.655026,0.10004073585652058,0.3553444991741881,0.702780452107441,0.7071438547850205,1.33646832640777,0.1914435413189061,0.1530707380016908,4.507961342842843,0.7427181141696066,3.358342927240773,0.1568245581437041,1.713436132289316,0.13955393952056563,1.2399154897527924,0.24347455081424813,3.4345148777050194,0.45046780643967255,0.8411233427284865,2.7411243909503344,0.36806717225724755,0.2353111652968166,0.31361835402298865,1.3718018444083262,0.6494315653417833,1.2601130178843902,0.15209037232195086,0.8481180740504898,2.1720346894208884,0.10492150789312142,,COMPLETE
258,0.3219805055295955,2026-04-12 23:37:32.416162,2026-04-12 23:37:35.609497,0 days 00:00:03.193335,0.1174323396965715,0.19413114721759642,0.6643058960434484,0.13863698149744877,1.248559870357749,0.19883064541351314,0.14705944807495505,1.8112878205059508,0.6390311226469342,4.034608829267794,0.13141148478953504,1.3210558490586721,0.11004790973740075,1.0966393328827233,0.2317047709577621,3.800399894460984,0.3748704067788521,0.7271974132492242,2.434630422381902,0.47050670739485567,0.2184056335144548,0.3443957850912219,1.6376827597163686,0.7065581480990331,0.8987201204329248,0.1535844873485485,1.443255851882802,2.11122764987662,0.10086455464767004,,COMPLETE
259,0.32940007191516757,2026-04-12 23:37:35.612379,2026-04-12 23:37:38.356702,0 days 00:00:02.744323,0.1274801319272163,0.17838847761248286,0.7631303381162644,0.13323798874986748,1.1813530217038632,0.18448151018558637,0.13848350803580725,2.8482711418310203,0.7186857480996144,3.9429937418846426,0.11774584581940649,1.658512985610585,0.1281253583933224,0.967110928799596,0.17310429427244126,3.2857630906277318,0.5399924196313216,0.8752978400138308,2.7991297662704757,0.4221125784742976,0.24851190327012113,0.2653366906210895,1.486095976092957,3.7374157202344573,1.0694981392375045,0.22272013163965215,0.7779920505954446,1.9276008673240206,0.10984781786619498,,COMPLETE
260,0.324681384076431,2026-04-12 23:37:38.357622,2026-04-12 23:37:41.413159,0 days 00:00:03.055537,0.13594705200580687,0.1899037253045814,0.7552775653764643,0.12794801493914873,1.308752432470358,0.1536064267866807,0.136287235363789,2.701994911251575,0.6710189622270306,3.96156588415429,0.1727969524183605,2.030052247805588,0.12975700046486993,4.142885438326149,0.1706221608390994,3.2701677450725843,0.52288996591709,0.8971360264289986,2.788526503445161,0.44167215124162273,0.20329203127454204,0.19988144350474518,1.7496145212709657,3.3062169237441026,1.0704385388050062,0.2215199288018341,0.8137536691147017,1.7989805760200501,0.1110652543348256,,COMPLETE
261,0.3317660570286214,2026-04-12 23:37:41.413965,2026-04-12 23:37:44.467779,0 days 00:00:03.053814,4.823498705426002,0.18131758915704563,0.7876202568776193,0.12192410613481841,1.3706231315254107,0.16867225274323736,0.14113472593502832,2.8824445859974155,0.7457702954503943,3.6586943650087838,0.12906508948647274,1.3700044689051383,0.14500569056702356,1.1730799683114137,0.19690611552425935,3.5213072341875495,0.4725058809625133,0.6769520097468495,3.134594263269819,0.39206846301413384,0.22838794111132799,0.2683262136286467,1.5334734080145842,3.6388754286158926,1.1546176720715742,0.22476937660836385,0.7151651367342448,2.025260524693944,0.10766838441185174,,COMPLETE
262,0.32728221068617913,2026-04-12 23:37:44.468608,2026-04-12 23:37:47.311989,0 days 00:00:02.843381,4.568830495380753,0.1734229264044228,0.8295246643836591,0.13069618698061325,1.3966404603634406,0.17085695060298034,0.13648742248409296,2.8722719559195453,0.8525819804462286,3.2038103279975543,0.14483851847104778,1.5294765100111967,0.14798736653334157,1.178546535158504,0.1781712549629572,3.254174533226637,0.5092615796236295,0.7125388442734082,3.07155043886595,0.353402332171445,0.2051198011908949,0.21596722540071767,1.4134307927199652,3.785038389235877,1.0112210944124636,0.22489876432438655,0.7649279003945263,2.254459237210982,0.1071127446732236,,COMPLETE
263,0.32601216624268436,2026-04-12 23:37:47.312763,2026-04-12 23:37:50.229756,0 days 00:00:02.916993,3.2896853730857143,0.1787325916910251,0.7892824284634766,0.11521128588738093,1.3329694978086164,0.16443818594797838,0.14265243257839116,2.915674278393226,0.6896526406790091,3.6785947607028513,0.12925486738913944,1.3668955492034764,0.154501518611063,0.8169454739017825,0.1977930404501464,3.5050037308681854,0.43413332221576717,0.8259756809730358,2.684176357515394,0.3993361303518409,0.28303506665077816,0.2866795764355865,1.532895135866492,3.4775124975404315,1.147270852386025,0.20912049702357113,0.8403319814872191,2.1192512151426777,0.10808962592832064,,COMPLETE
264,0.3342429500790143,2026-04-12 23:37:50.232909,2026-04-12 23:37:53.493962,0 days 00:00:03.261053,0.12901323393316544,0.20382608660080778,0.6370642636830822,0.1238670534436642,0.8109653169054494,0.1984965648673981,0.15707408508049572,2.633043326706757,0.7777973244300491,3.5002873846207025,0.13716965079476498,1.7208214880847361,0.13550885723757658,0.9213369187254992,0.176361258735097,3.015321418216349,0.48489505896861956,0.5788662951254001,3.0683595409167346,0.42388728399161946,0.21460548606114632,0.3033808809272678,1.80340461608402,2.966671124275833,1.0755583761494312,0.23021014253008293,0.7136155413658157,1.6471669647762768,0.10013031488456035,,COMPLETE
265,0.3296659572351551,2026-04-12 23:37:53.494715,2026-04-12 23:37:56.266032,0 days 00:00:02.771317,0.13334465801029352,0.16891451874158672,0.733058126023747,0.12217264245512463,0.7622563327598422,0.20755394973879263,1.785030260725128,2.464599804605045,0.827015368747766,3.5143922070465266,0.1208512797760708,1.8546042737861332,0.14014695183855141,1.2174043461298067,0.17270641680932053,3.0528467606406835,0.47187718770758325,0.5271481583885738,3.132885594621332,0.3648838986661373,0.19226582288236838,0.2781095710283788,1.8404013037618576,2.7135248560381875,0.9588109129986413,0.23372158880362154,1.3829716439099027,1.4076599452696474,0.10198218093212863,,COMPLETE
266,0.3263737678756572,2026-04-12 23:37:56.266805,2026-04-12 23:37:58.991365,0 days 00:00:02.724560,2.9473601330319688,0.16427717943218714,0.7407660265316554,0.11261321149214516,0.8473798310611622,0.23839853258953353,2.2442952652286765,2.544761712393616,0.7577827009252874,3.25108934082992,0.11974843973052393,1.929898751090786,0.16018141930399324,1.4977892515332896,0.1850741148190863,3.1462212319093075,0.40275163666282365,0.5575269063169869,2.972873349011836,0.40972160357408227,0.19292617199370118,0.2634838917803639,2.109066811065944,2.8894898715553774,1.0059283383608855,0.2420777967014474,1.5244449314821393,1.2149905417344962,0.1037432500686689,,COMPLETE
267,0.3267606546349583,2026-04-12 23:37:58.995724,2026-04-12 23:38:01.904132,0 days 00:00:02.908408,0.1400502821807335,0.17649531352515024,0.6129552533436673,0.12526275715941484,0.7191833138726849,0.20706738270569178,1.6349711800314541,2.140191424578132,0.8469437152119409,2.972447455946426,0.11834707491767539,1.802900927932612,0.1468151213896455,1.369705177672172,0.18056838787336654,2.8027178063053437,0.45564043911528784,0.5069186803433053,3.114897253635341,0.3510594396467825,0.18162506723135624,0.26024357418535465,1.8999581741227873,3.3380983460383384,0.9065015721160915,0.22814483533397342,0.739962731368622,1.4063408680069824,0.10144062557384918,,COMPLETE
268,0.32386530041636163,2026-04-12 23:38:01.905084,2026-04-12 23:38:04.780558,0 days 00:00:02.875474,0.12641515217137014,0.20173040220034424,0.9010447696780585,0.11452471700195425,0.7989168112605887,0.22206183764373924,1.8900496390868433,2.551823447147202,0.8127104972691963,3.4731061009408952,0.16341412853544177,1.9774406787039869,0.1402346676433998,1.2387371918991976,0.16738857982800953,3.0795980943262937,0.4861816660786381,0.45245377899627454,3.5206118448243795,0.3763788543347149,0.16451097686007918,0.280557008073244,1.7533584254524923,2.7264723148397576,0.9302564131402159,0.20460262731198864,0.7058596606089784,1.6332323121465162,0.10093517608006478,,COMPLETE
269,0.3231261230297422,2026-04-12 23:38:04.781483,2026-04-12 23:38:07.757786,0 days 00:00:02.976303,0.11761591843981058,0.16662571106390053,0.69714147125172,0.10043796632830235,0.7696451419227173,0.20133203173489667,1.7093341878585726,3.1918095340020076,0.61199779951243,3.6202287542222575,0.1352895970324422,1.6489111394656313,0.13774044012008033,1.144344776717839,0.17263848391043232,3.7931929697835285,0.38137612086716394,0.6685925051355802,2.339620820342378,0.3302048351342349,0.2153088648013608,0.2745081948876647,1.5500880238166979,2.9400666273496916,1.0780577676409389,0.23006240909825212,0.6935114298097083,1.5240550620349458,0.11416071271068902,,COMPLETE
270,0.32681694158173286,2026-04-12 23:38:07.758815,2026-04-12 23:38:10.611698,0 days 00:00:02.852883,0.12868259527304635,0.20858032758794248,0.8447740397502,0.13136500774116536,0.9011587123208836,0.20467187790252933,1.443186390794881,2.3298465987747226,0.9626890592239619,3.744358329461976,0.15175810249750463,1.8594680488102981,0.16805386932705985,0.7998470995322244,0.19557955275669642,4.016722085232242,0.4886580617120361,0.6167095802416656,2.5915692435113904,0.39815936477392133,0.1520283946765817,0.3026908416271257,1.4447104888147706,3.180164581631277,1.143410299746166,0.21490658760306552,1.4023638521305235,1.6844436791202138,0.11074067908924551,,COMPLETE
271,0.33155859424300954,2026-04-12 23:38:10.612570,2026-04-12 23:38:13.440655,0 days 00:00:02.828085,0.11395702907937248,0.1897355781597033,0.7701887520658989,0.10821146403560508,0.6950732734564711,0.22237060822957638,0.19763728425491123,3.0652743090864107,0.8844265049596635,3.3396143305194737,0.108310284809117,2.0672699628118165,0.13121984073506016,0.8819374452484754,0.17633886842130972,4.080435621535277,0.9140099717407402,0.5781966704540056,2.922167798013916,0.44561035720359465,0.32512849577452785,0.23807825822510573,1.3172626544441814,2.2636435191354423,0.8334075049431945,0.24464208938489104,1.33757016012077,1.4102008255253278,0.10000424177532527,,COMPLETE
272,0.32891784103883726,2026-04-12 23:38:13.441869,2026-04-12 23:38:16.750317,0 days 00:00:03.308448,0.11254323032574587,0.1839291156297562,0.7947034728538827,0.1064932244823886,0.7242955589472139,0.2466304815307032,0.20054494554555397,3.024567520416246,0.8772703167787452,3.194875463274055,0.1254417717756055,2.183893514753651,0.15055615502911698,0.8813333395159691,0.18902668854877744,3.06628061348635,0.9293047179817501,0.6280601180657188,2.8745027914540686,0.4371881349784593,0.19344489163581108,0.21529710225920837,1.5124227776385974,2.5616234683497194,1.006647374333199,0.24316927994078263,0.6848760788924441,1.438998847340886,0.12226280444824951,,COMPLETE
273,0.3169342111333364,2026-04-12 23:38:16.751070,2026-04-12 23:38:19.436672,0 days 00:00:02.685602,0.11990703682626969,0.1569346497088323,0.6445098073510632,0.12159767411395693,0.6183387853989304,0.15608406147670836,1.882504272078625,2.5878363957288215,0.7931357714014007,3.559853725124532,0.1147934957108925,2.4275438787113695,0.1327260350264217,1.1036059275454813,0.46236978225180464,4.00482426085447,0.41123600406338645,0.48853535992737,3.015900283388593,0.44902092469041094,0.21576490481182328,0.24567053256021934,1.3349210179038957,2.146198394120377,0.7808770707481151,0.19683702956886917,0.9506698519579804,1.3495297456820583,0.11295040197549057,,COMPLETE
274,0.2947840218094803,2026-04-12 23:38:19.439126,2026-04-12 23:38:22.410006,0 days 00:00:02.970880,0.3752514176529491,0.18509341554268777,0.7622895565792056,0.14287099553824817,0.6674843694316688,0.19397059909300665,0.1227027529565652,2.83148994889774,0.680695391371666,3.445162498366387,0.13538268631330677,1.4606317383213865,0.16200362570179494,1.1884694717971869,0.20475843814980274,3.643652845044713,0.8339519435803322,0.6059795458311998,2.603276880215474,0.3736247402861541,0.1770799771999519,0.2416231275404481,1.623467594051385,2.467234785939149,0.8045300526450894,3.691067612673569,1.3379363650629275,1.5909846624074369,0.10027434405467132,,COMPLETE
275,0.32181737812985045,2026-04-12 23:38:22.411614,2026-04-12 23:38:25.460693,0 days 00:00:03.049079,0.10771478611538363,2.140328331143833,0.5932074380427723,0.12336381108830717,0.7859998210929451,0.2223358897230299,0.9894681596241998,3.1205191244037893,0.8720087051542695,2.972666479199278,0.12671818938962168,2.0379799110702175,0.1422108972432913,1.2971132948555864,0.17990396541520892,4.080925001847489,0.9811170683095612,0.5520625708487978,3.5766058821028452,0.5099923658759428,0.344634526205164,0.23335188831016018,1.7936495748627324,3.0885971276629434,0.8715606509555298,0.22510182939615553,0.7758670582146826,1.718434531364842,0.12243389923738247,,COMPLETE
276,0.32722037865181386,2026-04-12 23:38:25.461401,2026-04-12 23:38:28.172945,0 days 00:00:02.711544,3.6306015331017565,0.16855251375672334,0.7074868130216769,0.10675893192864411,0.8197973712271164,0.16795125618429646,0.19600945887936683,2.3863964125731427,0.9784711312399524,3.846129020682954,0.1107991496625204,1.7810084833659359,0.12184752739272349,0.9158731403004663,0.216397928706378,2.894624899835343,0.29221247934459554,0.5452855267092843,3.089728690262497,0.4883217223725164,0.20027240668203763,0.26738933071831417,0.8508661865522692,2.647791744300237,0.8661821713930651,0.24767138041003348,0.916550298742655,1.2251385507055854,0.1003689626745325,,COMPLETE
277,0.3218440324453141,2026-04-12 23:38:28.173832,2026-04-12 23:38:31.288467,0 days 00:00:03.114635,0.14321903955998166,0.2079228405821553,0.7574613031824056,0.11494990753782433,0.6762507027923927,2.383240106421984,0.18263872318024119,1.9792401749614055,1.0664970735716546,3.268819449348344,0.1442638308525669,1.5781802955220032,0.132943811929068,1.0579039464506728,0.1931844895482408,4.997433217336381,0.8734475161798744,0.6793673447940329,2.9220557975106596,0.3817833493903134,0.3252307600893359,0.27866534953178895,2.4565591884025357,3.687975396108858,0.9489390287379408,0.21331898292933382,1.2720292514262341,1.4931914359544305,0.1109609316831649,,COMPLETE
278,0.31642791088365385,2026-04-12 23:38:31.289312,2026-04-12 23:38:34.231220,0 days 00:00:02.941908,0.11889665348998801,0.19089532713303736,0.8505990530191049,0.13219403717764935,0.92170537577399,1.5616060812091435,0.16321668433060105,2.1930912561364013,0.7220088110383817,0.8208321210757749,0.16865765901566876,1.4184813345261658,0.1529970287694236,1.0106951857891233,0.2526887036256083,3.3994418167624834,0.4617765231973827,0.5917419048785219,2.15106735564831,0.4310913937355911,0.24069364645028096,0.3074087482591596,1.331910926636062,3.6951128613632878,1.6412797003968111,0.19361065498227692,1.3588962427247397,1.892669302102004,0.1321663394953693,,COMPLETE
279,0.3203878714527679,2026-04-12 23:38:34.231948,2026-04-12 23:38:36.953203,0 days 00:00:02.721255,0.1066046877281834,0.219933511574347,0.6382761033345675,0.11858328578898279,0.6223154857537451,0.1482920581548272,0.1325925863312068,2.7896069307110416,0.9004624623940319,0.6166351604941185,0.12178668587171075,1.9612598084486437,0.24587947724688378,0.8676059735826078,0.22306160916909107,3.859065740300515,0.9287913851291177,0.7709222031190933,3.806930201689735,0.4690779794528007,0.21678916554427183,0.29343529601455504,2.016984819459432,3.09829572996104,0.13355266719453646,0.23234198622472238,1.484222535591131,1.3580695710179722,0.11928567993991779,,COMPLETE
280,0.32644278904050383,2026-04-12 23:38:36.957533,2026-04-12 23:38:39.946117,0 days 00:00:02.988584,0.12758345485694356,0.18022408549026006,0.5620484267369911,0.10536022694023821,0.553572972401316,0.184900012114788,0.13710143031964217,3.1477182959933803,0.7775783166513114,3.9125907750172972,0.15505297959947037,2.1689189126680137,0.10795730054085416,1.4355663068027222,0.2811966689284972,4.55884613550286,1.0914164696905286,0.9613860208018606,3.1878526418548834,0.5639392187385652,0.13677096207998637,0.2437460967357917,1.4994570646291492,4.138165536330586,1.043737825007299,0.20099757294126852,1.2194089736837364,1.6268138736409883,0.11168785119587098,,COMPLETE
281,0.324024291649368,2026-04-12 23:38:39.950669,2026-04-12 23:38:42.900821,0 days 00:00:02.950152,0.1133163732924704,0.20308719867718705,3.679785793305339,0.14206278428926208,0.8353887867372282,0.20701038425773632,0.16039925314834397,2.476839719411746,0.9864563987844759,4.669140770362846,0.13499598022377088,1.7026039543322236,0.12005473420719036,0.9663950359976138,0.1722263542788292,4.201178063344724,0.5514613540319994,0.4776631599650696,2.554580560524518,0.40192677326204285,0.1867421314575839,0.3278286317368033,1.0920700444375722,2.4132358847171145,1.7106555022753833,0.25311985109792295,1.0361603089807718,1.7336217671260652,0.10004205637931073,,COMPLETE
282,0.3297372289897256,2026-04-12 23:38:42.901563,2026-04-12 23:38:45.548966,0 days 00:00:02.647403,0.1071144786259671,0.16783036525681086,0.6840230105688212,0.10030374465525868,0.7377164819354388,0.1703082193612176,0.17923555739633912,3.298804178071605,0.8111635871973459,3.817352779067999,0.10779386099976124,1.9026539933520563,0.17460487452420548,1.1182405073984034,0.15411655698660437,3.681191426746197,0.8218915885460634,0.7821536396259063,2.8360308886387724,0.4284343011032715,0.16742650140477405,0.25599954019133064,1.2600118691051607,3.5148056407812116,1.8661792818520442,0.21211867111168925,1.1335117985194612,1.8608095579861548,0.12626782828583238,,COMPLETE
283,0.3258210295728322,2026-04-12 23:38:45.549936,2026-04-12 23:38:48.265694,0 days 00:00:02.715758,0.10640846175833725,0.1575691994568285,0.6893108628456704,0.12671632376236855,0.7560818508199437,0.16728864169089577,0.1860858565351064,3.452178292822897,0.810217125647832,3.528986420980533,0.10785200776281031,1.8702261240282787,0.17851868107386643,1.2028244561591421,0.15908699792405753,3.608704988992043,0.8087757283271579,0.7956111696109267,2.7770111320448034,0.34765766243249513,0.1666877714316056,0.24619837380117207,1.2555936161698509,3.3683803993008965,1.8595084315761445,0.21834875815436797,0.9830940811982892,1.903115691097503,0.13913770520270954,,COMPLETE
284,0.30856388525109446,2026-04-12 23:38:48.266440,2026-04-12 23:38:50.873187,0 days 00:00:02.606747,0.3256641992443023,0.17799987443474893,0.740592219535551,1.1516437746543267,0.7066982740461001,4.840846901389019,0.17809085313564288,3.974489730361138,0.7192843367859784,3.777323583827024,0.10679690746874806,2.318735922454808,0.1726459884119926,1.1136068074067973,0.3370140962272775,3.2192269516816125,0.879939117251966,0.7547336078272164,2.4309752534918307,0.4323656814978781,0.24490723070653964,0.19816874700034226,1.4300757586866792,3.845592033679772,1.9114936259779094,0.23511454118953512,1.2990932919107967,1.494677832049505,0.1284290560232638,,COMPLETE
285,0.33326874348130703,2026-04-12 23:38:50.873925,2026-04-12 23:38:53.760464,0 days 00:00:02.886539,0.12358868735404853,0.16437715661071062,0.9373126083477923,0.11354110349247891,0.906737501754589,0.1733326077323085,0.21090186647575637,3.1212101482774064,0.8123828028540951,4.888911555105191,0.11638307617011572,2.124930423877461,0.14473095113698387,1.2910124310013307,0.15322221987187762,3.733900257670039,1.010427855569288,0.6682181490338976,3.2729027194448648,0.48688389464640797,0.20329716035335246,0.26477375174671997,1.8368550277578768,3.6078317722152398,0.9592040480033958,0.20636139624577546,1.1405718139872687,1.601912533168511,0.1254592829120916,,COMPLETE
286,0.32324935052595566,2026-04-12 23:38:53.762042,2026-04-12 23:38:57.422433,0 days 00:00:03.660391,0.12036643610600001,0.16570858937480185,0.9893960695866348,0.11190125656455356,0.7914484002094772,0.16981421600150504,0.20612536685417937,3.2510887186888042,0.8808510846484816,4.765442644781519,0.1135572264002559,2.062087198373021,3.5517440274063152,1.2633145845222493,0.14734148606305222,3.7496047515125923,1.0051550817152242,0.648006180005454,3.124922998517624,0.48786114334763225,0.19612092000261697,0.22270079835906736,0.954058884651148,3.6032954670789965,0.8523652323048474,0.19302212613066475,1.124197756328558,1.5856825329464592,0.14332779299724113,,COMPLETE
287,0.3205487474472166,2026-04-12 23:38:57.423192,2026-04-12 23:39:00.113936,0 days 00:00:02.690744,0.1013150317858243,0.15762747648795042,1.0913393109144336,0.10115113403194248,0.8927686887645552,0.1480516787609775,0.20637136223802877,3.090188655360274,0.8054243076905844,4.715100111483615,0.14188363072542098,2.5907667266471717,0.1643446591650369,1.3401747262100838,0.15062879465683396,4.022748546309825,1.124175222682221,0.5812638224380999,3.3634522401876996,0.529057731734016,0.20911221000682642,0.317788143701752,2.1312906844155646,3.021470607802531,0.9299044422658714,0.2057921011189322,1.062153082372127,1.4347257877836803,0.6323773848699411,,COMPLETE
288,0.2947470288783684,2026-04-12 23:39:00.114667,2026-04-12 23:39:02.922822,0 days 00:00:02.808155,0.14296480956442684,0.19550543802109455,0.9164760339218972,0.6297838274074176,0.8517737277187729,0.15575963796758063,2.923121757653386,3.712350398062534,0.886058843612529,0.4352869769659099,0.12672278438685816,1.920740191945139,0.14781436805777148,1.2359226290210927,0.20455545889089943,3.63356278056576,1.2419846134201158,0.7099091179529905,3.5671539154294183,0.4770494211855827,0.15566919520088235,0.2879660188725797,0.5359425723646745,1.8659595187597793,0.971786105124897,2.0274311074523736,1.138886864081475,1.6597810677119853,0.1281086874190083,,COMPLETE
289,0.31355920378462854,2026-04-12 23:39:02.928557,2026-04-12 23:39:05.653239,0 days 00:00:02.724682,0.11095464370159648,0.2221944097832285,0.6145801645962146,0.5147461649910594,0.7420867501534562,0.17700332798891383,0.19100202011631595,3.692956099975296,0.938723193833549,4.9912534205702626,0.10922042167966249,2.1969159515317647,4.356763079684407,1.4284986752387092,0.15743396776013502,4.356963332387656,0.9437521106566439,0.5206682715822833,3.7588534358669525,0.5876801803790591,0.1443085872211928,0.2561345025911321,1.7399999437026465,3.3658086923018886,1.6744669024964582,0.18786000870092817,1.25341401701711,1.295574974413615,4.412985948755096,,COMPLETE
290,0.3138921593123446,2026-04-12 23:39:05.653977,2026-04-12 23:39:08.657757,0 days 00:00:03.003780,0.12230681682630119,0.20856440863739792,0.84029065077757,0.10021162977027129,0.9539747224234134,0.21332661919536225,1.2097642143607643,3.400557627148574,0.7883674781643428,4.617324870508043,0.18119724153493508,2.0548890846361094,0.15615533672598697,1.1155079625477817,0.1867220272126296,3.9889995560583555,0.358704058291796,0.6953153713223845,3.319391732495562,0.5329544475653031,0.2249055243600242,0.2996641016664719,1.8362225932835634,4.304399386257579,1.5722354245655477,0.20956673448584862,1.3832920126263004,1.7733030970993882,0.15611512260892751,,COMPLETE
291,0.3233281902163069,2026-04-12 23:39:08.659647,2026-04-12 23:39:12.292298,0 days 00:00:03.632651,0.10013511691665193,0.19188206804838112,0.6652100990645922,0.11552713128028554,0.6602347412793003,0.16227028428688348,2.136105416784803,2.6205484734000697,1.025588653612349,4.506423696798897,0.13583703955682813,1.7834185718154845,0.14165435493486597,1.0900041097368665,0.24874937337384984,4.542070250801162,0.8189602778833401,0.6659982847672227,3.0010866740362627,0.45066043552833956,0.1882993589768142,0.35354920717828536,1.3089466897669126,2.8718483536870303,1.1234284177953255,0.24830766984613353,1.0345801090530609,1.5539390399300637,0.13633486892039473,,COMPLETE
292,0.33333917721668344,2026-04-12 23:39:12.293874,2026-04-12 23:39:15.402565,0 days 00:00:03.108691,0.11290925312385991,0.22343202048575725,0.6014806518660679,0.12086861552533862,0.8831617491081815,0.18825443092893882,0.17181897590053236,2.940680107305673,0.8455174924323574,4.951506904469331,0.15950383047452477,2.384689701951353,0.18685535668520478,1.1840498358749685,0.2091364042028796,3.4957309933723635,1.013420908625525,0.5726651049058494,3.487268700801381,0.8118602194300777,0.17496072784515923,0.3285950700665152,1.0645166285774839,3.2883948664232725,1.1912115085955446,0.19427923135974717,1.1895692813510998,1.840042866439687,0.12290468704970806,,COMPLETE
293,0.32910607101698214,2026-04-12 23:39:15.403559,2026-04-12 23:39:17.966682,0 days 00:00:02.563123,2.497724722631214,0.21430217226205567,0.5652088522160281,0.11054745062699382,0.8265897371551629,0.23317327020255865,0.17155896447994853,3.0175790351241663,0.8537656738033863,4.999841844165573,0.16649659813246293,2.384188769749428,0.19512531683205694,1.2787770543000698,0.1775723384985973,3.4657989182444537,1.016248297164922,0.6083564870469154,2.8546852321805254,0.8240690260130877,0.36703723850624914,0.2884614129728132,0.6381471697310659,3.5473605219466737,1.2206948553343693,0.21100420822884242,1.105413734572915,1.8458866002567373,0.1210940254016856,,COMPLETE
294,0.3369884064182392,2026-04-12 23:39:17.967583,2026-04-12 23:39:20.774099,0 days 00:00:02.806516,0.13430994436285526,0.22786779914639038,0.5835094072965396,0.12210239627495179,0.934444276604435,0.19851620604076345,0.1761688547691238,3.4454490968823572,0.584736515728214,4.977627177405292,0.19193311577935745,2.8881213320681067,0.17756359337458882,1.0457282421234408,0.20972534116671024,3.695559993934773,1.064405832205789,0.5972520810111195,3.13520593345868,0.7919746816685047,0.20841039837272107,0.37129166103706107,1.0487733721605408,3.105185858992537,1.8622853314412164,0.1863797276498647,1.1700546496670716,1.9848850827282056,0.11773608697360678,,COMPLETE
295,0.3297075274312513,2026-04-12 23:39:20.774853,2026-04-12 23:39:23.731244,0 days 00:00:02.956391,0.11484674494475294,0.23231523179186717,2.265482507887227,0.11392354782212125,0.9000442718119093,0.19150011394788685,0.1838566141990462,3.324686969940368,0.4686739934021046,4.5930489334250435,0.19489457209559422,3.020449413100765,0.1768109670323973,1.019477818265061,0.22398179224203163,3.7750559521915106,1.0911482414308873,0.5547575500799969,3.8972687507517456,0.8076323586731562,0.21086808532321746,0.3869706578722608,1.0039265319155521,3.376389694718662,1.7712045222575754,0.19027486630348087,0.940495643762184,1.8911307992274597,0.1228032002717896,,COMPLETE
296,0.3284994743457951,2026-04-12 23:39:23.732074,2026-04-12 23:39:26.597188,0 days 00:00:02.865114,0.12320154816496037,0.22175705334894133,0.5099813694917341,0.1057073720795557,0.9576165124338524,0.19079619079863588,0.21816040339132398,1.6709695437015775,1.536488714471924,4.52880090972755,0.17887222237977066,3.292337480572094,0.18676870384213848,0.8324015234898859,0.21317918841213676,3.483987004236947,1.164779943726012,0.643200084026307,2.5625636929235975,0.7849661988759176,0.21806668061680232,0.40270921606815546,1.103372942958568,3.985440603406572,1.9432169112693127,0.18579479402171067,1.1604450779488136,1.9848349961656502,0.11943335217011557,,COMPLETE
297,0.32626103418410857,2026-04-12 23:39:26.601698,2026-04-12 23:39:29.570347,0 days 00:00:02.968649,0.14328084752856807,0.24801195711772267,0.5474724545056596,0.11989786448990838,0.9685804903505028,0.17310533013783147,0.19490459483594547,3.5747515391276297,0.6559398909172511,4.989706529850067,0.15796923302249435,2.50108532266828,0.20812934553255616,2.8496102161868424,0.19950562242755726,3.991455660486601,0.9806809137119225,0.5813879321347301,3.332039784962595,0.7708945726667122,0.11916850707837441,0.35497913560006056,0.9087158688272612,3.9883830080560023,1.6048543473363497,0.2063776746856954,1.0467789793873867,1.7344923509662136,0.12796656301385811,,COMPLETE
298,0.302392165708111,2026-04-12 23:39:29.571067,2026-04-12 23:39:32.318557,0 days 00:00:02.747490,0.11282802066431226,0.22640606026485344,0.5993768172686768,0.10000763756075713,0.1471430644192179,0.14229047733407363,0.1688145779584431,4.141017716763814,1.0967624116215051,4.323139926324496,0.16044277243520227,2.2437343319238137,0.1865589494490809,1.042714093330459,0.2046543162483572,4.168625560290348,0.9319033908038823,0.7264726476639919,2.8952591791982587,0.6157902352692424,0.2341325334987476,0.331955994124192,1.0377851564258616,3.1855045622807374,1.812375263321788,0.18398407702972447,1.1662473011350338,2.0100690713004954,0.11429300645025552,,COMPLETE
299,0.3339396575278549,2026-04-12 23:39:32.319447,2026-04-12 23:39:35.165884,0 days 00:00:02.846437,0.13356741211425133,0.25249527383937725,0.517370809826856,0.11270597683484906,0.9016475221016247,0.20257334390693765,0.16269753955521607,3.8466609290880145,0.5981050760135623,4.990425161714776,0.15275754870901384,1.311102070542247,0.17038118750622044,0.9123632780574397,0.19224562167879344,3.7279202460086176,1.0494916128859824,1.0311548526091565,3.614525154602526,0.8262969767001882,0.29722542442695504,0.35817898868166004,1.196427305839926,3.174392862269576,1.3350373017118813,0.2000882276193018,1.2283821095785394,1.8157329719587734,0.14311708090244454,,COMPLETE
